experiment,param_name,param_value,algorithm,base_clean_size,n,r_size,r_prime_size,seed,rep,conflict_ratio,fd_count,requested_fd_count,actual_nontrivial_fd_count,candidate_key_width,block_distribution,zipf_alpha,deleted_count,active_block_count,mean_deleted_block_size,max_deleted_block_size,raw_fd_index_count,bcnf_index_count,compression_ratio,index_count,validation_time_sec,build_time_sec,check_time_sec,total_time_sec,python_peak_mb,rss_peak_mb,result,candidate_consistent,code_version
A_conflict_ratio,conflict_ratio,0.01,FD-Hash,1000000,1010000,1010000,1000000,1,0,0.01,4,4,4,1,uniform,,10000,1000,10.0,10,4,1,0.75,4,0.36524879999342375,21.02246129998821,0.4214028999849688,21.809176400012802,597.8469104766846,428.90234375,True,True,68869e6
A_conflict_ratio,conflict_ratio,0.01,FD-Hash,1000000,1010000,1010000,1000000,1,1,0.01,4,4,4,1,uniform,,10000,1000,10.0,10,4,1,0.75,4,0.31973620000644587,19.958359999989625,0.43515779997687787,20.713296400004765,597.1002502441406,432.46875,True,True,68869e6
A_conflict_ratio,conflict_ratio,0.01,FD-Hash,1000000,1010000,1010000,1000000,1,2,0.01,4,4,4,1,uniform,,10000,1000,10.0,10,4,1,0.75,4,0.4028933999943547,20.344103000010364,0.5226898999826517,21.269744899997022,597.1001892089844,433.90625,True,True,68869e6
A_conflict_ratio,conflict_ratio,0.01,FD-Hash,1000000,1010000,1010000,1000000,1,3,0.01,4,4,4,1,uniform,,10000,1000,10.0,10,4,1,0.75,4,0.30740449999575503,20.098429400008172,0.4357797999982722,20.841663700004574,597.1003112792969,437.1328125,True,True,68869e6
A_conflict_ratio,conflict_ratio,0.01,FD-Hash,1000000,1010000,1010000,1000000,1,4,0.01,4,4,4,1,uniform,,10000,1000,10.0,10,4,1,0.75,4,0.29032059997553006,19.246933099988382,0.38067100002081133,19.91797119998955,597.1001892089844,437.26171875,True,True,68869e6
A_conflict_ratio,conflict_ratio,0.01,BCNF-Index,1000000,1010000,1010000,1000000,1,0,0.01,4,4,4,1,uniform,,10000,1000,10.0,10,4,1,0.75,1,0.28191960000549443,2.5059623999986798,0.284551199991256,3.072458100010408,133.77749633789062,437.65625,True,True,68869e6
A_conflict_ratio,conflict_ratio,0.01,BCNF-Index,1000000,1010000,1010000,1000000,1,1,0.01,4,4,4,1,uniform,,10000,1000,10.0,10,4,1,0.75,1,0.29737630000454374,2.4863592000037897,0.3597699999809265,3.143519999983255,133.77752685546875,438.61328125,True,True,68869e6
A_conflict_ratio,conflict_ratio,0.01,BCNF-Index,1000000,1010000,1010000,1000000,1,2,0.01,4,4,4,1,uniform,,10000,1000,10.0,10,4,1,0.75,1,0.28583109998726286,2.529100499988999,0.3319645000156015,3.1469049000006635,133.77751922607422,437.61328125,True,True,68869e6
A_conflict_ratio,conflict_ratio,0.01,BCNF-Index,1000000,1010000,1010000,1000000,1,3,0.01,4,4,4,1,uniform,,10000,1000,10.0,10,4,1,0.75,1,0.38068529998417944,2.800927000003867,0.3013271000236273,3.4829488999966998,133.77740478515625,438.4140625,True,True,68869e6
A_conflict_ratio,conflict_ratio,0.01,BCNF-Index,1000000,1010000,1010000,1000000,1,4,0.01,4,4,4,1,uniform,,10000,1000,10.0,10,4,1,0.75,1,0.3053019999933895,2.5364798000082374,0.3183424000162631,3.16013259999454,133.77739715576172,439.4140625,True,True,68869e6
A_conflict_ratio,conflict_ratio,0.01,FD-Hash,1000000,1010000,1010000,1000000,2,0,0.01,4,4,4,1,uniform,,10000,1000,10.0,10,4,1,0.75,4,0.2631624999921769,19.40059969999129,0.3482915999775287,20.01209380000364,597.1004333496094,436.12890625,True,True,68869e6
A_conflict_ratio,conflict_ratio,0.01,FD-Hash,1000000,1010000,1010000,1000000,2,1,0.01,4,4,4,1,uniform,,10000,1000,10.0,10,4,1,0.75,4,0.26118440000573173,19.329222400003346,0.42286109999986365,20.013309800007846,597.1001892089844,439.12109375,True,True,68869e6
A_conflict_ratio,conflict_ratio,0.01,FD-Hash,1000000,1010000,1010000,1000000,2,2,0.01,4,4,4,1,uniform,,10000,1000,10.0,10,4,1,0.75,4,0.2685391000122763,19.36868260000483,0.41574309999123216,20.05300559999887,597.1003112792969,441.4921875,True,True,68869e6
A_conflict_ratio,conflict_ratio,0.01,FD-Hash,1000000,1010000,1010000,1000000,2,3,0.01,4,4,4,1,uniform,,10000,1000,10.0,10,4,1,0.75,4,0.3143368000164628,19.18068439999479,0.36795890002395026,19.863023500016425,597.1002502441406,442.11328125,True,True,68869e6
A_conflict_ratio,conflict_ratio,0.01,FD-Hash,1000000,1010000,1010000,1000000,2,4,0.01,4,4,4,1,uniform,,10000,1000,10.0,10,4,1,0.75,4,0.2993265999830328,21.01535289999447,0.3812243000138551,21.69594619999407,597.1003112792969,444.63671875,True,True,68869e6
A_conflict_ratio,conflict_ratio,0.01,BCNF-Index,1000000,1010000,1010000,1000000,2,0,0.01,4,4,4,1,uniform,,10000,1000,10.0,10,4,1,0.75,1,0.29234879999421537,2.576551100006327,0.3028938999923412,3.1718117999844253,133.7774200439453,445.265625,True,True,68869e6
A_conflict_ratio,conflict_ratio,0.01,BCNF-Index,1000000,1010000,1010000,1000000,2,1,0.01,4,4,4,1,uniform,,10000,1000,10.0,10,4,1,0.75,1,0.33040919998893514,2.6265278000209946,0.36003660000278614,3.316982899996219,133.7773666381836,446.2578125,True,True,68869e6
A_conflict_ratio,conflict_ratio,0.01,BCNF-Index,1000000,1010000,1010000,1000000,2,2,0.01,4,4,4,1,uniform,,10000,1000,10.0,10,4,1,0.75,1,0.3268564000027254,2.815202199999476,0.30406910000601783,3.4461374999955297,133.77735900878906,523.91015625,True,True,68869e6
A_conflict_ratio,conflict_ratio,0.01,BCNF-Index,1000000,1010000,1010000,1000000,2,3,0.01,4,4,4,1,uniform,,10000,1000,10.0,10,4,1,0.75,1,0.29140049999114126,2.7159204999916255,0.36213610001141205,3.36946899999748,133.77745819091797,524.28125,True,True,68869e6
A_conflict_ratio,conflict_ratio,0.01,BCNF-Index,1000000,1010000,1010000,1000000,2,4,0.01,4,4,4,1,uniform,,10000,1000,10.0,10,4,1,0.75,1,0.3238382999843452,2.5495820000069216,0.3273615000071004,3.200791000010213,133.77745056152344,523.28515625,True,True,68869e6
A_conflict_ratio,conflict_ratio,0.01,FD-Hash,1000000,1010000,1010000,1000000,3,0,0.01,4,4,4,1,uniform,,10000,1000,10.0,10,4,1,0.75,4,0.275374400021974,20.81828820001101,0.3920827000110876,21.485785700002452,597.1004333496094,454.62890625,True,True,68869e6
A_conflict_ratio,conflict_ratio,0.01,FD-Hash,1000000,1010000,1010000,1000000,3,1,0.01,4,4,4,1,uniform,,10000,1000,10.0,10,4,1,0.75,4,0.29169830001774244,19.92681239999365,0.4308898000163026,20.64943900000071,597.1003112792969,451.26171875,True,True,68869e6
A_conflict_ratio,conflict_ratio,0.01,FD-Hash,1000000,1010000,1010000,1000000,3,2,0.01,4,4,4,1,uniform,,10000,1000,10.0,10,4,1,0.75,4,0.36753249997855164,19.453416600008495,0.3538362999970559,20.174832399992738,597.1002502441406,650.63671875,True,True,68869e6
A_conflict_ratio,conflict_ratio,0.01,FD-Hash,1000000,1010000,1010000,1000000,3,3,0.01,4,4,4,1,uniform,,10000,1000,10.0,10,4,1,0.75,4,0.2682212999789044,19.750725299993064,0.43959069999982603,20.458577699988382,597.1003112792969,649.63671875,True,True,68869e6
A_conflict_ratio,conflict_ratio,0.01,FD-Hash,1000000,1010000,1010000,1000000,3,4,0.01,4,4,4,1,uniform,,10000,1000,10.0,10,4,1,0.75,4,0.2988707000040449,20.159007400012342,0.39845259999856353,20.856375000003027,597.1002502441406,646.234375,True,True,68869e6
A_conflict_ratio,conflict_ratio,0.01,BCNF-Index,1000000,1010000,1010000,1000000,3,0,0.01,4,4,4,1,uniform,,10000,1000,10.0,10,4,1,0.75,1,0.2624422000080813,2.4998497999913525,0.35824020000291057,3.120548200007761,133.77748107910156,646.078125,True,True,68869e6
A_conflict_ratio,conflict_ratio,0.01,BCNF-Index,1000000,1010000,1010000,1000000,3,1,0.01,4,4,4,1,uniform,,10000,1000,10.0,10,4,1,0.75,1,0.2639472000009846,2.4940785000217147,0.2824970000074245,3.0405333999951836,133.7774887084961,647.0859375,True,True,68869e6
A_conflict_ratio,conflict_ratio,0.01,BCNF-Index,1000000,1010000,1010000,1000000,3,2,0.01,4,4,4,1,uniform,,10000,1000,10.0,10,4,1,0.75,1,0.26986160001251847,2.484986299998127,0.2854955999937374,3.04035280001699,133.77730560302734,647.08984375,True,True,68869e6
A_conflict_ratio,conflict_ratio,0.01,BCNF-Index,1000000,1010000,1010000,1000000,3,3,0.01,4,4,4,1,uniform,,10000,1000,10.0,10,4,1,0.75,1,0.26927449999493547,2.43031290001818,0.2850375999987591,2.984633299987763,133.7772979736328,648.0859375,True,True,68869e6
A_conflict_ratio,conflict_ratio,0.01,BCNF-Index,1000000,1010000,1010000,1000000,3,4,0.01,4,4,4,1,uniform,,10000,1000,10.0,10,4,1,0.75,1,0.2688315999985207,2.479597699973965,0.2754737999930512,3.0239133999857586,133.77729034423828,649.0859375,True,True,68869e6
A_conflict_ratio,conflict_ratio,0.01,FD-Hash,1000000,1010000,1010000,1000000,4,0,0.01,4,4,4,1,uniform,,10000,1000,10.0,10,4,1,0.75,4,0.2958502999972552,19.206187900010264,0.34827190000214614,19.850348800013307,597.1004333496094,636.40234375,True,True,68869e6
A_conflict_ratio,conflict_ratio,0.01,FD-Hash,1000000,1010000,1010000,1000000,4,1,0.01,4,4,4,1,uniform,,10000,1000,10.0,10,4,1,0.75,4,0.26464730000589043,18.793590600020252,0.3495661999913864,19.407843799999682,597.1002502441406,661.14453125,True,True,68869e6
A_conflict_ratio,conflict_ratio,0.01,FD-Hash,1000000,1010000,1010000,1000000,4,2,0.01,4,4,4,1,uniform,,10000,1000,10.0,10,4,1,0.75,4,0.2688287000055425,19.25857940001879,0.4452958000183571,19.972744600003352,597.1003112792969,661.14453125,True,True,68869e6
A_conflict_ratio,conflict_ratio,0.01,FD-Hash,1000000,1010000,1010000,1000000,4,3,0.01,4,4,4,1,uniform,,10000,1000,10.0,10,4,1,0.75,4,0.26970710000023246,19.190262500022072,0.4404285000055097,19.900439100019867,597.1002502441406,666.35546875,True,True,68869e6
A_conflict_ratio,conflict_ratio,0.01,FD-Hash,1000000,1010000,1010000,1000000,4,4,0.01,4,4,4,1,uniform,,10000,1000,10.0,10,4,1,0.75,4,0.3103065000032075,19.316637800016906,0.3721633999957703,19.999153999990085,597.1003112792969,666.35546875,True,True,68869e6
A_conflict_ratio,conflict_ratio,0.01,BCNF-Index,1000000,1010000,1010000,1000000,4,0,0.01,4,4,4,1,uniform,,10000,1000,10.0,10,4,1,0.75,1,0.2746355000126641,2.426472500024829,0.28894230001606047,2.990066200000001,133.7773208618164,535.5078125,True,True,68869e6
A_conflict_ratio,conflict_ratio,0.01,BCNF-Index,1000000,1010000,1010000,1000000,4,1,0.01,4,4,4,1,uniform,,10000,1000,10.0,10,4,1,0.75,1,0.2714088000066113,2.4491407000168692,0.3083912000001874,3.02895060001174,133.7772674560547,535.5078125,True,True,68869e6
A_conflict_ratio,conflict_ratio,0.01,BCNF-Index,1000000,1010000,1010000,1000000,4,2,0.01,4,4,4,1,uniform,,10000,1000,10.0,10,4,1,0.75,1,0.32776029998785816,2.6060783000139054,0.3162247000145726,3.250079099991126,133.7773666381836,536.47265625,True,True,68869e6
A_conflict_ratio,conflict_ratio,0.01,BCNF-Index,1000000,1010000,1010000,1000000,4,3,0.01,4,4,4,1,uniform,,10000,1000,10.0,10,4,1,0.75,1,0.3263952999841422,2.4295622000063304,0.3109348999860231,3.06690219999291,133.7773666381836,536.4921875,True,True,68869e6
A_conflict_ratio,conflict_ratio,0.01,BCNF-Index,1000000,1010000,1010000,1000000,4,4,0.01,4,4,4,1,uniform,,10000,1000,10.0,10,4,1,0.75,1,0.2631820999959018,2.4711888000019826,0.2787649999954738,3.0131453999783844,133.77725982666016,536.69140625,True,True,68869e6
A_conflict_ratio,conflict_ratio,0.01,FD-Hash,1000000,1010000,1010000,1000000,5,0,0.01,4,4,4,1,uniform,,10000,1000,10.0,10,4,1,0.75,4,0.301838300016243,19.76762939998298,0.48864809999940917,20.558162500004983,597.1004333496094,667.62890625,True,True,68869e6
A_conflict_ratio,conflict_ratio,0.01,FD-Hash,1000000,1010000,1010000,1000000,5,1,0.01,4,4,4,1,uniform,,10000,1000,10.0,10,4,1,0.75,4,0.2733216999913566,19.32966590000433,0.379891199991107,19.98291719998815,597.1003112792969,679.0859375,True,True,68869e6
A_conflict_ratio,conflict_ratio,0.01,FD-Hash,1000000,1010000,1010000,1000000,5,2,0.01,4,4,4,1,uniform,,10000,1000,10.0,10,4,1,0.75,4,0.26306019999901764,19.652944799978286,0.3425083000038285,20.2585552999808,597.1002502441406,693.33984375,True,True,68869e6
A_conflict_ratio,conflict_ratio,0.01,FD-Hash,1000000,1010000,1010000,1000000,5,3,0.01,4,4,4,1,uniform,,10000,1000,10.0,10,4,1,0.75,4,0.252808700024616,18.79906220000703,0.3476985000015702,19.39960860001156,597.1001892089844,695.08984375,True,True,68869e6
A_conflict_ratio,conflict_ratio,0.01,FD-Hash,1000000,1010000,1010000,1000000,5,4,0.01,4,4,4,1,uniform,,10000,1000,10.0,10,4,1,0.75,4,0.262129399983678,18.95546739999554,0.36700879997806624,19.584645099996123,597.1002502441406,699.87890625,True,True,68869e6
A_conflict_ratio,conflict_ratio,0.01,BCNF-Index,1000000,1010000,1010000,1000000,5,0,0.01,4,4,4,1,uniform,,10000,1000,10.0,10,4,1,0.75,1,0.29221950002829544,2.4184574999962933,0.2839797000051476,2.994671799999196,133.77730560302734,700.859375,True,True,68869e6
A_conflict_ratio,conflict_ratio,0.01,BCNF-Index,1000000,1010000,1010000,1000000,5,1,0.01,4,4,4,1,uniform,,10000,1000,10.0,10,4,1,0.75,1,0.2902419999882113,2.405307700013509,0.28832260001217946,2.983881799998926,133.77725982666016,701.86328125,True,True,68869e6
A_conflict_ratio,conflict_ratio,0.01,BCNF-Index,1000000,1010000,1010000,1000000,5,2,0.01,4,4,4,1,uniform,,10000,1000,10.0,10,4,1,0.75,1,0.2666304000013042,2.446202099992661,0.2875822999922093,3.0004239000263624,133.77725982666016,702.859375,True,True,68869e6
A_conflict_ratio,conflict_ratio,0.01,BCNF-Index,1000000,1010000,1010000,1000000,5,3,0.01,4,4,4,1,uniform,,10000,1000,10.0,10,4,1,0.75,1,0.26280060000135563,2.4398944999848027,0.30033490000641905,3.0030382000259124,133.77725982666016,702.859375,True,True,68869e6
A_conflict_ratio,conflict_ratio,0.01,BCNF-Index,1000000,1010000,1010000,1000000,5,4,0.01,4,4,4,1,uniform,,10000,1000,10.0,10,4,1,0.75,1,0.2716923000116367,2.434936600009678,0.3143554000125732,3.0209942999936175,133.7773666381836,701.38671875,True,True,68869e6
A_conflict_ratio,conflict_ratio,0.05,FD-Hash,1000000,1050000,1050000,1000000,1,0,0.05,4,4,4,1,uniform,,50000,5000,10.0,10,4,1,0.75,4,0.27064919998520054,19.916940199997043,0.718859299988253,20.906491800007643,597.1005554199219,700.91015625,True,True,68869e6
A_conflict_ratio,conflict_ratio,0.05,FD-Hash,1000000,1050000,1050000,1000000,1,1,0.05,4,4,4,1,uniform,,50000,5000,10.0,10,4,1,0.75,4,0.2917169999855105,20.586946799972793,0.7791107000084594,21.657822200009832,597.1002502441406,705.3359375,True,True,68869e6
A_conflict_ratio,conflict_ratio,0.05,FD-Hash,1000000,1050000,1050000,1000000,1,2,0.05,4,4,4,1,uniform,,50000,5000,10.0,10,4,1,0.75,4,0.2928068000182975,20.34067789997789,1.067234499991173,21.700766299996758,597.1003112792969,709.5703125,True,True,68869e6
A_conflict_ratio,conflict_ratio,0.05,FD-Hash,1000000,1050000,1050000,1000000,1,3,0.05,4,4,4,1,uniform,,50000,5000,10.0,10,4,1,0.75,4,0.37277000001631677,23.320590999996057,0.8064038000011351,24.499811200017575,597.1002502441406,714.36328125,True,True,68869e6
A_conflict_ratio,conflict_ratio,0.05,FD-Hash,1000000,1050000,1050000,1000000,1,4,0.05,4,4,4,1,uniform,,50000,5000,10.0,10,4,1,0.75,4,0.4184985999891069,21.0023125000007,0.8271634000120685,22.24802900000941,597.1003112792969,724.421875,True,True,68869e6
A_conflict_ratio,conflict_ratio,0.05,BCNF-Index,1000000,1050000,1050000,1000000,1,0,0.05,4,4,4,1,uniform,,50000,5000,10.0,10,4,1,0.75,1,0.34192250002524815,2.8000445000070613,0.5062324999889825,3.6482155000267085,133.77730560302734,725.03515625,True,True,68869e6
A_conflict_ratio,conflict_ratio,0.05,BCNF-Index,1000000,1050000,1050000,1000000,1,1,0.05,4,4,4,1,uniform,,50000,5000,10.0,10,4,1,0.75,1,0.33224150000023656,2.4866728999768384,0.58596789999865,3.404892100021243,133.77725982666016,726.03515625,True,True,68869e6
A_conflict_ratio,conflict_ratio,0.05,BCNF-Index,1000000,1050000,1050000,1000000,1,2,0.05,4,4,4,1,uniform,,50000,5000,10.0,10,4,1,0.75,1,0.3892360999889206,2.930498500005342,0.5690273999935016,3.8887735000171233,133.7773666381836,726.90234375,True,True,68869e6
A_conflict_ratio,conflict_ratio,0.05,BCNF-Index,1000000,1050000,1050000,1000000,1,3,0.05,4,4,4,1,uniform,,50000,5000,10.0,10,4,1,0.75,1,0.2965572999964934,2.6335015000076964,0.5019222999981139,3.431991699995706,133.7773666381836,726.93359375,True,True,68869e6
A_conflict_ratio,conflict_ratio,0.05,BCNF-Index,1000000,1050000,1050000,1000000,1,4,0.05,4,4,4,1,uniform,,50000,5000,10.0,10,4,1,0.75,1,0.33320029999595135,2.715336999972351,0.519157400005497,3.5677036000124644,133.77725982666016,726.93359375,True,True,68869e6
A_conflict_ratio,conflict_ratio,0.05,FD-Hash,1000000,1050000,1050000,1000000,2,0,0.05,4,4,4,1,uniform,,50000,5000,10.0,10,4,1,0.75,4,0.2893655999796465,19.96824079999351,0.841439799987711,21.099089600000298,597.1004333496094,775.55078125,True,True,68869e6
A_conflict_ratio,conflict_ratio,0.05,FD-Hash,1000000,1050000,1050000,1000000,2,1,0.05,4,4,4,1,uniform,,50000,5000,10.0,10,4,1,0.75,4,0.3042274999897927,21.44538150000153,0.8071972000179812,22.55685269998503,597.1003112792969,764.34765625,True,True,68869e6
A_conflict_ratio,conflict_ratio,0.05,FD-Hash,1000000,1050000,1050000,1000000,2,2,0.05,4,4,4,1,uniform,,50000,5000,10.0,10,4,1,0.75,4,0.30847459999495186,21.447275799990166,0.8662231000198517,22.622018499998376,597.1002502441406,783.60546875,True,True,68869e6
A_conflict_ratio,conflict_ratio,0.05,FD-Hash,1000000,1050000,1050000,1000000,2,3,0.05,4,4,4,1,uniform,,50000,5000,10.0,10,4,1,0.75,4,0.35880509999697097,21.637129600014305,0.8083866000233684,22.804362599999877,597.1003112792969,787.84375,True,True,68869e6
A_conflict_ratio,conflict_ratio,0.05,FD-Hash,1000000,1050000,1050000,1000000,2,4,0.05,4,4,4,1,uniform,,50000,5000,10.0,10,4,1,0.75,4,0.34770310000749305,23.596415800013347,1.2030745999945793,25.147240099991905,597.1002502441406,787.84375,True,True,68869e6
A_conflict_ratio,conflict_ratio,0.05,BCNF-Index,1000000,1050000,1050000,1000000,2,0,0.05,4,4,4,1,uniform,,50000,5000,10.0,10,4,1,0.75,1,0.4029680000094231,3.1658233999914955,0.9955046999966726,4.5643181999912485,133.77741241455078,775.7734375,True,True,68869e6
A_conflict_ratio,conflict_ratio,0.05,BCNF-Index,1000000,1050000,1050000,1000000,2,1,0.05,4,4,4,1,uniform,,50000,5000,10.0,10,4,1,0.75,1,0.35046190000139177,4.055650299997069,0.8077142999973148,5.213841700024204,133.77742767333984,773.9375,True,True,68869e6
A_conflict_ratio,conflict_ratio,0.05,BCNF-Index,1000000,1050000,1050000,1000000,2,2,0.05,4,4,4,1,uniform,,50000,5000,10.0,10,4,1,0.75,1,0.4542617999832146,2.855371899990132,0.5762099999992643,3.8858556000050157,133.77725982666016,773.9375,True,True,68869e6
A_conflict_ratio,conflict_ratio,0.05,BCNF-Index,1000000,1050000,1050000,1000000,2,3,0.05,4,4,4,1,uniform,,50000,5000,10.0,10,4,1,0.75,1,0.326939599995967,2.6826216999907047,0.515955099981511,3.525525600009132,133.77725982666016,773.9375,True,True,68869e6
A_conflict_ratio,conflict_ratio,0.05,BCNF-Index,1000000,1050000,1050000,1000000,2,4,0.05,4,4,4,1,uniform,,50000,5000,10.0,10,4,1,0.75,1,0.3051625000080094,2.694715499994345,0.5494051999994554,3.5492922000121325,133.77725982666016,773.9375,True,True,68869e6
A_conflict_ratio,conflict_ratio,0.05,FD-Hash,1000000,1050000,1050000,1000000,3,0,0.05,4,4,4,1,uniform,,50000,5000,10.0,10,4,1,0.75,4,0.3629203000164125,22.05803270000615,0.7697897000180092,23.19078299999819,597.1004333496094,723.69921875,True,True,68869e6
A_conflict_ratio,conflict_ratio,0.05,FD-Hash,1000000,1050000,1050000,1000000,3,1,0.05,4,4,4,1,uniform,,50000,5000,10.0,10,4,1,0.75,4,0.3345060999854468,21.934558599983575,0.8351880999980494,23.10429990000557,597.1001892089844,738.546875,True,True,68869e6
A_conflict_ratio,conflict_ratio,0.05,FD-Hash,1000000,1050000,1050000,1000000,3,2,0.05,4,4,4,1,uniform,,50000,5000,10.0,10,4,1,0.75,4,0.3287620000191964,22.00659450000967,0.7863331999978982,23.121732100000372,597.1003112792969,738.546875,True,True,68869e6
A_conflict_ratio,conflict_ratio,0.05,FD-Hash,1000000,1050000,1050000,1000000,3,3,0.05,4,4,4,1,uniform,,50000,5000,10.0,10,4,1,0.75,4,0.3300115000165533,20.78797899998608,0.8723517000034917,21.990388600010192,597.1002502441406,756.9453125,True,True,68869e6
A_conflict_ratio,conflict_ratio,0.05,FD-Hash,1000000,1050000,1050000,1000000,3,4,0.05,4,4,4,1,uniform,,50000,5000,10.0,10,4,1,0.75,4,0.31162429999676533,20.372958199994173,0.8418462999979965,21.52647270000307,597.1003112792969,770.40234375,True,True,68869e6
A_conflict_ratio,conflict_ratio,0.05,BCNF-Index,1000000,1050000,1050000,1000000,3,0,0.05,4,4,4,1,uniform,,50000,5000,10.0,10,4,1,0.75,1,0.35174059998826124,2.616065799986245,0.5200428999960423,3.4878659999812953,133.77730560302734,771.2109375,True,True,68869e6
A_conflict_ratio,conflict_ratio,0.05,BCNF-Index,1000000,1050000,1050000,1000000,3,1,0.05,4,4,4,1,uniform,,50000,5000,10.0,10,4,1,0.75,1,0.31727340002544224,2.6636152999999467,0.5691096999798901,3.5500086000247393,133.77725982666016,772.2109375,True,True,68869e6
A_conflict_ratio,conflict_ratio,0.05,BCNF-Index,1000000,1050000,1050000,1000000,3,2,0.05,4,4,4,1,uniform,,50000,5000,10.0,10,4,1,0.75,1,0.31921539999893866,2.7091025999980047,0.5374572000000626,3.565784700011136,133.77725982666016,773.2109375,True,True,68869e6
A_conflict_ratio,conflict_ratio,0.05,BCNF-Index,1000000,1050000,1050000,1000000,3,3,0.05,4,4,4,1,uniform,,50000,5000,10.0,10,4,1,0.75,1,0.35516080001252703,2.7070670000102837,0.659891899995273,3.7221313000191003,133.7773666381836,773.2109375,True,True,68869e6
A_conflict_ratio,conflict_ratio,0.05,BCNF-Index,1000000,1050000,1050000,1000000,3,4,0.05,4,4,4,1,uniform,,50000,5000,10.0,10,4,1,0.75,1,0.33102089999010786,2.73389830000815,0.5697075999923982,3.634638999996241,133.7773666381836,773.1484375,True,True,68869e6
A_conflict_ratio,conflict_ratio,0.05,FD-Hash,1000000,1050000,1050000,1000000,4,0,0.05,4,4,4,1,uniform,,50000,5000,10.0,10,4,1,0.75,4,0.34337809999124147,20.184649299975717,0.7912291000247933,21.319301999988966,597.1004333496094,821.0,True,True,68869e6
A_conflict_ratio,conflict_ratio,0.05,FD-Hash,1000000,1050000,1050000,1000000,4,1,0.05,4,4,4,1,uniform,,50000,5000,10.0,10,4,1,0.75,4,0.3124592999811284,20.216958200006047,0.8207783999969251,21.350234499986982,597.1002502441406,830.3515625,True,True,68869e6
A_conflict_ratio,conflict_ratio,0.05,FD-Hash,1000000,1050000,1050000,1000000,4,2,0.05,4,4,4,1,uniform,,50000,5000,10.0,10,4,1,0.75,4,0.3139044000126887,19.892810499994084,0.7815088000206742,20.988265100022545,597.1001892089844,837.375,True,True,68869e6
A_conflict_ratio,conflict_ratio,0.05,FD-Hash,1000000,1050000,1050000,1000000,4,3,0.05,4,4,4,1,uniform,,50000,5000,10.0,10,4,1,0.75,4,0.30897350001032464,20.222946499998216,0.7918828000256326,21.323842400015565,597.1003112792969,837.375,True,True,68869e6
A_conflict_ratio,conflict_ratio,0.05,FD-Hash,1000000,1050000,1050000,1000000,4,4,0.05,4,4,4,1,uniform,,50000,5000,10.0,10,4,1,0.75,4,0.31668690001242794,20.29393290000735,0.7439944999932777,21.354660100012552,597.1002502441406,835.625,True,True,68869e6
A_conflict_ratio,conflict_ratio,0.05,BCNF-Index,1000000,1050000,1050000,1000000,4,0,0.05,4,4,4,1,uniform,,50000,5000,10.0,10,4,1,0.75,1,0.297125099983532,2.7259609999891836,0.5216424999816809,3.5447472000087146,133.77741241455078,835.625,True,True,68869e6
A_conflict_ratio,conflict_ratio,0.05,BCNF-Index,1000000,1050000,1050000,1000000,4,1,0.05,4,4,4,1,uniform,,50000,5000,10.0,10,4,1,0.75,1,0.3085341999831144,2.397660199989332,0.507547599991085,3.21375209998223,133.77742767333984,834.9609375,True,True,68869e6
A_conflict_ratio,conflict_ratio,0.05,BCNF-Index,1000000,1050000,1050000,1000000,4,2,0.05,4,4,4,1,uniform,,50000,5000,10.0,10,4,1,0.75,1,0.29928420000942424,2.5232760999933816,0.528460500005167,3.3510310999990907,133.77725982666016,834.9609375,True,True,68869e6
A_conflict_ratio,conflict_ratio,0.05,BCNF-Index,1000000,1050000,1050000,1000000,4,3,0.05,4,4,4,1,uniform,,50000,5000,10.0,10,4,1,0.75,1,0.36579789998359047,2.746611699985806,0.5494782000023406,3.6618980999919586,133.77725982666016,834.96484375,True,True,68869e6
A_conflict_ratio,conflict_ratio,0.05,BCNF-Index,1000000,1050000,1050000,1000000,4,4,0.05,4,4,4,1,uniform,,50000,5000,10.0,10,4,1,0.75,1,0.29093750001629815,2.4159467999998014,0.5122814000060316,3.2191740999987815,133.77725982666016,834.96484375,True,True,68869e6
A_conflict_ratio,conflict_ratio,0.05,FD-Hash,1000000,1050000,1050000,1000000,5,0,0.05,4,4,4,1,uniform,,50000,5000,10.0,10,4,1,0.75,4,0.2758959000057075,19.758141400001477,0.8281100000021979,20.86219010001514,597.1004333496094,786.12109375,True,True,68869e6
A_conflict_ratio,conflict_ratio,0.05,FD-Hash,1000000,1050000,1050000,1000000,5,1,0.05,4,4,4,1,uniform,,50000,5000,10.0,10,4,1,0.75,4,0.2812112999963574,19.65283950002049,0.7546627999981865,20.688753099995665,597.1001892089844,800.22265625,True,True,68869e6
A_conflict_ratio,conflict_ratio,0.05,FD-Hash,1000000,1050000,1050000,1000000,5,2,0.05,4,4,4,1,uniform,,50000,5000,10.0,10,4,1,0.75,4,0.3194989000039641,19.969994399987627,0.7611198000086006,21.050654299993766,597.1002502441406,800.22265625,True,True,68869e6
A_conflict_ratio,conflict_ratio,0.05,FD-Hash,1000000,1050000,1050000,1000000,5,3,0.05,4,4,4,1,uniform,,50000,5000,10.0,10,4,1,0.75,4,0.27606740000192076,19.46884990000399,0.7183063000265975,20.463270200008992,597.1001892089844,790.3125,True,True,68869e6
A_conflict_ratio,conflict_ratio,0.05,FD-Hash,1000000,1050000,1050000,1000000,5,4,0.05,4,4,4,1,uniform,,50000,5000,10.0,10,4,1,0.75,4,0.2909432000014931,19.308126999996603,0.7622667999821715,20.361376000015298,597.1003112792969,788.72265625,True,True,68869e6
A_conflict_ratio,conflict_ratio,0.05,BCNF-Index,1000000,1050000,1050000,1000000,5,0,0.05,4,4,4,1,uniform,,50000,5000,10.0,10,4,1,0.75,1,0.39803529999335296,2.4490371999854688,0.4767864000168629,3.3238756000064313,133.77730560302734,556.80078125,True,True,68869e6
A_conflict_ratio,conflict_ratio,0.05,BCNF-Index,1000000,1050000,1050000,1000000,5,1,0.05,4,4,4,1,uniform,,50000,5000,10.0,10,4,1,0.75,1,0.30268550000619143,2.450974800012773,0.5202299999946263,3.273899799998617,133.77725982666016,557.81640625,True,True,68869e6
A_conflict_ratio,conflict_ratio,0.05,BCNF-Index,1000000,1050000,1050000,1000000,5,2,0.05,4,4,4,1,uniform,,50000,5000,10.0,10,4,1,0.75,1,0.33529419999103993,2.566605799976969,0.5001994000049308,3.402109399990877,133.77725982666016,558.81640625,True,True,68869e6
A_conflict_ratio,conflict_ratio,0.05,BCNF-Index,1000000,1050000,1050000,1000000,5,3,0.05,4,4,4,1,uniform,,50000,5000,10.0,10,4,1,0.75,1,0.29058589998749085,2.507225400011521,0.5188588000019081,3.3166812999988906,133.7773666381836,559.765625,True,True,68869e6
A_conflict_ratio,conflict_ratio,0.05,BCNF-Index,1000000,1050000,1050000,1000000,5,4,0.05,4,4,4,1,uniform,,50000,5000,10.0,10,4,1,0.75,1,0.34153629999491386,2.394132100016577,0.5373518999840599,3.2730290000035893,133.7773666381836,558.7734375,True,True,68869e6
A_conflict_ratio,conflict_ratio,0.1,FD-Hash,1000000,1100000,1100000,1000000,1,0,0.1,4,4,4,1,uniform,,100000,10000,10.0,10,4,1,0.75,4,0.2930050000140909,19.717248800006928,1.2399016999988817,21.25020070001483,597.1005554199219,796.4375,True,True,68869e6
A_conflict_ratio,conflict_ratio,0.1,FD-Hash,1000000,1100000,1100000,1000000,1,1,0.1,4,4,4,1,uniform,,100000,10000,10.0,10,4,1,0.75,4,0.3537563999998383,19.330026699986774,1.244817900005728,20.928646599990316,597.1002502441406,799.4375,True,True,68869e6
A_conflict_ratio,conflict_ratio,0.1,FD-Hash,1000000,1100000,1100000,1000000,1,2,0.1,4,4,4,1,uniform,,100000,10000,10.0,10,4,1,0.75,4,0.298757199983811,18.89093279998633,1.1942994999990333,20.384087799990084,597.1001892089844,801.78125,True,True,68869e6
A_conflict_ratio,conflict_ratio,0.1,FD-Hash,1000000,1100000,1100000,1000000,1,3,0.1,4,4,4,1,uniform,,100000,10000,10.0,10,4,1,0.75,4,0.2892342999984976,18.74069549998967,1.1962239000131376,20.2261964000063,597.1002502441406,811.02734375,True,True,68869e6
A_conflict_ratio,conflict_ratio,0.1,FD-Hash,1000000,1100000,1100000,1000000,1,4,0.1,4,4,4,1,uniform,,100000,10000,10.0,10,4,1,0.75,4,0.3913792999810539,19.076643999986118,1.2561931000091136,20.724256499990588,597.1001892089844,810.234375,True,True,68869e6
A_conflict_ratio,conflict_ratio,0.1,BCNF-Index,1000000,1100000,1100000,1000000,1,0,0.1,4,4,4,1,uniform,,100000,10000,10.0,10,4,1,0.75,1,0.2791869000066072,2.401573700015433,0.7288000000116881,3.4095748999970965,133.77730560302734,810.84765625,True,True,68869e6
A_conflict_ratio,conflict_ratio,0.1,BCNF-Index,1000000,1100000,1100000,1000000,1,1,0.1,4,4,4,1,uniform,,100000,10000,10.0,10,4,1,0.75,1,0.2813079000043217,2.502116699994076,0.7480402000073809,3.531474599993089,133.7773666381836,811.8359375,True,True,68869e6
A_conflict_ratio,conflict_ratio,0.1,BCNF-Index,1000000,1100000,1100000,1000000,1,2,0.1,4,4,4,1,uniform,,100000,10000,10.0,10,4,1,0.75,1,0.31733759999042377,2.639423800021177,0.8412940000125673,3.798064999980852,133.7773666381836,810.84375,True,True,68869e6
A_conflict_ratio,conflict_ratio,0.1,BCNF-Index,1000000,1100000,1100000,1000000,1,3,0.1,4,4,4,1,uniform,,100000,10000,10.0,10,4,1,0.75,1,0.31521089997841045,2.58989410000504,0.7890362000034656,3.6941498999949545,133.77725982666016,811.84375,True,True,68869e6
A_conflict_ratio,conflict_ratio,0.1,BCNF-Index,1000000,1100000,1100000,1000000,1,4,0.1,4,4,4,1,uniform,,100000,10000,10.0,10,4,1,0.75,1,0.3286855000187643,2.5204406999982893,0.7319104000052903,3.5810460999782663,133.77725982666016,812.8359375,True,True,68869e6
A_conflict_ratio,conflict_ratio,0.1,FD-Hash,1000000,1100000,1100000,1000000,2,0,0.1,4,4,4,1,uniform,,100000,10000,10.0,10,4,1,0.75,4,0.32133999999496154,19.30810929997824,1.2739811000064947,20.90346989998943,597.1004333496094,908.06640625,True,True,68869e6
A_conflict_ratio,conflict_ratio,0.1,FD-Hash,1000000,1100000,1100000,1000000,2,1,0.1,4,4,4,1,uniform,,100000,10000,10.0,10,4,1,0.75,4,0.285776500008069,19.141960300010396,1.164884300000267,20.592672600003425,597.1003112792969,911.47265625,True,True,68869e6
A_conflict_ratio,conflict_ratio,0.1,FD-Hash,1000000,1100000,1100000,1000000,2,2,0.1,4,4,4,1,uniform,,100000,10000,10.0,10,4,1,0.75,4,0.29524840001249686,19.015069100016262,1.181525399995735,20.49188580000191,597.1002502441406,915.37109375,True,True,68869e6
A_conflict_ratio,conflict_ratio,0.1,FD-Hash,1000000,1100000,1100000,1000000,2,3,0.1,4,4,4,1,uniform,,100000,10000,10.0,10,4,1,0.75,4,0.27386019998812117,19.535212099988712,1.2162782000086736,21.025389099988388,597.1001892089844,917.8203125,True,True,68869e6
A_conflict_ratio,conflict_ratio,0.1,FD-Hash,1000000,1100000,1100000,1000000,2,4,0.1,4,4,4,1,uniform,,100000,10000,10.0,10,4,1,0.75,4,0.303818999993382,19.52871280000545,1.2430722000135574,21.075642999989213,597.1002502441406,922.61328125,True,True,68869e6
A_conflict_ratio,conflict_ratio,0.1,BCNF-Index,1000000,1100000,1100000,1000000,2,0,0.1,4,4,4,1,uniform,,100000,10000,10.0,10,4,1,0.75,1,0.3725544000044465,2.4258287999837194,0.7615695999993477,3.5599700000020675,133.77730560302734,923.26953125,True,True,68869e6
A_conflict_ratio,conflict_ratio,0.1,BCNF-Index,1000000,1100000,1100000,1000000,2,1,0.1,4,4,4,1,uniform,,100000,10000,10.0,10,4,1,0.75,1,0.33246400000643916,2.5250174999819137,0.7990631000138819,3.6565531000087503,133.77725982666016,923.30078125,True,True,68869e6
A_conflict_ratio,conflict_ratio,0.1,BCNF-Index,1000000,1100000,1100000,1000000,2,2,0.1,4,4,4,1,uniform,,100000,10000,10.0,10,4,1,0.75,1,0.33927830000175163,2.498438900016481,0.7521297999774106,3.5898565000097733,133.77725982666016,923.30078125,True,True,68869e6
A_conflict_ratio,conflict_ratio,0.1,BCNF-Index,1000000,1100000,1100000,1000000,2,3,0.1,4,4,4,1,uniform,,100000,10000,10.0,10,4,1,0.75,1,0.3525264000054449,2.429475500015542,0.7709684000001289,3.5529806000122335,133.77725982666016,923.30078125,True,True,68869e6
A_conflict_ratio,conflict_ratio,0.1,BCNF-Index,1000000,1100000,1100000,1000000,2,4,0.1,4,4,4,1,uniform,,100000,10000,10.0,10,4,1,0.75,1,0.308822599996347,2.5458152999926824,0.7941021999868099,3.6487506999983452,133.7773666381836,922.36328125,True,True,68869e6
A_conflict_ratio,conflict_ratio,0.1,FD-Hash,1000000,1100000,1100000,1000000,3,0,0.1,4,4,4,1,uniform,,100000,10000,10.0,10,4,1,0.75,4,0.2831452999962494,18.942091199976858,1.2508986000029836,20.476174900017213,597.1004333496094,830.44921875,True,True,68869e6
A_conflict_ratio,conflict_ratio,0.1,FD-Hash,1000000,1100000,1100000,1000000,3,1,0.1,4,4,4,1,uniform,,100000,10000,10.0,10,4,1,0.75,4,0.27785660000517964,18.717749100003857,1.1567523999838158,20.152396700024838,597.1002502441406,830.44921875,True,True,68869e6
A_conflict_ratio,conflict_ratio,0.1,FD-Hash,1000000,1100000,1100000,1000000,3,2,0.1,4,4,4,1,uniform,,100000,10000,10.0,10,4,1,0.75,4,0.28737309999996796,18.572217000008095,1.1597837999870535,20.019414799986407,597.1003112792969,846.5390625,True,True,68869e6
A_conflict_ratio,conflict_ratio,0.1,FD-Hash,1000000,1100000,1100000,1000000,3,3,0.1,4,4,4,1,uniform,,100000,10000,10.0,10,4,1,0.75,4,0.28253950001089834,18.56040469999425,1.1485348000132944,19.991519200004404,597.1002502441406,845.5390625,True,True,68869e6
A_conflict_ratio,conflict_ratio,0.1,FD-Hash,1000000,1100000,1100000,1000000,3,4,0.1,4,4,4,1,uniform,,100000,10000,10.0,10,4,1,0.75,4,0.27428230000077747,18.74480539999786,1.191269500006456,20.210397499991814,597.1001892089844,832.89453125,True,True,68869e6
A_conflict_ratio,conflict_ratio,0.1,BCNF-Index,1000000,1100000,1100000,1000000,3,0,0.1,4,4,4,1,uniform,,100000,10000,10.0,10,4,1,0.75,1,0.2914077999885194,2.469319399999222,0.7234011999971699,3.4841457000002265,133.77730560302734,833.78125,True,True,68869e6
A_conflict_ratio,conflict_ratio,0.1,BCNF-Index,1000000,1100000,1100000,1000000,3,1,0.1,4,4,4,1,uniform,,100000,10000,10.0,10,4,1,0.75,1,0.29767980001633987,2.393602299998747,0.731562800006941,3.422853700001724,133.77725982666016,834.80859375,True,True,68869e6
A_conflict_ratio,conflict_ratio,0.1,BCNF-Index,1000000,1100000,1100000,1000000,3,2,0.1,4,4,4,1,uniform,,100000,10000,10.0,10,4,1,0.75,1,0.28327749998425134,2.4263654999958817,0.7959521999873687,3.505607900005998,133.7773666381836,834.80859375,True,True,68869e6
A_conflict_ratio,conflict_ratio,0.1,BCNF-Index,1000000,1100000,1100000,1000000,3,3,0.1,4,4,4,1,uniform,,100000,10000,10.0,10,4,1,0.75,1,0.27958780000335537,2.3716136000002734,0.7344855000264943,3.3856969000189565,133.7773666381836,834.734375,True,True,68869e6
A_conflict_ratio,conflict_ratio,0.1,BCNF-Index,1000000,1100000,1100000,1000000,3,4,0.1,4,4,4,1,uniform,,100000,10000,10.0,10,4,1,0.75,1,0.30310990000725724,2.4020624999830034,0.7386816999933217,3.443863100023009,133.77725982666016,834.734375,True,True,68869e6
A_conflict_ratio,conflict_ratio,0.1,FD-Hash,1000000,1100000,1100000,1000000,4,0,0.1,4,4,4,1,uniform,,100000,10000,10.0,10,4,1,0.75,4,0.296570900012739,18.908396800019545,1.1562839999969583,20.361291300010635,597.1004333496094,929.82421875,True,True,68869e6
A_conflict_ratio,conflict_ratio,0.1,FD-Hash,1000000,1100000,1100000,1000000,4,1,0.1,4,4,4,1,uniform,,100000,10000,10.0,10,4,1,0.75,4,0.28178859999752603,18.642678899981547,1.1785617000132333,20.10306719999062,597.1003112792969,933.28515625,True,True,68869e6
A_conflict_ratio,conflict_ratio,0.1,FD-Hash,1000000,1100000,1100000,1000000,4,2,0.1,4,4,4,1,uniform,,100000,10000,10.0,10,4,1,0.75,4,0.29955679998965934,18.580253499996616,1.2267088000080548,20.106566700007534,597.1002502441406,933.28515625,True,True,68869e6
A_conflict_ratio,conflict_ratio,0.1,FD-Hash,1000000,1100000,1100000,1000000,4,3,0.1,4,4,4,1,uniform,,100000,10000,10.0,10,4,1,0.75,4,0.29651809998904355,18.804352200007997,1.1445018999802414,20.24541850000969,597.1003112792969,941.05859375,True,True,68869e6
A_conflict_ratio,conflict_ratio,0.1,FD-Hash,1000000,1100000,1100000,1000000,4,4,0.1,4,4,4,1,uniform,,100000,10000,10.0,10,4,1,0.75,4,0.2933850999979768,18.49829009998939,1.146964299987303,19.93867840000894,597.1002502441406,941.05859375,True,True,68869e6
A_conflict_ratio,conflict_ratio,0.1,BCNF-Index,1000000,1100000,1100000,1000000,4,0,0.1,4,4,4,1,uniform,,100000,10000,10.0,10,4,1,0.75,1,0.2724991000141017,2.409985299978871,0.7301774000225123,3.4126771000155713,133.77730560302734,928.61328125,True,True,68869e6
A_conflict_ratio,conflict_ratio,0.1,BCNF-Index,1000000,1100000,1100000,1000000,4,1,0.1,4,4,4,1,uniform,,100000,10000,10.0,10,4,1,0.75,1,0.30273580001085065,2.3955740999954287,0.7294623000198044,3.4277818000118714,133.77725982666016,928.640625,True,True,68869e6
A_conflict_ratio,conflict_ratio,0.1,BCNF-Index,1000000,1100000,1100000,1000000,4,2,0.1,4,4,4,1,uniform,,100000,10000,10.0,10,4,1,0.75,1,0.3082301000249572,2.348026599996956,0.7310778000100981,3.387342300004093,133.77725982666016,928.640625,True,True,68869e6
A_conflict_ratio,conflict_ratio,0.1,BCNF-Index,1000000,1100000,1100000,1000000,4,3,0.1,4,4,4,1,uniform,,100000,10000,10.0,10,4,1,0.75,1,0.3019315999990795,2.434535099979257,0.738754499994684,3.4752311000193004,133.77725982666016,928.640625,True,True,68869e6
A_conflict_ratio,conflict_ratio,0.1,BCNF-Index,1000000,1100000,1100000,1000000,4,4,0.1,4,4,4,1,uniform,,100000,10000,10.0,10,4,1,0.75,1,0.2797529000090435,2.4999954999948386,0.7620939000044018,3.5418525999994017,133.7773666381836,928.68359375,True,True,68869e6
A_conflict_ratio,conflict_ratio,0.1,FD-Hash,1000000,1100000,1100000,1000000,5,0,0.1,4,4,4,1,uniform,,100000,10000,10.0,10,4,1,0.75,4,0.2806535999989137,18.997473399998853,1.1795851000060793,20.457750799978385,597.1004333496094,838.09765625,True,True,68869e6
A_conflict_ratio,conflict_ratio,0.1,FD-Hash,1000000,1100000,1100000,1000000,5,1,0.1,4,4,4,1,uniform,,100000,10000,10.0,10,4,1,0.75,4,0.2836881999974139,18.717801499995403,1.1505689000186976,20.1520976999891,597.1002502441406,845.0859375,True,True,68869e6
A_conflict_ratio,conflict_ratio,0.1,FD-Hash,1000000,1100000,1100000,1000000,5,2,0.1,4,4,4,1,uniform,,100000,10000,10.0,10,4,1,0.75,4,0.29179589997511357,18.754870700009633,1.1871310000133235,20.2338383999886,597.1003112792969,849.36328125,True,True,68869e6
A_conflict_ratio,conflict_ratio,0.1,FD-Hash,1000000,1100000,1100000,1000000,5,3,0.1,4,4,4,1,uniform,,100000,10000,10.0,10,4,1,0.75,4,0.3088061999878846,18.622745599976042,1.2512236000038683,20.18281619998743,597.1002502441406,852.328125,True,True,68869e6
A_conflict_ratio,conflict_ratio,0.1,FD-Hash,1000000,1100000,1100000,1000000,5,4,0.1,4,4,4,1,uniform,,100000,10000,10.0,10,4,1,0.75,4,0.28748739999718964,18.86140520000481,1.1934706999745686,20.34240470000077,597.1003112792969,852.328125,True,True,68869e6
A_conflict_ratio,conflict_ratio,0.1,BCNF-Index,1000000,1100000,1100000,1000000,5,0,0.1,4,4,4,1,uniform,,100000,10000,10.0,10,4,1,0.75,1,0.2827283999940846,2.5039333000022452,0.7207831999985501,3.507458600011887,133.77730560302734,593.41015625,True,True,68869e6
A_conflict_ratio,conflict_ratio,0.1,BCNF-Index,1000000,1100000,1100000,1000000,5,1,0.1,4,4,4,1,uniform,,100000,10000,10.0,10,4,1,0.75,1,0.2916436000086833,2.405342300015036,0.7182884000067133,3.415282100002514,133.77725982666016,594.74609375,True,True,68869e6
A_conflict_ratio,conflict_ratio,0.1,BCNF-Index,1000000,1100000,1100000,1000000,5,2,0.1,4,4,4,1,uniform,,100000,10000,10.0,10,4,1,0.75,1,0.28677070001140237,2.4243273000174668,0.8056520000100136,3.516761700011557,133.7773666381836,595.61328125,True,True,68869e6
A_conflict_ratio,conflict_ratio,0.1,BCNF-Index,1000000,1100000,1100000,1000000,5,3,0.1,4,4,4,1,uniform,,100000,10000,10.0,10,4,1,0.75,1,0.2819842000026256,2.4386388000275474,0.7286369000212289,3.449273100006394,133.7773666381836,596.4921875,True,True,68869e6
A_conflict_ratio,conflict_ratio,0.1,BCNF-Index,1000000,1100000,1100000,1000000,5,4,0.1,4,4,4,1,uniform,,100000,10000,10.0,10,4,1,0.75,1,0.2862897999875713,2.3627496999979485,0.7272380999929737,3.3762856999819633,133.77725982666016,596.55859375,True,True,68869e6
A_conflict_ratio,conflict_ratio,0.2,FD-Hash,1000000,1200000,1200000,1000000,1,0,0.2,4,4,4,1,uniform,,200000,20000,10.0,10,4,1,0.75,4,0.31266710002091713,19.21042540000053,2.0889850000094157,21.61212340000202,597.1005554199219,876.296875,True,True,68869e6
A_conflict_ratio,conflict_ratio,0.2,FD-Hash,1000000,1200000,1200000,1000000,1,1,0.2,4,4,4,1,uniform,,200000,20000,10.0,10,4,1,0.75,4,0.3199544999806676,18.797404099983396,2.095359400002053,21.21275739997509,597.1003112792969,880.54296875,True,True,68869e6
A_conflict_ratio,conflict_ratio,0.2,FD-Hash,1000000,1200000,1200000,1000000,1,2,0.2,4,4,4,1,uniform,,200000,20000,10.0,10,4,1,0.75,4,0.30685530000482686,18.781355400016764,2.285884499986423,21.374135999998543,597.1002502441406,880.69921875,True,True,68869e6
A_conflict_ratio,conflict_ratio,0.2,FD-Hash,1000000,1200000,1200000,1000000,1,3,0.2,4,4,4,1,uniform,,200000,20000,10.0,10,4,1,0.75,4,0.29894869998679496,18.82799600000726,2.008881100016879,21.135865899996134,597.1003112792969,881.39453125,True,True,68869e6
A_conflict_ratio,conflict_ratio,0.2,FD-Hash,1000000,1200000,1200000,1000000,1,4,0.2,4,4,4,1,uniform,,200000,20000,10.0,10,4,1,0.75,4,0.32741269998950884,18.870115700003225,2.057832199992845,21.25540130000445,597.1002502441406,886.296875,True,True,68869e6
A_conflict_ratio,conflict_ratio,0.2,BCNF-Index,1000000,1200000,1200000,1000000,1,0,0.2,4,4,4,1,uniform,,200000,20000,10.0,10,4,1,0.75,1,0.3006918999890331,2.406463100021938,1.3059693000104744,4.013139099988621,133.77741241455078,886.296875,True,True,68869e6
A_conflict_ratio,conflict_ratio,0.2,BCNF-Index,1000000,1200000,1200000,1000000,1,1,0.2,4,4,4,1,uniform,,200000,20000,10.0,10,4,1,0.75,1,0.321051200007787,2.448239699995611,1.259764600021299,4.029065600014292,133.77742767333984,886.7734375,True,True,68869e6
A_conflict_ratio,conflict_ratio,0.2,BCNF-Index,1000000,1200000,1200000,1000000,1,2,0.2,4,4,4,1,uniform,,200000,20000,10.0,10,4,1,0.75,1,0.30115819998900406,2.3731956999981776,1.2513853999844287,3.9257480000087526,133.77725982666016,886.7734375,True,True,68869e6
A_conflict_ratio,conflict_ratio,0.2,BCNF-Index,1000000,1200000,1200000,1000000,1,3,0.2,4,4,4,1,uniform,,200000,20000,10.0,10,4,1,0.75,1,0.29904759998316877,2.4224639000021853,1.2434919999795966,3.965012500004377,133.77725982666016,620.171875,True,True,68869e6
A_conflict_ratio,conflict_ratio,0.2,BCNF-Index,1000000,1200000,1200000,1000000,1,4,0.2,4,4,4,1,uniform,,200000,20000,10.0,10,4,1,0.75,1,0.30215130001306534,2.4702993000100832,1.2112679999845568,3.9837270000134595,133.77725982666016,621.30859375,True,True,68869e6
A_conflict_ratio,conflict_ratio,0.2,FD-Hash,1000000,1200000,1200000,1000000,2,0,0.2,4,4,4,1,uniform,,200000,20000,10.0,10,4,1,0.75,4,0.28849320000153966,18.92549710001913,2.1087633999995887,21.32279269999708,597.1004333496094,1050.1953125,True,True,68869e6
A_conflict_ratio,conflict_ratio,0.2,FD-Hash,1000000,1200000,1200000,1000000,2,1,0.2,4,4,4,1,uniform,,200000,20000,10.0,10,4,1,0.75,4,0.29980819998309016,18.841779099981068,2.1215336000022944,21.263161599985324,597.1002502441406,1050.1953125,True,True,68869e6
A_conflict_ratio,conflict_ratio,0.2,FD-Hash,1000000,1200000,1200000,1000000,2,2,0.2,4,4,4,1,uniform,,200000,20000,10.0,10,4,1,0.75,4,0.295696199988015,19.055481400020653,2.1649098000198137,21.51612839999143,597.1003112792969,1034.94140625,True,True,68869e6
A_conflict_ratio,conflict_ratio,0.2,FD-Hash,1000000,1200000,1200000,1000000,2,3,0.2,4,4,4,1,uniform,,200000,20000,10.0,10,4,1,0.75,4,0.32177589999628253,19.126310699997703,2.039877399976831,21.488003500009654,597.1002502441406,1034.03125,True,True,68869e6
A_conflict_ratio,conflict_ratio,0.2,FD-Hash,1000000,1200000,1200000,1000000,2,4,0.2,4,4,4,1,uniform,,200000,20000,10.0,10,4,1,0.75,4,0.2988344000186771,19.091066399996635,2.061907600000268,21.451855499995872,597.1003112792969,1040.16015625,True,True,68869e6
A_conflict_ratio,conflict_ratio,0.2,BCNF-Index,1000000,1200000,1200000,1000000,2,0,0.2,4,4,4,1,uniform,,200000,20000,10.0,10,4,1,0.75,1,0.29946989999734797,2.4107668999931775,1.2683025000151247,3.9785539000004064,133.77730560302734,1041.0859375,True,True,68869e6
A_conflict_ratio,conflict_ratio,0.2,BCNF-Index,1000000,1200000,1200000,1000000,2,1,0.2,4,4,4,1,uniform,,200000,20000,10.0,10,4,1,0.75,1,0.3211991999996826,2.43656590001774,1.292390599992359,4.0501643999887165,133.77725982666016,1041.109375,True,True,68869e6
A_conflict_ratio,conflict_ratio,0.2,BCNF-Index,1000000,1200000,1200000,1000000,2,2,0.2,4,4,4,1,uniform,,200000,20000,10.0,10,4,1,0.75,1,0.3083074000023771,2.436014200007776,1.2429708999989089,3.9873020999948494,133.7773666381836,1041.109375,True,True,68869e6
A_conflict_ratio,conflict_ratio,0.2,BCNF-Index,1000000,1200000,1200000,1000000,2,3,0.2,4,4,4,1,uniform,,200000,20000,10.0,10,4,1,0.75,1,0.30404170000110753,2.378865599981509,1.239448500011349,3.9223640999989584,133.7773666381836,1041.1015625,True,True,68869e6
A_conflict_ratio,conflict_ratio,0.2,BCNF-Index,1000000,1200000,1200000,1000000,2,4,0.2,4,4,4,1,uniform,,200000,20000,10.0,10,4,1,0.75,1,0.3071786999935284,2.4093706000130624,1.2000654000148643,3.9166221999912523,133.77725982666016,1041.1015625,True,True,68869e6
A_conflict_ratio,conflict_ratio,0.2,FD-Hash,1000000,1200000,1200000,1000000,3,0,0.2,4,4,4,1,uniform,,200000,20000,10.0,10,4,1,0.75,4,0.30023660001461394,18.546548599988455,2.065131699986523,20.91196240001591,597.1004333496094,897.76171875,True,True,68869e6
A_conflict_ratio,conflict_ratio,0.2,FD-Hash,1000000,1200000,1200000,1000000,3,1,0.2,4,4,4,1,uniform,,200000,20000,10.0,10,4,1,0.75,4,0.298695300007239,18.635452299989993,2.0372324000054505,20.97142710001208,597.1003112792969,894.0703125,True,True,68869e6
A_conflict_ratio,conflict_ratio,0.2,FD-Hash,1000000,1200000,1200000,1000000,3,2,0.2,4,4,4,1,uniform,,200000,20000,10.0,10,4,1,0.75,4,0.30749829998239875,18.749321800016332,1.9873188000055961,21.044175699993502,597.1002502441406,896.9296875,True,True,68869e6
A_conflict_ratio,conflict_ratio,0.2,FD-Hash,1000000,1200000,1200000,1000000,3,3,0.2,4,4,4,1,uniform,,200000,20000,10.0,10,4,1,0.75,4,0.30382770000142045,18.820410000014817,2.003591200016672,21.12786809998215,597.1003112792969,915.62890625,True,True,68869e6
A_conflict_ratio,conflict_ratio,0.2,FD-Hash,1000000,1200000,1200000,1000000,3,4,0.2,4,4,4,1,uniform,,200000,20000,10.0,10,4,1,0.75,4,0.31547000000136904,18.57079209998483,2.1248583999986295,21.011158000008436,597.1002502441406,915.62890625,True,True,68869e6
A_conflict_ratio,conflict_ratio,0.2,BCNF-Index,1000000,1200000,1200000,1000000,3,0,0.2,4,4,4,1,uniform,,200000,20000,10.0,10,4,1,0.75,1,0.31378849997418,2.4073995999933686,1.2812946999911219,4.002501699986169,133.77741241455078,908.65234375,True,True,68869e6
A_conflict_ratio,conflict_ratio,0.2,BCNF-Index,1000000,1200000,1200000,1000000,3,1,0.2,4,4,4,1,uniform,,200000,20000,10.0,10,4,1,0.75,1,0.3138062999933027,2.409785499999998,1.2300738999911118,3.95367640000768,133.77742767333984,907.50390625,True,True,68869e6
A_conflict_ratio,conflict_ratio,0.2,BCNF-Index,1000000,1200000,1200000,1000000,3,2,0.2,4,4,4,1,uniform,,200000,20000,10.0,10,4,1,0.75,1,0.32714670000132173,2.4261847999878228,1.2119282000057865,3.965269599983003,133.77725982666016,908.5,True,True,68869e6
A_conflict_ratio,conflict_ratio,0.2,BCNF-Index,1000000,1200000,1200000,1000000,3,3,0.2,4,4,4,1,uniform,,200000,20000,10.0,10,4,1,0.75,1,0.3135601000103634,2.362719200027641,1.1994962000171654,3.8757849000103306,133.77725982666016,909.49609375,True,True,68869e6
A_conflict_ratio,conflict_ratio,0.2,BCNF-Index,1000000,1200000,1200000,1000000,3,4,0.2,4,4,4,1,uniform,,200000,20000,10.0,10,4,1,0.75,1,0.33609589998377487,2.4256246000004467,1.2253292000095826,3.987059799983399,133.77725982666016,910.453125,True,True,68869e6
A_conflict_ratio,conflict_ratio,0.2,FD-Hash,1000000,1200000,1200000,1000000,4,0,0.2,4,4,4,1,uniform,,200000,20000,10.0,10,4,1,0.75,4,0.2975876000127755,18.908208000008017,2.0430054999887943,21.248840200016275,597.1004333496094,1053.13671875,True,True,68869e6
A_conflict_ratio,conflict_ratio,0.2,FD-Hash,1000000,1200000,1200000,1000000,4,1,0.2,4,4,4,1,uniform,,200000,20000,10.0,10,4,1,0.75,4,0.3225424000120256,18.939212099998258,2.121131400024751,21.382924900011858,597.1002502441406,1053.60546875,True,True,68869e6
A_conflict_ratio,conflict_ratio,0.2,FD-Hash,1000000,1200000,1200000,1000000,4,2,0.2,4,4,4,1,uniform,,200000,20000,10.0,10,4,1,0.75,4,0.30754030001116917,18.781152900017332,2.042285899980925,21.131025000009686,597.1003112792969,1053.60546875,True,True,68869e6
A_conflict_ratio,conflict_ratio,0.2,FD-Hash,1000000,1200000,1200000,1000000,4,3,0.2,4,4,4,1,uniform,,200000,20000,10.0,10,4,1,0.75,4,0.29742250000708736,18.84444459999213,2.123973299982026,21.26588510000147,597.1002502441406,1068.15234375,True,True,68869e6
A_conflict_ratio,conflict_ratio,0.2,FD-Hash,1000000,1200000,1200000,1000000,4,4,0.2,4,4,4,1,uniform,,200000,20000,10.0,10,4,1,0.75,4,0.3310590000182856,18.740143500006525,2.1135918000072706,21.18483290000586,597.1003112792969,1068.15234375,True,True,68869e6
A_conflict_ratio,conflict_ratio,0.2,BCNF-Index,1000000,1200000,1200000,1000000,4,0,0.2,4,4,4,1,uniform,,200000,20000,10.0,10,4,1,0.75,1,0.30428010001196526,2.368830199993681,1.1976777999952901,3.8708023999934085,133.77730560302734,1055.11328125,True,True,68869e6
A_conflict_ratio,conflict_ratio,0.2,BCNF-Index,1000000,1200000,1200000,1000000,4,1,0.2,4,4,4,1,uniform,,200000,20000,10.0,10,4,1,0.75,1,0.3134460000146646,2.3248232000041753,1.2112890999997035,3.8495666999951936,133.77725982666016,1055.140625,True,True,68869e6
A_conflict_ratio,conflict_ratio,0.2,BCNF-Index,1000000,1200000,1200000,1000000,4,2,0.2,4,4,4,1,uniform,,200000,20000,10.0,10,4,1,0.75,1,0.3097129999950994,2.452064299985068,1.2738068999897223,4.035593600012362,133.7773666381836,1055.140625,True,True,68869e6
A_conflict_ratio,conflict_ratio,0.2,BCNF-Index,1000000,1200000,1200000,1000000,4,3,0.2,4,4,4,1,uniform,,200000,20000,10.0,10,4,1,0.75,1,0.3089382000034675,2.3284943999897223,1.195586199988611,3.83302730001742,133.7773666381836,1055.140625,True,True,68869e6
A_conflict_ratio,conflict_ratio,0.2,BCNF-Index,1000000,1200000,1200000,1000000,4,4,0.2,4,4,4,1,uniform,,200000,20000,10.0,10,4,1,0.75,1,0.3227084999962244,2.3274560999998357,1.2376877999922726,3.887860599992564,133.77725982666016,1055.140625,True,True,68869e6
A_conflict_ratio,conflict_ratio,0.2,FD-Hash,1000000,1200000,1200000,1000000,5,0,0.2,4,4,4,1,uniform,,200000,20000,10.0,10,4,1,0.75,4,0.3001577999966685,18.88310919998912,2.0099474000162445,21.193255199992564,597.1004333496094,926.203125,True,True,68869e6
A_conflict_ratio,conflict_ratio,0.2,FD-Hash,1000000,1200000,1200000,1000000,5,1,0.2,4,4,4,1,uniform,,200000,20000,10.0,10,4,1,0.75,4,0.2944322999974247,18.725646000006236,2.065256900008535,21.085375499998918,597.1003112792969,926.203125,True,True,68869e6
A_conflict_ratio,conflict_ratio,0.2,FD-Hash,1000000,1200000,1200000,1000000,5,2,0.2,4,4,4,1,uniform,,200000,20000,10.0,10,4,1,0.75,4,0.31568390000029467,18.67935240000952,2.108598399994662,21.10367350000888,597.1002502441406,915.8828125,True,True,68869e6
A_conflict_ratio,conflict_ratio,0.2,FD-Hash,1000000,1200000,1200000,1000000,5,3,0.2,4,4,4,1,uniform,,200000,20000,10.0,10,4,1,0.75,4,0.30191790001117624,18.812946500023827,2.1356445999990683,21.25055520000751,597.1003112792969,912.5625,True,True,68869e6
A_conflict_ratio,conflict_ratio,0.2,FD-Hash,1000000,1200000,1200000,1000000,5,4,0.2,4,4,4,1,uniform,,200000,20000,10.0,10,4,1,0.75,4,0.31548049999400973,36.712204500014195,3.8286375000025146,40.85636689999956,597.1002502441406,917.9921875,True,True,68869e6
A_conflict_ratio,conflict_ratio,0.2,BCNF-Index,1000000,1200000,1200000,1000000,5,0,0.2,4,4,4,1,uniform,,200000,20000,10.0,10,4,1,0.75,1,0.5008009000157472,4.863038600014988,2.3118115999968722,7.675676400016528,133.77741241455078,918.0234375,True,True,68869e6
A_conflict_ratio,conflict_ratio,0.2,BCNF-Index,1000000,1200000,1200000,1000000,5,1,0.2,4,4,4,1,uniform,,200000,20000,10.0,10,4,1,0.75,1,0.5161121000128333,5.0318319000070915,2.330138999997871,7.878099299996393,133.77742767333984,919.046875,True,True,68869e6
A_conflict_ratio,conflict_ratio,0.2,BCNF-Index,1000000,1200000,1200000,1000000,5,2,0.2,4,4,4,1,uniform,,200000,20000,10.0,10,4,1,0.75,1,0.5258090000133961,4.680160799995065,2.3075480999832507,7.513531900011003,133.77725982666016,920.0546875,True,True,68869e6
A_conflict_ratio,conflict_ratio,0.2,BCNF-Index,1000000,1200000,1200000,1000000,5,3,0.2,4,4,4,1,uniform,,200000,20000,10.0,10,4,1,0.75,1,0.5157346000196412,4.7373179999995045,2.2038341000152286,7.456899400014663,133.77725982666016,920.11328125,True,True,68869e6
A_conflict_ratio,conflict_ratio,0.2,BCNF-Index,1000000,1200000,1200000,1000000,5,4,0.2,4,4,4,1,uniform,,200000,20000,10.0,10,4,1,0.75,1,0.5450783999986015,4.938140899990685,2.346073399996385,7.829305699997349,133.77725982666016,920.11328125,True,True,68869e6
A_conflict_ratio,conflict_ratio,0.4,FD-Hash,1000000,1400000,1400000,1000000,1,0,0.4,4,4,4,1,uniform,,400000,40000,10.0,10,4,1,0.75,4,0.6106496999855153,37.98113099997863,7.615533099975437,46.207379200001014,597.1005554199219,996.44921875,True,True,68869e6
A_conflict_ratio,conflict_ratio,0.4,FD-Hash,1000000,1400000,1400000,1000000,1,1,0.4,4,4,4,1,uniform,,400000,40000,10.0,10,4,1,0.75,4,0.6953194999950938,36.644725899997866,7.406527499988442,44.746635999996215,597.1002502441406,999.14453125,True,True,68869e6
A_conflict_ratio,conflict_ratio,0.4,FD-Hash,1000000,1400000,1400000,1000000,1,2,0.4,4,4,4,1,uniform,,400000,40000,10.0,10,4,1,0.75,4,0.6209489000029862,35.99705450001056,7.338437400001567,43.9565050000092,597.1003112792969,999.14453125,True,True,68869e6
A_conflict_ratio,conflict_ratio,0.4,FD-Hash,1000000,1400000,1400000,1000000,1,3,0.4,4,4,4,1,uniform,,400000,40000,10.0,10,4,1,0.75,4,0.6087470999918878,37.011092800006736,7.2645235999953,44.88443069998175,597.1002502441406,1010.734375,True,True,68869e6
A_conflict_ratio,conflict_ratio,0.4,FD-Hash,1000000,1400000,1400000,1000000,1,4,0.4,4,4,4,1,uniform,,400000,40000,10.0,10,4,1,0.75,4,0.6565255000023171,36.43002749999869,7.683583800011547,44.77020030000131,597.1001892089844,1010.734375,True,True,68869e6
A_conflict_ratio,conflict_ratio,0.4,BCNF-Index,1000000,1400000,1400000,1000000,1,0,0.4,4,4,4,1,uniform,,400000,40000,10.0,10,4,1,0.75,1,0.5926324000174645,5.06294559998787,4.18733339998289,9.842931200022576,133.77730560302734,731.09375,True,True,68869e6
A_conflict_ratio,conflict_ratio,0.4,BCNF-Index,1000000,1400000,1400000,1000000,1,1,0.4,4,4,4,1,uniform,,400000,40000,10.0,10,4,1,0.75,1,0.5797928999818396,4.914138799998909,4.129878800013103,9.623822699999437,133.77725982666016,732.1328125,True,True,68869e6
A_conflict_ratio,conflict_ratio,0.4,BCNF-Index,1000000,1400000,1400000,1000000,1,2,0.4,4,4,4,1,uniform,,400000,40000,10.0,10,4,1,0.75,1,0.5728084000002127,4.949586800008547,4.53217229997972,10.05458239998552,133.7773666381836,733.0859375,True,True,68869e6
A_conflict_ratio,conflict_ratio,0.4,BCNF-Index,1000000,1400000,1400000,1000000,1,3,0.4,4,4,4,1,uniform,,400000,40000,10.0,10,4,1,0.75,1,0.5886569999856874,5.009936399990693,4.22393910001847,9.82254500000272,133.7773666381836,733.09375,True,True,68869e6
A_conflict_ratio,conflict_ratio,0.4,BCNF-Index,1000000,1400000,1400000,1000000,1,4,0.4,4,4,4,1,uniform,,400000,40000,10.0,10,4,1,0.75,1,0.5893904999829829,4.960926700005075,4.154038199980278,9.704368599981535,133.77725982666016,733.09375,True,True,68869e6
A_conflict_ratio,conflict_ratio,0.4,FD-Hash,1000000,1400000,1400000,1000000,2,0,0.4,4,4,4,1,uniform,,400000,40000,10.0,10,4,1,0.75,4,0.5905788000090979,37.97739280000678,7.342684700008249,45.91072230000282,597.1004333496094,1182.98046875,True,True,68869e6
A_conflict_ratio,conflict_ratio,0.4,FD-Hash,1000000,1400000,1400000,1000000,2,1,0.4,4,4,4,1,uniform,,400000,40000,10.0,10,4,1,0.75,4,0.5663616000092588,37.27798649997567,7.304515600000741,45.148926399997436,597.1003112792969,1192.625,True,True,68869e6
A_conflict_ratio,conflict_ratio,0.4,FD-Hash,1000000,1400000,1400000,1000000,2,2,0.4,4,4,4,1,uniform,,400000,40000,10.0,10,4,1,0.75,4,0.5960371999826748,36.62308900000062,7.254747400002088,44.47394669998903,597.1002502441406,1204.15625,True,True,68869e6
A_conflict_ratio,conflict_ratio,0.4,FD-Hash,1000000,1400000,1400000,1000000,2,3,0.4,4,4,4,1,uniform,,400000,40000,10.0,10,4,1,0.75,4,0.6200924000004306,35.52088150000782,7.405473999999231,43.54650729999412,597.1001892089844,1204.15625,True,True,68869e6
A_conflict_ratio,conflict_ratio,0.4,FD-Hash,1000000,1400000,1400000,1000000,2,4,0.4,4,4,4,1,uniform,,400000,40000,10.0,10,4,1,0.75,4,0.609034299995983,35.84096229998977,7.43076220000512,43.88087399999495,597.1002502441406,1200.12890625,True,True,68869e6
A_conflict_ratio,conflict_ratio,0.4,BCNF-Index,1000000,1400000,1400000,1000000,2,0,0.4,4,4,4,1,uniform,,400000,40000,10.0,10,4,1,0.75,1,0.6083911999885458,4.564628100022674,4.248706899990793,9.421747799991863,133.77730560302734,1200.3203125,True,True,68869e6
A_conflict_ratio,conflict_ratio,0.4,BCNF-Index,1000000,1400000,1400000,1000000,2,1,0.4,4,4,4,1,uniform,,400000,40000,10.0,10,4,1,0.75,1,0.6155626999970991,4.8968175999762025,4.227137599984417,9.73953170000459,133.77725982666016,1200.32421875,True,True,68869e6
A_conflict_ratio,conflict_ratio,0.4,BCNF-Index,1000000,1400000,1400000,1000000,2,2,0.4,4,4,4,1,uniform,,400000,40000,10.0,10,4,1,0.75,1,0.6252458999806549,4.818487599986838,4.17918410000857,9.622931199992308,133.77725982666016,1200.32421875,True,True,68869e6
A_conflict_ratio,conflict_ratio,0.4,BCNF-Index,1000000,1400000,1400000,1000000,2,3,0.4,4,4,4,1,uniform,,400000,40000,10.0,10,4,1,0.75,1,0.627063799998723,4.919525000004796,4.160703200002899,9.707306399999652,133.77725982666016,1200.3203125,True,True,68869e6
A_conflict_ratio,conflict_ratio,0.4,BCNF-Index,1000000,1400000,1400000,1000000,2,4,0.4,4,4,4,1,uniform,,400000,40000,10.0,10,4,1,0.75,1,0.6211994000186678,4.9555804999836255,4.215558700001566,9.792356600024505,133.7773666381836,1200.3203125,True,True,68869e6
A_conflict_ratio,conflict_ratio,0.4,FD-Hash,1000000,1400000,1400000,1000000,3,0,0.4,4,4,4,1,uniform,,400000,40000,10.0,10,4,1,0.75,4,0.7181590000109281,37.4463737999904,7.142494600004284,45.307081900013145,597.1004333496094,1017.2265625,True,True,68869e6
A_conflict_ratio,conflict_ratio,0.4,FD-Hash,1000000,1400000,1400000,1000000,3,1,0.4,4,4,4,1,uniform,,400000,40000,10.0,10,4,1,0.75,4,0.6164238000055775,36.989531300001545,7.71275279999827,45.318765800009714,597.1002502441406,1035.51953125,True,True,68869e6
A_conflict_ratio,conflict_ratio,0.4,FD-Hash,1000000,1400000,1400000,1000000,3,2,0.4,4,4,4,1,uniform,,400000,40000,10.0,10,4,1,0.75,4,0.619651499990141,38.38480279999203,7.722501100011868,46.727013499999885,597.1001892089844,1035.51953125,True,True,68869e6
A_conflict_ratio,conflict_ratio,0.4,FD-Hash,1000000,1400000,1400000,1000000,3,3,0.4,4,4,4,1,uniform,,400000,40000,10.0,10,4,1,0.75,4,0.5825791999814101,36.89853310000035,7.306853600020986,44.788030399999116,597.1003112792969,1026.23046875,True,True,68869e6
A_conflict_ratio,conflict_ratio,0.4,FD-Hash,1000000,1400000,1400000,1000000,3,4,0.4,4,4,4,1,uniform,,400000,40000,10.0,10,4,1,0.75,4,0.6097955000004731,36.84481380000943,7.364312499994412,44.81899060000433,597.1001892089844,1023.66796875,True,True,68869e6
A_conflict_ratio,conflict_ratio,0.4,BCNF-Index,1000000,1400000,1400000,1000000,3,0,0.4,4,4,4,1,uniform,,400000,40000,10.0,10,4,1,0.75,1,0.6822900999977719,4.802967199997511,4.327144099981524,9.812425599986454,133.77730560302734,1020.16796875,True,True,68869e6
A_conflict_ratio,conflict_ratio,0.4,BCNF-Index,1000000,1400000,1400000,1000000,3,1,0.4,4,4,4,1,uniform,,400000,40000,10.0,10,4,1,0.75,1,0.5775137000018731,4.945014700002503,4.180406600004062,9.702952899999218,133.7773666381836,1021.13671875,True,True,68869e6
A_conflict_ratio,conflict_ratio,0.4,BCNF-Index,1000000,1400000,1400000,1000000,3,2,0.4,4,4,4,1,uniform,,400000,40000,10.0,10,4,1,0.75,1,0.6510402999992948,4.615865599975223,3.9661779000016395,9.233098700002301,133.7773666381836,1021.140625,True,True,68869e6
A_conflict_ratio,conflict_ratio,0.4,BCNF-Index,1000000,1400000,1400000,1000000,3,3,0.4,4,4,4,1,uniform,,400000,40000,10.0,10,4,1,0.75,1,0.6474276999942958,4.680500899994513,4.163322300009895,9.491266500001075,133.77725982666016,1022.140625,True,True,68869e6
A_conflict_ratio,conflict_ratio,0.4,BCNF-Index,1000000,1400000,1400000,1000000,3,4,0.4,4,4,4,1,uniform,,400000,40000,10.0,10,4,1,0.75,1,0.7304070000245702,4.58205889997771,3.9760911999910604,9.28857090001111,133.77725982666016,1023.13671875,True,True,68869e6
A_conflict_ratio,conflict_ratio,0.4,FD-Hash,1000000,1400000,1400000,1000000,4,0,0.4,4,4,4,1,uniform,,400000,40000,10.0,10,4,1,0.75,4,0.6669812999898568,37.37823169998592,7.080871200014371,45.12615090000327,597.1004333496094,1212.33203125,True,True,68869e6
A_conflict_ratio,conflict_ratio,0.4,FD-Hash,1000000,1400000,1400000,1000000,4,1,0.4,4,4,4,1,uniform,,400000,40000,10.0,10,4,1,0.75,4,0.6577279999910388,37.51722019998124,7.706461099995067,45.88147480000043,597.1001892089844,1212.33203125,True,True,68869e6
A_conflict_ratio,conflict_ratio,0.4,FD-Hash,1000000,1400000,1400000,1000000,4,2,0.4,4,4,4,1,uniform,,400000,40000,10.0,10,4,1,0.75,4,0.5618484000151511,39.26342709999881,7.372721399995498,47.19805420000921,597.1003112792969,1218.49609375,True,True,68869e6
A_conflict_ratio,conflict_ratio,0.4,FD-Hash,1000000,1400000,1400000,1000000,4,3,0.4,4,4,4,1,uniform,,400000,40000,10.0,10,4,1,0.75,4,0.5896780999901239,38.998623199993744,7.8298685000045225,47.418247800000245,597.1002502441406,1224.84375,True,True,68869e6
A_conflict_ratio,conflict_ratio,0.4,FD-Hash,1000000,1400000,1400000,1000000,4,4,0.4,4,4,4,1,uniform,,400000,40000,10.0,10,4,1,0.75,4,0.5785170999879483,38.01681739999913,7.331076300004497,45.92646689998219,597.1003112792969,1228.71484375,True,True,68869e6
A_conflict_ratio,conflict_ratio,0.4,BCNF-Index,1000000,1400000,1400000,1000000,4,0,0.4,4,4,4,1,uniform,,400000,40000,10.0,10,4,1,0.75,1,0.568439099995885,5.1546004000119865,4.485809000005247,10.208870700007537,133.77730560302734,1228.8515625,True,True,68869e6
A_conflict_ratio,conflict_ratio,0.4,BCNF-Index,1000000,1400000,1400000,1000000,4,1,0.4,4,4,4,1,uniform,,400000,40000,10.0,10,4,1,0.75,1,0.5820629999798257,5.014791900001001,4.133887700008927,9.730755199998384,133.77725982666016,1228.8828125,True,True,68869e6
A_conflict_ratio,conflict_ratio,0.4,BCNF-Index,1000000,1400000,1400000,1000000,4,2,0.4,4,4,4,1,uniform,,400000,40000,10.0,10,4,1,0.75,1,0.567242899996927,4.814771599980304,2.326636599987978,7.7086628999968525,133.77725982666016,1228.8828125,True,True,68869e6
A_conflict_ratio,conflict_ratio,0.4,BCNF-Index,1000000,1400000,1400000,1000000,4,3,0.4,4,4,4,1,uniform,,400000,40000,10.0,10,4,1,0.75,1,0.3664547000080347,2.359434899990447,2.1905693000007886,4.9164723999856506,133.7773666381836,1228.875,True,True,68869e6
A_conflict_ratio,conflict_ratio,0.4,BCNF-Index,1000000,1400000,1400000,1000000,4,4,0.4,4,4,4,1,uniform,,400000,40000,10.0,10,4,1,0.75,1,0.3741677000070922,2.2945070000132546,2.2231936999887694,4.891877599991858,133.7773666381836,1228.87890625,True,True,68869e6
A_conflict_ratio,conflict_ratio,0.4,FD-Hash,1000000,1400000,1400000,1000000,5,0,0.4,4,4,4,1,uniform,,400000,40000,10.0,10,4,1,0.75,4,0.3916132999875117,19.19420440000249,4.106222699978389,23.692083300004015,597.1004333496094,1052.1484375,True,True,68869e6
A_conflict_ratio,conflict_ratio,0.4,FD-Hash,1000000,1400000,1400000,1000000,5,1,0.4,4,4,4,1,uniform,,400000,40000,10.0,10,4,1,0.75,4,0.35455129999900237,19.220638400001917,3.98272589998669,23.557956799981184,597.1003112792969,1050.8203125,True,True,68869e6
A_conflict_ratio,conflict_ratio,0.4,FD-Hash,1000000,1400000,1400000,1000000,5,2,0.4,4,4,4,1,uniform,,400000,40000,10.0,10,4,1,0.75,4,0.41293770002084784,19.142434500012314,4.054529399989406,23.609944600000745,597.1002502441406,1050.8203125,True,True,68869e6
A_conflict_ratio,conflict_ratio,0.4,FD-Hash,1000000,1400000,1400000,1000000,5,3,0.4,4,4,4,1,uniform,,400000,40000,10.0,10,4,1,0.75,4,0.3634530999988783,18.96694800001569,3.928884499997366,23.259324299986474,597.1003112792969,1053.140625,True,True,68869e6
A_conflict_ratio,conflict_ratio,0.4,FD-Hash,1000000,1400000,1400000,1000000,5,4,0.4,4,4,4,1,uniform,,400000,40000,10.0,10,4,1,0.75,4,0.40191619997494854,18.684355499979574,4.026249499991536,23.112563499977114,597.1002502441406,1053.80859375,True,True,68869e6
A_conflict_ratio,conflict_ratio,0.4,BCNF-Index,1000000,1400000,1400000,1000000,5,0,0.4,4,4,4,1,uniform,,400000,40000,10.0,10,4,1,0.75,1,0.35789409998687916,2.4036926999979187,2.2158286000194494,4.977431899984367,133.77741241455078,1053.80859375,True,True,68869e6
A_conflict_ratio,conflict_ratio,0.4,BCNF-Index,1000000,1400000,1400000,1000000,5,1,0.4,4,4,4,1,uniform,,400000,40000,10.0,10,4,1,0.75,1,0.38764969998737797,2.432654999982333,2.233055799995782,5.05337049998343,133.77742767333984,1052.52734375,True,True,68869e6
A_conflict_ratio,conflict_ratio,0.4,BCNF-Index,1000000,1400000,1400000,1000000,5,2,0.4,4,4,4,1,uniform,,400000,40000,10.0,10,4,1,0.75,1,0.3573972000158392,2.39774290000787,2.1631315000122413,4.918279900011839,133.77725982666016,1052.52734375,True,True,68869e6
A_conflict_ratio,conflict_ratio,0.4,BCNF-Index,1000000,1400000,1400000,1000000,5,3,0.4,4,4,4,1,uniform,,400000,40000,10.0,10,4,1,0.75,1,0.38540980001562275,2.341526799980784,2.2332362000015564,4.960181000002194,133.77725982666016,1052.55078125,True,True,68869e6
A_conflict_ratio,conflict_ratio,0.4,BCNF-Index,1000000,1400000,1400000,1000000,5,4,0.4,4,4,4,1,uniform,,400000,40000,10.0,10,4,1,0.75,1,0.3560247999848798,2.4102386999875307,2.1927011999941897,4.958973899978446,133.77725982666016,1052.55078125,True,True,68869e6
B_fd_count,fd_count,1,FD-Hash,1000000,1100000,1100000,1000000,1,0,0.1,1,1,1,1,uniform,,100000,10000,10.0,10,1,1,0.0,1,0.3572909999929834,5.484298700001091,1.3786403000121936,7.220284300012281,225.33045959472656,831.87109375,True,True,68869e6
B_fd_count,fd_count,1,FD-Hash,1000000,1100000,1100000,1000000,1,1,0.1,1,1,1,1,uniform,,100000,10000,10.0,10,1,1,0.0,1,0.3423134000040591,5.490517899976112,1.3589717000140809,7.191848699992988,225.33001708984375,831.0390625,True,True,68869e6
B_fd_count,fd_count,1,FD-Hash,1000000,1100000,1100000,1000000,1,2,0.1,1,1,1,1,uniform,,100000,10000,10.0,10,1,1,0.0,1,0.36132270001689903,5.431320200004848,1.2728037999768276,7.06548770001973,225.32984161376953,831.49609375,True,True,68869e6
B_fd_count,fd_count,1,FD-Hash,1000000,1100000,1100000,1000000,1,3,0.1,1,1,1,1,uniform,,100000,10000,10.0,10,1,1,0.0,1,0.3595713000104297,5.4814093000022694,1.3135312999947928,7.154549800005043,225.32984161376953,831.49609375,True,True,68869e6
B_fd_count,fd_count,1,FD-Hash,1000000,1100000,1100000,1000000,1,4,0.1,1,1,1,1,uniform,,100000,10000,10.0,10,1,1,0.0,1,0.3591258999949787,5.414902699994855,1.3075373999890871,7.081613100017421,225.33001708984375,831.97265625,True,True,68869e6
B_fd_count,fd_count,1,BCNF-Index,1000000,1100000,1100000,1000000,1,0,0.1,1,1,1,1,uniform,,100000,10000,10.0,10,1,1,0.0,1,0.3556793000025209,2.6654568999947514,0.8434723000100348,3.864626499998849,133.77728271484375,831.9765625,True,True,68869e6
B_fd_count,fd_count,1,BCNF-Index,1000000,1100000,1100000,1000000,1,1,0.1,1,1,1,1,uniform,,100000,10000,10.0,10,1,1,0.0,1,0.34862190001877025,2.578345599991735,0.8021714999922551,3.7291511000075843,133.7772979736328,831.55859375,True,True,68869e6
B_fd_count,fd_count,1,BCNF-Index,1000000,1100000,1100000,1000000,1,2,0.1,1,1,1,1,uniform,,100000,10000,10.0,10,1,1,0.0,1,0.3546749999804888,2.597876899992116,0.8276868999819271,3.780248800001573,133.77723693847656,831.55859375,True,True,68869e6
B_fd_count,fd_count,1,BCNF-Index,1000000,1100000,1100000,1000000,1,3,0.1,1,1,1,1,uniform,,100000,10000,10.0,10,1,1,0.0,1,0.3549122999829706,2.6722842999733984,0.835262500011595,3.862488399987342,133.77741241455078,831.97265625,True,True,68869e6
B_fd_count,fd_count,1,BCNF-Index,1000000,1100000,1100000,1000000,1,4,0.1,1,1,1,1,uniform,,100000,10000,10.0,10,1,1,0.0,1,0.3547180999885313,2.605138499988243,0.8430268999945838,3.802897599991411,133.77734375,832.5390625,True,True,68869e6
B_fd_count,fd_count,1,FD-Hash,1000000,1100000,1100000,1000000,2,0,0.1,1,1,1,1,uniform,,100000,10000,10.0,10,1,1,0.0,1,0.3493129999842495,5.514120300009381,1.4392824999813456,7.302765899978112,225.33039093017578,1071.0078125,True,True,68869e6
B_fd_count,fd_count,1,FD-Hash,1000000,1100000,1100000,1000000,2,1,0.1,1,1,1,1,uniform,,100000,10000,10.0,10,1,1,0.0,1,0.3638840999919921,5.597675899975002,1.308502400002908,7.270126099989284,225.33001708984375,1070.61328125,True,True,68869e6
B_fd_count,fd_count,1,FD-Hash,1000000,1100000,1100000,1000000,2,2,0.1,1,1,1,1,uniform,,100000,10000,10.0,10,1,1,0.0,1,0.35228949997690506,5.4469564000028186,1.2925871000043117,7.091876199992839,225.32984161376953,1069.62109375,True,True,68869e6
B_fd_count,fd_count,1,FD-Hash,1000000,1100000,1100000,1000000,2,3,0.1,1,1,1,1,uniform,,100000,10000,10.0,10,1,1,0.0,1,0.3627524000185076,5.4084307999874,1.3256582999892998,7.096894599992083,225.33001708984375,1069.62109375,True,True,68869e6
B_fd_count,fd_count,1,FD-Hash,1000000,1100000,1100000,1000000,2,4,0.1,1,1,1,1,uniform,,100000,10000,10.0,10,1,1,0.0,1,0.34896390000358224,5.479456300003221,1.2749504999956116,7.103444899985334,225.32984161376953,1069.62109375,True,True,68869e6
B_fd_count,fd_count,1,BCNF-Index,1000000,1100000,1100000,1000000,2,0,0.1,1,1,1,1,uniform,,100000,10000,10.0,10,1,1,0.0,1,0.34208490001037717,2.5392280999803916,0.8539478999737184,3.7352784000104293,133.77728271484375,1069.6875,True,True,68869e6
B_fd_count,fd_count,1,BCNF-Index,1000000,1100000,1100000,1000000,2,1,0.1,1,1,1,1,uniform,,100000,10000,10.0,10,1,1,0.0,1,0.3479591000068467,2.671899300010409,0.8162097000167705,3.836080100008985,133.7772979736328,1069.6875,True,True,68869e6
B_fd_count,fd_count,1,BCNF-Index,1000000,1100000,1100000,1000000,2,2,0.1,1,1,1,1,uniform,,100000,10000,10.0,10,1,1,0.0,1,0.3483387999876868,2.8114653000084218,0.8736424999951851,4.03346049998072,133.77741241455078,1069.6796875,True,True,68869e6
B_fd_count,fd_count,1,BCNF-Index,1000000,1100000,1100000,1000000,2,3,0.1,1,1,1,1,uniform,,100000,10000,10.0,10,1,1,0.0,1,0.37421539999195375,2.7292178999923635,0.8541713000158779,3.9576166000042576,133.77734375,1068.6796875,True,True,68869e6
B_fd_count,fd_count,1,BCNF-Index,1000000,1100000,1100000,1000000,2,4,0.1,1,1,1,1,uniform,,100000,10000,10.0,10,1,1,0.0,1,0.3699507999990601,2.666246799984947,0.9131981999962591,3.949406400002772,133.77723693847656,1068.68359375,True,True,68869e6
B_fd_count,fd_count,1,FD-Hash,1000000,1100000,1100000,1000000,3,0,0.1,1,1,1,1,uniform,,100000,10000,10.0,10,1,1,0.0,1,0.4061626000038814,6.111476699996274,1.364805899997009,7.882493699988117,225.33019256591797,840.0546875,True,True,68869e6
B_fd_count,fd_count,1,FD-Hash,1000000,1100000,1100000,1000000,3,1,0.1,1,1,1,1,uniform,,100000,10000,10.0,10,1,1,0.0,1,0.36931239999830723,5.621819799998775,1.3297337999974843,7.320913599978667,225.32984161376953,838.63671875,True,True,68869e6
B_fd_count,fd_count,1,FD-Hash,1000000,1100000,1100000,1000000,3,2,0.1,1,1,1,1,uniform,,100000,10000,10.0,10,1,1,0.0,1,0.35063000000081956,6.135478900017915,1.5225380999909248,8.008700499980478,225.33001708984375,839.3203125,True,True,68869e6
B_fd_count,fd_count,1,FD-Hash,1000000,1100000,1100000,1000000,3,3,0.1,1,1,1,1,uniform,,100000,10000,10.0,10,1,1,0.0,1,0.3724824999808334,6.214705000020331,1.3821995999896899,7.969439599983161,225.32984161376953,839.40234375,True,True,68869e6
B_fd_count,fd_count,1,FD-Hash,1000000,1100000,1100000,1000000,3,4,0.1,1,1,1,1,uniform,,100000,10000,10.0,10,1,1,0.0,1,0.3918783999979496,5.7415255999949295,1.3386038000171538,7.47206540001207,225.32984161376953,839.40234375,True,True,68869e6
B_fd_count,fd_count,1,BCNF-Index,1000000,1100000,1100000,1000000,3,0,0.1,1,1,1,1,uniform,,100000,10000,10.0,10,1,1,0.0,1,0.3914834999886807,3.0079125000047497,0.8698909000086132,4.269308699993417,133.77745819091797,839.078125,True,True,68869e6
B_fd_count,fd_count,1,BCNF-Index,1000000,1100000,1100000,1000000,3,1,0.1,1,1,1,1,uniform,,100000,10000,10.0,10,1,1,0.0,1,0.3998486999771558,2.80887919999077,0.8460597999801394,4.054802499973448,133.77740478515625,839.5,True,True,68869e6
B_fd_count,fd_count,1,BCNF-Index,1000000,1100000,1100000,1000000,3,2,0.1,1,1,1,1,uniform,,100000,10000,10.0,10,1,1,0.0,1,0.38577860000077635,2.806720900000073,0.829081200005021,4.021590599993942,133.77723693847656,839.5,True,True,68869e6
B_fd_count,fd_count,1,BCNF-Index,1000000,1100000,1100000,1000000,3,3,0.1,1,1,1,1,uniform,,100000,10000,10.0,10,1,1,0.0,1,0.38670560001628473,2.666027100000065,0.7885122000006959,3.841255100007402,133.77723693847656,839.48828125,True,True,68869e6
B_fd_count,fd_count,1,BCNF-Index,1000000,1100000,1100000,1000000,3,4,0.1,1,1,1,1,uniform,,100000,10000,10.0,10,1,1,0.0,1,0.3446828000014648,2.700488200003747,0.828329300013138,3.873512500023935,133.77723693847656,839.4921875,True,True,68869e6
B_fd_count,fd_count,1,FD-Hash,1000000,1100000,1100000,1000000,4,0,0.1,1,1,1,1,uniform,,100000,10000,10.0,10,1,1,0.0,1,0.35658589997910894,5.894301799999084,1.3749217000149656,7.625854899990372,225.33039093017578,1076.9296875,True,True,68869e6
B_fd_count,fd_count,1,FD-Hash,1000000,1100000,1100000,1000000,4,1,0.1,1,1,1,1,uniform,,100000,10000,10.0,10,1,1,0.0,1,0.3487588000134565,5.796793799992884,1.5105925000098068,7.656187400018098,225.32984161376953,1076.51953125,True,True,68869e6
B_fd_count,fd_count,1,FD-Hash,1000000,1100000,1100000,1000000,4,2,0.1,1,1,1,1,uniform,,100000,10000,10.0,10,1,1,0.0,1,0.376308600010816,5.9900978000077885,1.4448498999990989,7.811305200011702,225.33001708984375,1076.51953125,True,True,68869e6
B_fd_count,fd_count,1,FD-Hash,1000000,1100000,1100000,1000000,4,3,0.1,1,1,1,1,uniform,,100000,10000,10.0,10,1,1,0.0,1,0.35858420000295155,5.87347689998569,1.3136568999907468,7.545762299996568,225.32984161376953,1074.515625,True,True,68869e6
B_fd_count,fd_count,1,FD-Hash,1000000,1100000,1100000,1000000,4,4,0.1,1,1,1,1,uniform,,100000,10000,10.0,10,1,1,0.0,1,0.3460768999939319,5.624761899991427,1.3313821000047028,7.302266100014094,225.33001708984375,1074.515625,True,True,68869e6
B_fd_count,fd_count,1,BCNF-Index,1000000,1100000,1100000,1000000,4,0,0.1,1,1,1,1,uniform,,100000,10000,10.0,10,1,1,0.0,1,0.37659320002421737,2.6812002999940887,0.8244700000213925,3.8822838999913074,133.77728271484375,1074.5625,True,True,68869e6
B_fd_count,fd_count,1,BCNF-Index,1000000,1100000,1100000,1000000,4,1,0.1,1,1,1,1,uniform,,100000,10000,10.0,10,1,1,0.0,1,0.3414573000045493,2.6325233000097796,0.8267533000034746,3.8007457999920007,133.7772979736328,1074.5703125,True,True,68869e6
B_fd_count,fd_count,1,BCNF-Index,1000000,1100000,1100000,1000000,4,2,0.1,1,1,1,1,uniform,,100000,10000,10.0,10,1,1,0.0,1,0.3451802000054158,2.5654779999749735,0.8362898000050336,3.74695800000336,133.77723693847656,1074.5859375,True,True,68869e6
B_fd_count,fd_count,1,BCNF-Index,1000000,1100000,1100000,1000000,4,3,0.1,1,1,1,1,uniform,,100000,10000,10.0,10,1,1,0.0,1,0.39415269999881275,2.5789929000020493,0.8302176000142936,3.803373900009319,133.77723693847656,1074.58984375,True,True,68869e6
B_fd_count,fd_count,1,BCNF-Index,1000000,1100000,1100000,1000000,4,4,0.1,1,1,1,1,uniform,,100000,10000,10.0,10,1,1,0.0,1,0.36984460000530817,2.698864100006176,0.8569619999907445,3.9256837999855634,133.77741241455078,1074.58984375,True,True,68869e6
B_fd_count,fd_count,1,FD-Hash,1000000,1100000,1100000,1000000,5,0,0.1,1,1,1,1,uniform,,100000,10000,10.0,10,1,1,0.0,1,0.2767424000194296,5.384599100012565,1.2185767999908421,6.879954700008966,225.33039093017578,849.078125,True,True,68869e6
B_fd_count,fd_count,1,FD-Hash,1000000,1100000,1100000,1000000,5,1,0.1,1,1,1,1,uniform,,100000,10000,10.0,10,1,1,0.0,1,0.28997930002515204,5.266895100008696,1.2105497000156902,6.767461300012656,225.33001708984375,848.89453125,True,True,68869e6
B_fd_count,fd_count,1,FD-Hash,1000000,1100000,1100000,1000000,5,2,0.1,1,1,1,1,uniform,,100000,10000,10.0,10,1,1,0.0,1,0.2773622999957297,5.185002300015185,1.1351236999907997,6.597524400014663,225.32984161376953,848.484375,True,True,68869e6
B_fd_count,fd_count,1,FD-Hash,1000000,1100000,1100000,1000000,5,3,0.1,1,1,1,1,uniform,,100000,10000,10.0,10,1,1,0.0,1,0.308066500001587,5.233968399988953,1.1806967000011355,6.722769399988465,225.32984161376953,847.65625,True,True,68869e6
B_fd_count,fd_count,1,FD-Hash,1000000,1100000,1100000,1000000,5,4,0.1,1,1,1,1,uniform,,100000,10000,10.0,10,1,1,0.0,1,0.2766787000000477,5.239090499992017,1.235278100008145,6.751083299983293,225.33001708984375,848.48046875,True,True,68869e6
B_fd_count,fd_count,1,BCNF-Index,1000000,1100000,1100000,1000000,5,0,0.1,1,1,1,1,uniform,,100000,10000,10.0,10,1,1,0.0,1,0.31087400001706555,2.4647022999997716,0.7554295999871101,3.5310201999964193,133.77728271484375,848.69921875,True,True,68869e6
B_fd_count,fd_count,1,BCNF-Index,1000000,1100000,1100000,1000000,5,1,0.1,1,1,1,1,uniform,,100000,10000,10.0,10,1,1,0.0,1,0.3032787000120152,2.431761899992125,0.7245093999954406,3.459560000017518,133.7772979736328,848.69921875,True,True,68869e6
B_fd_count,fd_count,1,BCNF-Index,1000000,1100000,1100000,1000000,5,2,0.1,1,1,1,1,uniform,,100000,10000,10.0,10,1,1,0.0,1,0.2813218999945093,2.387860600021668,0.7422870999726001,3.4114780999952927,133.77723693847656,848.69921875,True,True,68869e6
B_fd_count,fd_count,1,BCNF-Index,1000000,1100000,1100000,1000000,5,3,0.1,1,1,1,1,uniform,,100000,10000,10.0,10,1,1,0.0,1,0.2986603000026662,2.4900667000038084,0.7706261999846902,3.559365600027377,133.77741241455078,849.53515625,True,True,68869e6
B_fd_count,fd_count,1,BCNF-Index,1000000,1100000,1100000,1000000,5,4,0.1,1,1,1,1,uniform,,100000,10000,10.0,10,1,1,0.0,1,0.2821809000161011,2.4522450000222307,0.7371425000019372,3.4715775000222493,133.77734375,849.7265625,True,True,68869e6
B_fd_count,fd_count,2,FD-Hash,1000000,1100000,1100000,1000000,1,0,0.1,2,2,2,1,uniform,,100000,10000,10.0,10,2,1,0.5,2,0.2963884000200778,9.860841099987738,1.154626300005475,11.311895799997728,349.2536392211914,833.1875,True,True,68869e6
B_fd_count,fd_count,2,FD-Hash,1000000,1100000,1100000,1000000,1,1,0.1,2,2,2,1,uniform,,100000,10000,10.0,10,2,1,0.5,2,0.2983548000047449,10.0467370999977,1.1923840999952517,11.537516299984418,349.2533874511719,833.1875,True,True,68869e6
B_fd_count,fd_count,2,FD-Hash,1000000,1100000,1100000,1000000,1,2,0.1,2,2,2,1,uniform,,100000,10000,10.0,10,2,1,0.5,2,0.2872798999887891,9.684363500011386,1.1133728999993764,11.085052099981112,349.25321197509766,781.8125,True,True,68869e6
B_fd_count,fd_count,2,FD-Hash,1000000,1100000,1100000,1000000,1,3,0.1,2,2,2,1,uniform,,100000,10000,10.0,10,2,1,0.5,2,0.2744066000159364,9.64504790000501,1.1262051000085194,11.045697599998675,349.2534484863281,782.97265625,True,True,68869e6
B_fd_count,fd_count,2,FD-Hash,1000000,1100000,1100000,1000000,1,4,0.1,2,2,2,1,uniform,,100000,10000,10.0,10,2,1,0.5,2,0.28233909999835305,9.629740400006995,1.159727499994915,11.071843300014734,349.2534484863281,783.98046875,True,True,68869e6
B_fd_count,fd_count,2,BCNF-Index,1000000,1100000,1100000,1000000,1,0,0.1,2,2,2,1,uniform,,100000,10000,10.0,10,2,1,0.5,1,0.3143800999969244,2.4296292000217363,0.7292420999729075,3.4732661000161897,133.77729034423828,784.41796875,True,True,68869e6
B_fd_count,fd_count,2,BCNF-Index,1000000,1100000,1100000,1000000,1,1,0.1,2,2,2,1,uniform,,100000,10000,10.0,10,2,1,0.5,1,0.27753379999194294,2.4243260999792255,0.7236933000094723,3.4255625999940094,133.77730560302734,785.5078125,True,True,68869e6
B_fd_count,fd_count,2,BCNF-Index,1000000,1100000,1100000,1000000,1,2,0.1,2,2,2,1,uniform,,100000,10000,10.0,10,2,1,0.5,1,0.297734899999341,2.409325099986745,0.7247621999995317,3.4318304999906104,133.7772445678711,786.5703125,True,True,68869e6
B_fd_count,fd_count,2,BCNF-Index,1000000,1100000,1100000,1000000,1,3,0.1,2,2,2,1,uniform,,100000,10000,10.0,10,2,1,0.5,1,0.28676059999270365,2.4276582000020426,0.7811128000030294,3.4955420999904163,133.7774200439453,786.5703125,True,True,68869e6
B_fd_count,fd_count,2,BCNF-Index,1000000,1100000,1100000,1000000,1,4,0.1,2,2,2,1,uniform,,100000,10000,10.0,10,2,1,0.5,1,0.27388810002594255,2.4460240000043996,0.749463599990122,3.469384199997876,133.77735137939453,784.37890625,True,True,68869e6
B_fd_count,fd_count,2,FD-Hash,1000000,1100000,1100000,1000000,2,0,0.1,2,2,2,1,uniform,,100000,10000,10.0,10,2,1,0.5,2,0.2776060000178404,9.762379099993268,1.1720320000022184,11.212053600000218,349.2535705566406,1038.78125,True,True,68869e6
B_fd_count,fd_count,2,FD-Hash,1000000,1100000,1100000,1000000,2,1,0.1,2,2,2,1,uniform,,100000,10000,10.0,10,2,1,0.5,2,0.277591999998549,9.663877200015122,1.132425499992678,11.07393289997708,349.2533874511719,1037.1328125,True,True,68869e6
B_fd_count,fd_count,2,FD-Hash,1000000,1100000,1100000,1000000,2,2,0.1,2,2,2,1,uniform,,100000,10000,10.0,10,2,1,0.5,2,0.3269748000020627,9.528075000009267,1.0949406999861822,10.950027600018075,349.25321197509766,1037.140625,True,True,68869e6
B_fd_count,fd_count,2,FD-Hash,1000000,1100000,1100000,1000000,2,3,0.1,2,2,2,1,uniform,,100000,10000,10.0,10,2,1,0.5,2,0.28825939999660477,9.62817010001163,1.1466955000068992,11.063161099998979,349.2534484863281,1037.140625,True,True,68869e6
B_fd_count,fd_count,2,FD-Hash,1000000,1100000,1100000,1000000,2,4,0.1,2,2,2,1,uniform,,100000,10000,10.0,10,2,1,0.5,2,0.2907904000021517,9.599858600005973,1.1284088999964297,11.019096699979855,349.2534484863281,1037.1328125,True,True,68869e6
B_fd_count,fd_count,2,BCNF-Index,1000000,1100000,1100000,1000000,2,0,0.1,2,2,2,1,uniform,,100000,10000,10.0,10,2,1,0.5,1,0.295649699983187,2.386629200016614,0.7361426999850664,3.418436899984954,133.77729034423828,1037.2109375,True,True,68869e6
B_fd_count,fd_count,2,BCNF-Index,1000000,1100000,1100000,1000000,2,1,0.1,2,2,2,1,uniform,,100000,10000,10.0,10,2,1,0.5,1,0.28801809999276884,2.444180899998173,0.7276818999962416,3.4598906000028364,133.77730560302734,1037.21484375,True,True,68869e6
B_fd_count,fd_count,2,BCNF-Index,1000000,1100000,1100000,1000000,2,2,0.1,2,2,2,1,uniform,,100000,10000,10.0,10,2,1,0.5,1,0.2769220000191126,2.441221700020833,0.7835066999832634,3.501659599976847,133.7772445678711,1037.21484375,True,True,68869e6
B_fd_count,fd_count,2,BCNF-Index,1000000,1100000,1100000,1000000,2,3,0.1,2,2,2,1,uniform,,100000,10000,10.0,10,2,1,0.5,1,0.29086950002238154,2.413697400013916,0.7714477000117768,3.4760260000184644,133.7774200439453,1037.20703125,True,True,68869e6
B_fd_count,fd_count,2,BCNF-Index,1000000,1100000,1100000,1000000,2,4,0.1,2,2,2,1,uniform,,100000,10000,10.0,10,2,1,0.5,1,0.27284249998047017,2.4532583999971393,0.7312005999847315,3.457311200007098,133.77735137939453,1037.234375,True,True,68869e6
B_fd_count,fd_count,2,FD-Hash,1000000,1100000,1100000,1000000,3,0,0.1,2,2,2,1,uniform,,100000,10000,10.0,10,2,1,0.5,2,0.3394554000115022,10.655381699994905,1.368427800014615,12.36330630001612,349.2535705566406,793.87109375,True,True,68869e6
B_fd_count,fd_count,2,FD-Hash,1000000,1100000,1100000,1000000,3,1,0.1,2,2,2,1,uniform,,100000,10000,10.0,10,2,1,0.5,2,0.3490996000182349,10.98611900000833,1.4292825000011362,12.764550699997926,349.2533874511719,794.9609375,True,True,68869e6
B_fd_count,fd_count,2,FD-Hash,1000000,1100000,1100000,1000000,3,2,0.1,2,2,2,1,uniform,,100000,10000,10.0,10,2,1,0.5,2,0.36380920000374317,11.475389700004598,1.3406575999979395,13.179900899995118,349.25321197509766,796.0390625,True,True,68869e6
B_fd_count,fd_count,2,FD-Hash,1000000,1100000,1100000,1000000,3,3,0.1,2,2,2,1,uniform,,100000,10000,10.0,10,2,1,0.5,2,0.38651050001499243,10.921198700001696,1.3802941000030842,12.688048200012418,349.2534484863281,796.0390625,True,True,68869e6
B_fd_count,fd_count,2,FD-Hash,1000000,1100000,1100000,1000000,3,4,0.1,2,2,2,1,uniform,,100000,10000,10.0,10,2,1,0.5,2,0.33847130002686754,11.09854069998255,1.3066179000015836,12.743675300007453,349.2534484863281,795.83984375,True,True,68869e6
B_fd_count,fd_count,2,BCNF-Index,1000000,1100000,1100000,1000000,3,0,0.1,2,2,2,1,uniform,,100000,10000,10.0,10,2,1,0.5,1,0.3712107000174001,2.671083200024441,0.8252120999968611,3.86752470000647,133.77729034423828,796.4609375,True,True,68869e6
B_fd_count,fd_count,2,BCNF-Index,1000000,1100000,1100000,1000000,3,1,0.1,2,2,2,1,uniform,,100000,10000,10.0,10,2,1,0.5,1,0.3662171999749262,2.642961400008062,0.8165568000113126,3.825750499992864,133.77730560302734,797.515625,True,True,68869e6
B_fd_count,fd_count,2,BCNF-Index,1000000,1100000,1100000,1000000,3,2,0.1,2,2,2,1,uniform,,100000,10000,10.0,10,2,1,0.5,1,0.3755724999937229,2.775545399985276,0.9270985000184737,4.078229700011434,133.7774200439453,797.515625,True,True,68869e6
B_fd_count,fd_count,2,BCNF-Index,1000000,1100000,1100000,1000000,3,3,0.1,2,2,2,1,uniform,,100000,10000,10.0,10,2,1,0.5,1,0.3656831000116654,2.773858600005042,0.8949765999859665,4.03452890002518,133.77735137939453,797.31640625,True,True,68869e6
B_fd_count,fd_count,2,BCNF-Index,1000000,1100000,1100000,1000000,3,4,0.1,2,2,2,1,uniform,,100000,10000,10.0,10,2,1,0.5,1,0.3817113999975845,2.788375600008294,0.8791253000090364,4.049222899979213,133.7772445678711,797.296875,True,True,68869e6
B_fd_count,fd_count,2,FD-Hash,1000000,1100000,1100000,1000000,4,0,0.1,2,2,2,1,uniform,,100000,10000,10.0,10,2,1,0.5,2,0.3689031999965664,10.89177810002002,1.349323300004471,12.610051600000588,349.2535705566406,1044.43359375,True,True,68869e6
B_fd_count,fd_count,2,FD-Hash,1000000,1100000,1100000,1000000,4,1,0.1,2,2,2,1,uniform,,100000,10000,10.0,10,2,1,0.5,2,0.36288499998045154,11.040668200002983,1.4152934000012465,12.81889319999027,349.2533874511719,1042.1171875,True,True,68869e6
B_fd_count,fd_count,2,FD-Hash,1000000,1100000,1100000,1000000,4,2,0.1,2,2,2,1,uniform,,100000,10000,10.0,10,2,1,0.5,2,0.37919450001209043,11.115698699984932,1.3731510999787133,12.868088499992155,349.25321197509766,1042.12109375,True,True,68869e6
B_fd_count,fd_count,2,FD-Hash,1000000,1100000,1100000,1000000,4,3,0.1,2,2,2,1,uniform,,100000,10000,10.0,10,2,1,0.5,2,0.3766317999979947,10.52906709999661,1.2851746999949683,12.190930899989326,349.2534484863281,1042.12109375,True,True,68869e6
B_fd_count,fd_count,2,FD-Hash,1000000,1100000,1100000,1000000,4,4,0.1,2,2,2,1,uniform,,100000,10000,10.0,10,2,1,0.5,2,0.37228850001702085,10.410129800002323,1.2956326999992598,12.078094999975292,349.2534484863281,1042.11328125,True,True,68869e6
B_fd_count,fd_count,2,BCNF-Index,1000000,1100000,1100000,1000000,4,0,0.1,2,2,2,1,uniform,,100000,10000,10.0,10,2,1,0.5,1,0.3478616999927908,2.818991800013464,0.8940286999859381,4.060902599972906,133.77729034423828,1042.1875,True,True,68869e6
B_fd_count,fd_count,2,BCNF-Index,1000000,1100000,1100000,1000000,4,1,0.1,2,2,2,1,uniform,,100000,10000,10.0,10,2,1,0.5,1,0.41821400000480935,2.8880051000160165,0.8975470000004862,4.203778499999316,133.77730560302734,1042.1875,True,True,68869e6
B_fd_count,fd_count,2,BCNF-Index,1000000,1100000,1100000,1000000,4,2,0.1,2,2,2,1,uniform,,100000,10000,10.0,10,2,1,0.5,1,0.3928095999872312,3.1318264000001363,0.949668000015663,4.474323700007517,133.7774200439453,1042.1875,True,True,68869e6
B_fd_count,fd_count,2,BCNF-Index,1000000,1100000,1100000,1000000,4,3,0.1,2,2,2,1,uniform,,100000,10000,10.0,10,2,1,0.5,1,0.41154760000063106,2.9355324000061955,0.9398134000075515,4.286902899999404,133.77735137939453,1042.18359375,True,True,68869e6
B_fd_count,fd_count,2,BCNF-Index,1000000,1100000,1100000,1000000,4,4,0.1,2,2,2,1,uniform,,100000,10000,10.0,10,2,1,0.5,1,0.37332849999074824,3.2343781999952625,0.9556467999937013,4.563365800015163,133.7772445678711,1042.18359375,True,True,68869e6
B_fd_count,fd_count,2,FD-Hash,1000000,1100000,1100000,1000000,5,0,0.1,2,2,2,1,uniform,,100000,10000,10.0,10,2,1,0.5,2,0.35100450000027195,11.817017599998508,1.3852451000129804,13.553312900010496,349.2535705566406,806.890625,True,True,68869e6
B_fd_count,fd_count,2,FD-Hash,1000000,1100000,1100000,1000000,5,1,0.1,2,2,2,1,uniform,,100000,10000,10.0,10,2,1,0.5,2,0.3461247000086587,11.27977729999111,1.3713952999969479,12.997344400006114,349.2533874511719,806.9375,True,True,68869e6
B_fd_count,fd_count,2,FD-Hash,1000000,1100000,1100000,1000000,5,2,0.1,2,2,2,1,uniform,,100000,10000,10.0,10,2,1,0.5,2,0.3491395000019111,11.09180729999207,1.3988340999931097,12.839830199984135,349.25321197509766,808.0703125,True,True,68869e6
B_fd_count,fd_count,2,FD-Hash,1000000,1100000,1100000,1000000,5,3,0.1,2,2,2,1,uniform,,100000,10000,10.0,10,2,1,0.5,2,0.3659373999980744,11.147002200013958,1.2953310000011697,12.808314099995187,349.2534484863281,808.0703125,True,True,68869e6
B_fd_count,fd_count,2,FD-Hash,1000000,1100000,1100000,1000000,5,4,0.1,2,2,2,1,uniform,,100000,10000,10.0,10,2,1,0.5,2,0.35919920000014827,10.793593299982604,1.2261320000106934,12.37896770000225,349.2534484863281,807.93359375,True,True,68869e6
B_fd_count,fd_count,2,BCNF-Index,1000000,1100000,1100000,1000000,5,0,0.1,2,2,2,1,uniform,,100000,10000,10.0,10,2,1,0.5,1,0.3154334999853745,2.8088349000026938,0.9061441000085324,4.030431099992711,133.77729034423828,577.7109375,True,True,68869e6
B_fd_count,fd_count,2,BCNF-Index,1000000,1100000,1100000,1000000,5,1,0.1,2,2,2,1,uniform,,100000,10000,10.0,10,2,1,0.5,1,0.38327969997772016,3.07923039997695,0.931096999993315,4.393619999988005,133.77730560302734,579.77734375,True,True,68869e6
B_fd_count,fd_count,2,BCNF-Index,1000000,1100000,1100000,1000000,5,2,0.1,2,2,2,1,uniform,,100000,10000,10.0,10,2,1,0.5,1,0.3703026000002865,3.12404249998508,0.9664044999808539,4.460764799994649,133.7774200439453,579.77734375,True,True,68869e6
B_fd_count,fd_count,2,BCNF-Index,1000000,1100000,1100000,1000000,5,3,0.1,2,2,2,1,uniform,,100000,10000,10.0,10,2,1,0.5,1,0.3736312000255566,3.0525969000009354,0.9521842999965884,4.378422900015721,133.77735137939453,579.703125,True,True,68869e6
B_fd_count,fd_count,2,BCNF-Index,1000000,1100000,1100000,1000000,5,4,0.1,2,2,2,1,uniform,,100000,10000,10.0,10,2,1,0.5,1,0.3895232999930158,3.1720608999894466,1.0270239999808837,4.588619799993467,133.7772445678711,579.69140625,True,True,68869e6
B_fd_count,fd_count,4,FD-Hash,1000000,1100000,1100000,1000000,1,0,0.1,4,4,4,1,uniform,,100000,10000,10.0,10,4,1,0.75,4,0.29819729999871925,19.97872469999129,1.21131719998084,21.488282300007995,597.1005554199219,837.26171875,True,True,68869e6
B_fd_count,fd_count,4,FD-Hash,1000000,1100000,1100000,1000000,1,1,0.1,4,4,4,1,uniform,,100000,10000,10.0,10,4,1,0.75,4,0.28759289998561144,20.486470100004226,1.275791099993512,22.0498963999853,597.1003112792969,844.1796875,True,True,68869e6
B_fd_count,fd_count,4,FD-Hash,1000000,1100000,1100000,1000000,1,2,0.1,4,4,4,1,uniform,,100000,10000,10.0,10,4,1,0.75,4,0.37517049998859875,20.787316199974157,1.4951253000181168,22.657660299999407,597.1001892089844,844.1796875,True,True,68869e6
B_fd_count,fd_count,4,FD-Hash,1000000,1100000,1100000,1000000,1,3,0.1,4,4,4,1,uniform,,100000,10000,10.0,10,4,1,0.75,4,0.3911652000097092,21.399623299977975,1.3065736999851651,23.097409700014396,597.1003112792969,843.90625,True,True,68869e6
B_fd_count,fd_count,4,FD-Hash,1000000,1100000,1100000,1000000,1,4,0.1,4,4,4,1,uniform,,100000,10000,10.0,10,4,1,0.75,4,0.3303806000039913,19.730112499993993,1.2904082000022754,21.350946099992143,597.1002502441406,843.90625,True,True,68869e6
B_fd_count,fd_count,4,BCNF-Index,1000000,1100000,1100000,1000000,1,0,0.1,4,4,4,1,uniform,,100000,10000,10.0,10,4,1,0.75,1,0.290833399980329,2.6147746999922674,0.8015280999825336,3.7071557999879587,133.77741241455078,840.984375,True,True,68869e6
B_fd_count,fd_count,4,BCNF-Index,1000000,1100000,1100000,1000000,1,1,0.1,4,4,4,1,uniform,,100000,10000,10.0,10,4,1,0.75,1,0.3069582000025548,2.466729799984023,0.7525520999915898,3.526249899994582,133.77742767333984,841.984375,True,True,68869e6
B_fd_count,fd_count,4,BCNF-Index,1000000,1100000,1100000,1000000,1,2,0.1,4,4,4,1,uniform,,100000,10000,10.0,10,4,1,0.75,1,0.30347970000002533,2.484707100025844,0.76743379997788,3.5556288000079803,133.77725982666016,842.98828125,True,True,68869e6
B_fd_count,fd_count,4,BCNF-Index,1000000,1100000,1100000,1000000,1,3,0.1,4,4,4,1,uniform,,100000,10000,10.0,10,4,1,0.75,1,0.2845320999913383,2.5251973000122234,0.7558007999905385,3.5655389000021387,133.77725982666016,844.0,True,True,68869e6
B_fd_count,fd_count,4,BCNF-Index,1000000,1100000,1100000,1000000,1,4,0.1,4,4,4,1,uniform,,100000,10000,10.0,10,4,1,0.75,1,0.29592269999557175,2.4581378000148106,0.7534280000254512,3.5074975000170525,133.77725982666016,844.0,True,True,68869e6
B_fd_count,fd_count,4,FD-Hash,1000000,1100000,1100000,1000000,2,0,0.1,4,4,4,1,uniform,,100000,10000,10.0,10,4,1,0.75,4,0.2975860000005923,21.109373000013875,1.3592577999806963,22.76626020000549,597.1004333496094,1120.90625,True,True,68869e6
B_fd_count,fd_count,4,FD-Hash,1000000,1100000,1100000,1000000,2,1,0.1,4,4,4,1,uniform,,100000,10000,10.0,10,4,1,0.75,4,0.36106170000857674,21.563678899983643,1.264766000007512,23.189557200006675,597.1001892089844,1125.4765625,True,True,68869e6
B_fd_count,fd_count,4,FD-Hash,1000000,1100000,1100000,1000000,2,2,0.1,4,4,4,1,uniform,,100000,10000,10.0,10,4,1,0.75,4,0.3520465999899898,21.460813300014706,1.2750747999816667,23.08798390001175,597.1003112792969,1125.4765625,True,True,68869e6
B_fd_count,fd_count,4,FD-Hash,1000000,1100000,1100000,1000000,2,3,0.1,4,4,4,1,uniform,,100000,10000,10.0,10,4,1,0.75,4,0.32731250001234,21.50396269999328,1.3350576999946497,23.166376300010597,597.1001892089844,1136.06640625,True,True,68869e6
B_fd_count,fd_count,4,FD-Hash,1000000,1100000,1100000,1000000,2,4,0.1,4,4,4,1,uniform,,100000,10000,10.0,10,4,1,0.75,4,0.3138479999906849,20.017189900012454,1.2313131999981124,21.562392199994065,597.1003112792969,1138.67578125,True,True,68869e6
B_fd_count,fd_count,4,BCNF-Index,1000000,1100000,1100000,1000000,2,0,0.1,4,4,4,1,uniform,,100000,10000,10.0,10,4,1,0.75,1,0.3038578999985475,2.475127400015481,0.7355721999774687,3.5145722000161186,133.77730560302734,1138.62890625,True,True,68869e6
B_fd_count,fd_count,4,BCNF-Index,1000000,1100000,1100000,1000000,2,1,0.1,4,4,4,1,uniform,,100000,10000,10.0,10,4,1,0.75,1,0.28837409999687225,2.464259200001834,0.735339099977864,3.4879818000190426,133.77725982666016,1138.65625,True,True,68869e6
B_fd_count,fd_count,4,BCNF-Index,1000000,1100000,1100000,1000000,2,2,0.1,4,4,4,1,uniform,,100000,10000,10.0,10,4,1,0.75,1,0.3150964000087697,2.5093590000178665,0.7725548000016715,3.5970201000163797,133.77725982666016,1138.65625,True,True,68869e6
B_fd_count,fd_count,4,BCNF-Index,1000000,1100000,1100000,1000000,2,3,0.1,4,4,4,1,uniform,,100000,10000,10.0,10,4,1,0.75,1,0.29997740001999773,2.5059871000121348,0.825888199993642,3.631863400019938,133.7773666381836,1138.65625,True,True,68869e6
B_fd_count,fd_count,4,BCNF-Index,1000000,1100000,1100000,1000000,2,4,0.1,4,4,4,1,uniform,,100000,10000,10.0,10,4,1,0.75,1,0.30225760000757873,2.466243700007908,0.7514060999965295,3.5199170999985654,133.7773666381836,1137.6484375,True,True,68869e6
B_fd_count,fd_count,4,FD-Hash,1000000,1100000,1100000,1000000,3,0,0.1,4,4,4,1,uniform,,100000,10000,10.0,10,4,1,0.75,4,0.2784938999975566,19.079121600021608,1.207062199973734,20.564715899992734,597.1004333496094,859.140625,True,True,68869e6
B_fd_count,fd_count,4,FD-Hash,1000000,1100000,1100000,1000000,3,1,0.1,4,4,4,1,uniform,,100000,10000,10.0,10,4,1,0.75,4,0.30845040001440793,19.40371199999936,1.1501583000062965,20.862363499996718,597.1002502441406,855.4453125,True,True,68869e6
B_fd_count,fd_count,4,FD-Hash,1000000,1100000,1100000,1000000,3,2,0.1,4,4,4,1,uniform,,100000,10000,10.0,10,4,1,0.75,4,0.2845619000145234,19.11169879999943,1.1848460999899544,20.58114540000679,597.1001892089844,858.796875,True,True,68869e6
B_fd_count,fd_count,4,FD-Hash,1000000,1100000,1100000,1000000,3,3,0.1,4,4,4,1,uniform,,100000,10000,10.0,10,4,1,0.75,4,0.2854485999851022,18.964368299988564,1.2299078999785706,20.479765199997928,597.1003112792969,859.58203125,True,True,68869e6
B_fd_count,fd_count,4,FD-Hash,1000000,1100000,1100000,1000000,3,4,0.1,4,4,4,1,uniform,,100000,10000,10.0,10,4,1,0.75,4,0.2973190000047907,19.060585800005356,1.2063339999876916,20.564285700005712,597.1001892089844,860.69140625,True,True,68869e6
B_fd_count,fd_count,4,BCNF-Index,1000000,1100000,1100000,1000000,3,0,0.1,4,4,4,1,uniform,,100000,10000,10.0,10,4,1,0.75,1,0.28403809998417273,2.469865999999456,0.7545200000167824,3.508438399992883,133.77730560302734,861.58984375,True,True,68869e6
B_fd_count,fd_count,4,BCNF-Index,1000000,1100000,1100000,1000000,3,1,0.1,4,4,4,1,uniform,,100000,10000,10.0,10,4,1,0.75,1,0.29659309997805394,2.4963235000032,0.765877099998761,3.5588025999895763,133.7773666381836,862.55859375,True,True,68869e6
B_fd_count,fd_count,4,BCNF-Index,1000000,1100000,1100000,1000000,3,2,0.1,4,4,4,1,uniform,,100000,10000,10.0,10,4,1,0.75,1,0.27353529998799786,2.3682863999856636,0.7238461000088137,3.365676199988229,133.7773666381836,862.6171875,True,True,68869e6
B_fd_count,fd_count,4,BCNF-Index,1000000,1100000,1100000,1000000,3,3,0.1,4,4,4,1,uniform,,100000,10000,10.0,10,4,1,0.75,1,0.36212049997993745,2.4552994999976363,0.7579005000006873,3.575329799990868,133.77725982666016,863.6171875,True,True,68869e6
B_fd_count,fd_count,4,BCNF-Index,1000000,1100000,1100000,1000000,3,4,0.1,4,4,4,1,uniform,,100000,10000,10.0,10,4,1,0.75,1,0.3424877000215929,2.463496300013503,0.7817664000031073,3.5877601000247523,133.77725982666016,864.6171875,True,True,68869e6
B_fd_count,fd_count,4,FD-Hash,1000000,1100000,1100000,1000000,4,0,0.1,4,4,4,1,uniform,,100000,10000,10.0,10,4,1,0.75,4,0.28567939999629743,19.06589840000379,1.2730428000213578,20.62466040000436,597.1004333496094,1142.890625,True,True,68869e6
B_fd_count,fd_count,4,FD-Hash,1000000,1100000,1100000,1000000,4,1,0.1,4,4,4,1,uniform,,100000,10000,10.0,10,4,1,0.75,4,0.30376099998829886,19.07751860001008,1.1800585000019055,20.561378399987007,597.1003112792969,1146.23828125,True,True,68869e6
B_fd_count,fd_count,4,FD-Hash,1000000,1100000,1100000,1000000,4,2,0.1,4,4,4,1,uniform,,100000,10000,10.0,10,4,1,0.75,4,0.28873990001739,18.8939309999987,1.169344199995976,20.35206040000776,597.1002502441406,1146.23828125,True,True,68869e6
B_fd_count,fd_count,4,FD-Hash,1000000,1100000,1100000,1000000,4,3,0.1,4,4,4,1,uniform,,100000,10000,10.0,10,4,1,0.75,4,0.2788734000059776,19.10120099998312,1.1408766000240576,20.52099140000064,597.1001892089844,1152.38671875,True,True,68869e6
B_fd_count,fd_count,4,FD-Hash,1000000,1100000,1100000,1000000,4,4,0.1,4,4,4,1,uniform,,100000,10000,10.0,10,4,1,0.75,4,0.28776289999950677,18.8931216999772,1.1712633999995887,20.35219109998434,597.1003112792969,1153.66015625,True,True,68869e6
B_fd_count,fd_count,4,BCNF-Index,1000000,1100000,1100000,1000000,4,0,0.1,4,4,4,1,uniform,,100000,10000,10.0,10,4,1,0.75,1,0.2839914000069257,2.406554999994114,0.7233927000197582,3.4139538000163157,133.77730560302734,1153.54296875,True,True,68869e6
B_fd_count,fd_count,4,BCNF-Index,1000000,1100000,1100000,1000000,4,1,0.1,4,4,4,1,uniform,,100000,10000,10.0,10,4,1,0.75,1,0.2940816000045743,2.3569545000209473,0.7167222000134643,3.3677666999865323,133.77725982666016,1153.5703125,True,True,68869e6
B_fd_count,fd_count,4,BCNF-Index,1000000,1100000,1100000,1000000,4,2,0.1,4,4,4,1,uniform,,100000,10000,10.0,10,4,1,0.75,1,0.28389289998449385,2.422572699986631,0.7732488000183366,3.479723299999023,133.77725982666016,1153.5703125,True,True,68869e6
B_fd_count,fd_count,4,BCNF-Index,1000000,1100000,1100000,1000000,4,3,0.1,4,4,4,1,uniform,,100000,10000,10.0,10,4,1,0.75,1,0.2783194000076037,2.4301431000058074,0.7078437000163831,3.416314700007206,133.77725982666016,1152.62890625,True,True,68869e6
B_fd_count,fd_count,4,BCNF-Index,1000000,1100000,1100000,1000000,4,4,0.1,4,4,4,1,uniform,,100000,10000,10.0,10,4,1,0.75,1,0.2932464999903459,2.3901290000067092,0.7671143000188749,3.450500100007048,133.7773666381836,1151.75,True,True,68869e6
B_fd_count,fd_count,4,FD-Hash,1000000,1100000,1100000,1000000,5,0,0.1,4,4,4,1,uniform,,100000,10000,10.0,10,4,1,0.75,4,0.28966680000303313,19.289213900017785,1.1870547000144143,20.765982199984137,597.1004333496094,883.1328125,True,True,68869e6
B_fd_count,fd_count,4,FD-Hash,1000000,1100000,1100000,1000000,5,1,0.1,4,4,4,1,uniform,,100000,10000,10.0,10,4,1,0.75,4,0.2857427000126336,18.711971900018398,1.2205773000023328,20.218333600001642,597.1002502441406,883.1328125,True,True,68869e6
B_fd_count,fd_count,4,FD-Hash,1000000,1100000,1100000,1000000,5,2,0.1,4,4,4,1,uniform,,100000,10000,10.0,10,4,1,0.75,4,0.2864613000128884,18.6225407999882,1.2605398999876343,20.16958070002147,597.1003112792969,881.578125,True,True,68869e6
B_fd_count,fd_count,4,FD-Hash,1000000,1100000,1100000,1000000,5,3,0.1,4,4,4,1,uniform,,100000,10000,10.0,10,4,1,0.75,4,0.30126629999722354,18.625429899984738,1.1544798999966588,20.081214700010605,597.1002502441406,878.17578125,True,True,68869e6
B_fd_count,fd_count,4,FD-Hash,1000000,1100000,1100000,1000000,5,4,0.1,4,4,4,1,uniform,,100000,10000,10.0,10,4,1,0.75,4,0.29995420001796447,18.747704799985513,1.1509134999942034,20.198614900000393,597.1001892089844,884.328125,True,True,68869e6
B_fd_count,fd_count,4,BCNF-Index,1000000,1100000,1100000,1000000,5,0,0.1,4,4,4,1,uniform,,100000,10000,10.0,10,4,1,0.75,1,0.28360710002016276,2.310461299988674,0.7106663000013214,3.304748800001107,133.77730560302734,885.34375,True,True,68869e6
B_fd_count,fd_count,4,BCNF-Index,1000000,1100000,1100000,1000000,5,1,0.1,4,4,4,1,uniform,,100000,10000,10.0,10,4,1,0.75,1,0.28120870000566356,2.4249170000257436,0.7616139999881852,3.467749700008426,133.7773666381836,886.26171875,True,True,68869e6
B_fd_count,fd_count,4,BCNF-Index,1000000,1100000,1100000,1000000,5,2,0.1,4,4,4,1,uniform,,100000,10000,10.0,10,4,1,0.75,1,0.30830999999307096,2.408354600018356,0.7160065999778453,3.4326797999965493,133.7773666381836,886.2734375,True,True,68869e6
B_fd_count,fd_count,4,BCNF-Index,1000000,1100000,1100000,1000000,5,3,0.1,4,4,4,1,uniform,,100000,10000,10.0,10,4,1,0.75,1,0.26895289999083616,2.3378443000256084,0.7097991000046022,3.316605400003027,133.77725982666016,887.3515625,True,True,68869e6
B_fd_count,fd_count,4,BCNF-Index,1000000,1100000,1100000,1000000,5,4,0.1,4,4,4,1,uniform,,100000,10000,10.0,10,4,1,0.75,1,0.27964729999075644,2.3440262000076473,0.7240190000156872,3.3477009999915026,133.77725982666016,887.3515625,True,True,68869e6
B_fd_count,fd_count,8,FD-Hash,1000000,1100000,1100000,1000000,1,0,0.1,8,8,8,1,uniform,,100000,10000,10.0,10,8,1,0.875,8,0.28109140001470223,38.799259299994446,1.183460100000957,40.263860400009435,1123.3119812011719,885.78125,True,True,68869e6
B_fd_count,fd_count,8,FD-Hash,1000000,1100000,1100000,1000000,1,1,0.1,8,8,8,1,uniform,,100000,10000,10.0,10,8,1,0.875,8,0.280964400008088,39.14407249999931,1.357087100011995,40.782175400003325,1123.3116760253906,919.5625,True,True,68869e6
B_fd_count,fd_count,8,FD-Hash,1000000,1100000,1100000,1000000,1,2,0.1,8,8,8,1,uniform,,100000,10000,10.0,10,8,1,0.875,8,0.3810246999782976,42.6354466000048,1.303369000001112,44.319906099990476,1123.3116760253906,919.5625,True,True,68869e6
B_fd_count,fd_count,8,FD-Hash,1000000,1100000,1100000,1000000,1,3,0.1,8,8,8,1,uniform,,100000,10000,10.0,10,8,1,0.875,8,0.3751685000024736,41.1801231999998,1.278708400001051,42.83405379997566,1123.3117370605469,957.73046875,True,True,68869e6
B_fd_count,fd_count,8,FD-Hash,1000000,1100000,1100000,1000000,1,4,0.1,8,8,8,1,uniform,,100000,10000,10.0,10,8,1,0.875,8,0.36306830000830814,40.403450899990276,1.1615339999843854,41.92810630000895,1123.3117370605469,967.6875,True,True,68869e6
B_fd_count,fd_count,8,BCNF-Index,1000000,1100000,1100000,1000000,1,0,0.1,8,8,8,1,uniform,,100000,10000,10.0,10,8,1,0.875,1,0.291322900011437,2.4511868999979924,0.7703366000205278,3.5128631000116,133.77741241455078,968.09375,True,True,68869e6
B_fd_count,fd_count,8,BCNF-Index,1000000,1100000,1100000,1000000,1,1,0.1,8,8,8,1,uniform,,100000,10000,10.0,10,8,1,0.875,1,0.3293208999966737,2.493506900005741,0.7431479999795556,3.5659857999999076,133.77745819091797,968.12890625,True,True,68869e6
B_fd_count,fd_count,8,BCNF-Index,1000000,1100000,1100000,1000000,1,2,0.1,8,8,8,1,uniform,,100000,10000,10.0,10,8,1,0.875,1,0.32588340001530014,2.396005399990827,0.7244576000084635,3.4463550000218675,133.77729034423828,968.12890625,True,True,68869e6
B_fd_count,fd_count,8,BCNF-Index,1000000,1100000,1100000,1000000,1,3,0.1,8,8,8,1,uniform,,100000,10000,10.0,10,8,1,0.875,1,0.2879518999834545,2.3595530999882612,0.7158932999882381,3.3634070999978576,133.77729034423828,969.12890625,True,True,68869e6
B_fd_count,fd_count,8,BCNF-Index,1000000,1100000,1100000,1000000,1,4,0.1,8,8,8,1,uniform,,100000,10000,10.0,10,8,1,0.875,1,0.28968270000768825,2.4570801999943797,0.7338980000058655,3.4806710999982897,133.77729034423828,969.125,True,True,68869e6
B_fd_count,fd_count,8,FD-Hash,1000000,1100000,1100000,1000000,2,0,0.1,8,8,8,1,uniform,,100000,10000,10.0,10,8,1,0.875,8,0.29849789998843335,37.44909470001585,1.1405731000122614,38.88821669999743,1123.3118591308594,1293.5859375,True,True,68869e6
B_fd_count,fd_count,8,FD-Hash,1000000,1100000,1100000,1000000,2,1,0.1,8,8,8,1,uniform,,100000,10000,10.0,10,8,1,0.875,8,0.2958842000225559,37.71646689999034,1.2645698999986053,39.276965299999574,1123.3117370605469,1312.0234375,True,True,68869e6
B_fd_count,fd_count,8,FD-Hash,1000000,1100000,1100000,1000000,2,2,0.1,8,8,8,1,uniform,,100000,10000,10.0,10,8,1,0.875,8,0.2786313999968115,37.35263839998515,1.366357099992456,38.9976729999762,1123.3117370605469,1331.79296875,True,True,68869e6
B_fd_count,fd_count,8,FD-Hash,1000000,1100000,1100000,1000000,2,3,0.1,8,8,8,1,uniform,,100000,10000,10.0,10,8,1,0.875,8,0.2835806999937631,37.184004000009736,1.160176599980332,38.6278108000115,1123.3116149902344,1330.79296875,True,True,68869e6
B_fd_count,fd_count,8,FD-Hash,1000000,1100000,1100000,1000000,2,4,0.1,8,8,8,1,uniform,,100000,10000,10.0,10,8,1,0.875,8,0.2747289999970235,40.20977009998751,1.56676270000753,42.051323399995454,1123.3116149902344,1329.0859375,True,True,68869e6
B_fd_count,fd_count,8,BCNF-Index,1000000,1100000,1100000,1000000,2,0,0.1,8,8,8,1,uniform,,100000,10000,10.0,10,8,1,0.875,1,0.37578500001109205,2.77732050002669,0.8604226000024937,4.013545599998906,133.77733612060547,886.05078125,True,True,68869e6
B_fd_count,fd_count,8,BCNF-Index,1000000,1100000,1100000,1000000,2,1,0.1,8,8,8,1,uniform,,100000,10000,10.0,10,8,1,0.875,1,0.35545440000714734,2.6194700000050943,0.7998432999884244,3.7747773000155576,133.77729034423828,886.19140625,True,True,68869e6
B_fd_count,fd_count,8,BCNF-Index,1000000,1100000,1100000,1000000,2,2,0.1,8,8,8,1,uniform,,100000,10000,10.0,10,8,1,0.875,1,0.352269900002284,2.689528299990343,0.8567576000059489,3.8985688000102527,133.77729034423828,886.19140625,True,True,68869e6
B_fd_count,fd_count,8,BCNF-Index,1000000,1100000,1100000,1000000,2,3,0.1,8,8,8,1,uniform,,100000,10000,10.0,10,8,1,0.875,1,0.35443050001049414,2.7525293999933638,0.8789225000073202,3.9858956999960355,133.7773666381836,886.1875,True,True,68869e6
B_fd_count,fd_count,8,BCNF-Index,1000000,1100000,1100000,1000000,2,4,0.1,8,8,8,1,uniform,,100000,10000,10.0,10,8,1,0.875,1,0.36316939999233,2.755400499998359,0.8359111999743618,3.9544915000151377,133.77739715576172,885.1953125,True,True,68869e6
B_fd_count,fd_count,8,FD-Hash,1000000,1100000,1100000,1000000,3,0,0.1,8,8,8,1,uniform,,100000,10000,10.0,10,8,1,0.875,8,0.3928338999976404,43.35645549997571,1.3190305000171065,45.068372200010344,1123.3118591308594,1020.5,True,True,68869e6
B_fd_count,fd_count,8,FD-Hash,1000000,1100000,1100000,1000000,3,1,0.1,8,8,8,1,uniform,,100000,10000,10.0,10,8,1,0.875,8,0.35459040000569075,42.62135339999804,1.3479092000052333,44.323907899990445,1123.3116149902344,1020.5,True,True,68869e6
B_fd_count,fd_count,8,FD-Hash,1000000,1100000,1100000,1000000,3,2,0.1,8,8,8,1,uniform,,100000,10000,10.0,10,8,1,0.875,8,0.3895589000021573,43.359884600009536,1.3701742000121158,45.11972469999455,1123.3116149902344,1016.92578125,True,True,68869e6
B_fd_count,fd_count,8,FD-Hash,1000000,1100000,1100000,1000000,3,3,0.1,8,8,8,1,uniform,,100000,10000,10.0,10,8,1,0.875,8,0.3589368000102695,42.49964880000334,1.564160300011281,44.422800400003325,1123.3116760253906,1052.4375,True,True,68869e6
B_fd_count,fd_count,8,FD-Hash,1000000,1100000,1100000,1000000,3,4,0.1,8,8,8,1,uniform,,100000,10000,10.0,10,8,1,0.875,8,0.3769392000103835,45.781196900003124,1.4711409000155982,47.62933150000754,1123.3116760253906,1054.1796875,True,True,68869e6
B_fd_count,fd_count,8,BCNF-Index,1000000,1100000,1100000,1000000,3,0,0.1,8,8,8,1,uniform,,100000,10000,10.0,10,8,1,0.875,1,0.3727533999772277,3.034217799984617,0.8878724999958649,4.294874199986225,133.77733612060547,1054.53515625,True,True,68869e6
B_fd_count,fd_count,8,BCNF-Index,1000000,1100000,1100000,1000000,3,1,0.1,8,8,8,1,uniform,,100000,10000,10.0,10,8,1,0.875,1,0.38513850001618266,2.788355500000762,0.8711459999904037,4.04465060000075,133.77729034423828,1055.578125,True,True,68869e6
B_fd_count,fd_count,8,BCNF-Index,1000000,1100000,1100000,1000000,3,2,0.1,8,8,8,1,uniform,,100000,10000,10.0,10,8,1,0.875,1,0.36977679998381063,2.765721100004157,0.8609776000084821,3.9964872999989893,133.7773666381836,1056.57421875,True,True,68869e6
B_fd_count,fd_count,8,BCNF-Index,1000000,1100000,1100000,1000000,3,3,0.1,8,8,8,1,uniform,,100000,10000,10.0,10,8,1,0.875,1,0.3472536999906879,2.6190513000183273,0.8309680999955162,3.797282499988796,133.77739715576172,1056.58203125,True,True,68869e6
B_fd_count,fd_count,8,BCNF-Index,1000000,1100000,1100000,1000000,3,4,0.1,8,8,8,1,uniform,,100000,10000,10.0,10,8,1,0.875,1,0.35730079998029396,2.634616499999538,0.8253403999842703,3.817267999984324,133.77729034423828,1055.58203125,True,True,68869e6
B_fd_count,fd_count,8,FD-Hash,1000000,1100000,1100000,1000000,4,0,0.1,8,8,8,1,uniform,,100000,10000,10.0,10,8,1,0.875,8,0.343920999992406,43.25771850001183,1.2689780999789946,44.87067090001074,1123.3118591308594,1380.90234375,True,True,68869e6
B_fd_count,fd_count,8,FD-Hash,1000000,1100000,1100000,1000000,4,1,0.1,8,8,8,1,uniform,,100000,10000,10.0,10,8,1,0.875,8,0.335134900000412,43.136043100006646,1.2613584999926388,44.73258869998972,1123.3116760253906,1390.34375,True,True,68869e6
B_fd_count,fd_count,8,FD-Hash,1000000,1100000,1100000,1000000,4,2,0.1,8,8,8,1,uniform,,100000,10000,10.0,10,8,1,0.875,8,0.35281780001241714,41.9327930000145,1.2725538999948185,43.5582217000192,1123.3116760253906,1391.54296875,True,True,68869e6
B_fd_count,fd_count,8,FD-Hash,1000000,1100000,1100000,1000000,4,3,0.1,8,8,8,1,uniform,,100000,10000,10.0,10,8,1,0.875,8,0.36381389998132363,41.26882870000554,1.388035599986324,43.020763699983945,1123.3117370605469,1390.54296875,True,True,68869e6
B_fd_count,fd_count,8,FD-Hash,1000000,1100000,1100000,1000000,4,4,0.1,8,8,8,1,uniform,,100000,10000,10.0,10,8,1,0.875,8,0.3769910999981221,41.067540699994424,1.1616754999849945,42.60626620001858,1123.3117370605469,1400.3359375,True,True,68869e6
B_fd_count,fd_count,8,BCNF-Index,1000000,1100000,1100000,1000000,4,0,0.1,8,8,8,1,uniform,,100000,10000,10.0,10,8,1,0.875,1,0.28994660000898875,2.6985120000026654,0.7972191000008024,3.7856973000161815,133.77741241455078,1400.08203125,True,True,68869e6
B_fd_count,fd_count,8,BCNF-Index,1000000,1100000,1100000,1000000,4,1,0.1,8,8,8,1,uniform,,100000,10000,10.0,10,8,1,0.875,1,0.2911540000059176,2.5443067000014707,0.7947136000148021,3.630183700006455,133.77745819091797,1400.11328125,True,True,68869e6
B_fd_count,fd_count,8,BCNF-Index,1000000,1100000,1100000,1000000,4,2,0.1,8,8,8,1,uniform,,100000,10000,10.0,10,8,1,0.875,1,0.28806180000538006,2.4888328000088222,0.7502199000155088,3.527123300009407,133.77729034423828,1399.11328125,True,True,68869e6
B_fd_count,fd_count,8,BCNF-Index,1000000,1100000,1100000,1000000,4,3,0.1,8,8,8,1,uniform,,100000,10000,10.0,10,8,1,0.875,1,0.2970013000012841,2.5293586000043433,0.7459234000125434,3.5722921999986283,133.77729034423828,1399.1171875,True,True,68869e6
B_fd_count,fd_count,8,BCNF-Index,1000000,1100000,1100000,1000000,4,4,0.1,8,8,8,1,uniform,,100000,10000,10.0,10,8,1,0.875,1,0.29177889999118634,2.4976115999743342,0.7551330999995116,3.544533100008266,133.77729034423828,1399.1171875,True,True,68869e6
B_fd_count,fd_count,8,FD-Hash,1000000,1100000,1100000,1000000,5,0,0.1,8,8,8,1,uniform,,100000,10000,10.0,10,8,1,0.875,8,0.28773069998715073,38.80001919998904,1.2525134999887086,40.34030769998208,1123.3118591308594,1078.265625,True,True,68869e6
B_fd_count,fd_count,8,FD-Hash,1000000,1100000,1100000,1000000,5,1,0.1,8,8,8,1,uniform,,100000,10000,10.0,10,8,1,0.875,8,0.3203634000092279,39.179743599990616,1.24083750002319,40.740995300002396,1123.3117370605469,1077.8125,True,True,68869e6
B_fd_count,fd_count,8,FD-Hash,1000000,1100000,1100000,1000000,5,2,0.1,8,8,8,1,uniform,,100000,10000,10.0,10,8,1,0.875,8,0.28533780001453124,39.70264380000299,1.3103261000069324,41.298355400009314,1123.3117370605469,1096.2890625,True,True,68869e6
B_fd_count,fd_count,8,FD-Hash,1000000,1100000,1100000,1000000,5,3,0.1,8,8,8,1,uniform,,100000,10000,10.0,10,8,1,0.875,8,0.31196059999638237,42.30718770000385,1.3389118000050075,43.95810369998799,1123.3117370605469,1110.1640625,True,True,68869e6
B_fd_count,fd_count,8,FD-Hash,1000000,1100000,1100000,1000000,5,4,0.1,8,8,8,1,uniform,,100000,10000,10.0,10,8,1,0.875,8,0.34474570001475513,43.46282060001977,1.2980094000231475,45.10563090001233,1123.3116149902344,1126.41796875,True,True,68869e6
B_fd_count,fd_count,8,BCNF-Index,1000000,1100000,1100000,1000000,5,0,0.1,8,8,8,1,uniform,,100000,10000,10.0,10,8,1,0.875,1,0.34400230000028387,2.799125899997307,0.8318507999938447,3.9749966000090353,133.77733612060547,1127.0,True,True,68869e6
B_fd_count,fd_count,8,BCNF-Index,1000000,1100000,1100000,1000000,5,1,0.1,8,8,8,1,uniform,,100000,10000,10.0,10,8,1,0.875,1,0.3512506000115536,2.7276825000008103,0.8532121000171173,3.9321580000105314,133.77729034423828,1128.03125,True,True,68869e6
B_fd_count,fd_count,8,BCNF-Index,1000000,1100000,1100000,1000000,5,2,0.1,8,8,8,1,uniform,,100000,10000,10.0,10,8,1,0.875,1,0.3514476999989711,2.732583499979228,0.8209268000209704,3.904971400013892,133.77729034423828,1129.02734375,True,True,68869e6
B_fd_count,fd_count,8,BCNF-Index,1000000,1100000,1100000,1000000,5,3,0.1,8,8,8,1,uniform,,100000,10000,10.0,10,8,1,0.875,1,0.3484875000140164,2.6310444000118878,0.803736999980174,3.7832788999949116,133.77729034423828,1130.03125,True,True,68869e6
B_fd_count,fd_count,8,BCNF-Index,1000000,1100000,1100000,1000000,5,4,0.1,8,8,8,1,uniform,,100000,10000,10.0,10,8,1,0.875,1,0.34200430000782944,2.6603286000026856,0.9351857000146993,3.9375332000199705,133.7773666381836,1129.03125,True,True,68869e6
B_fd_count,fd_count,16,FD-Hash,1000000,1100000,1100000,1000000,1,0,0.1,16,15,15,1,uniform,,100000,10000,10.0,10,15,1,0.9333333333333333,15,0.29381740000098944,73.42246030000388,1.1344639000017196,74.85080190000008,2097.587791442871,1100.12109375,True,True,68869e6
B_fd_count,fd_count,16,FD-Hash,1000000,1100000,1100000,1000000,1,1,0.1,16,15,15,1,uniform,,100000,10000,10.0,10,15,1,0.9333333333333333,15,0.2962705999962054,72.20408179998049,1.2116009000164922,73.7120177000179,2097.5874252319336,491.03125,True,True,68869e6
B_fd_count,fd_count,16,FD-Hash,1000000,1100000,1100000,1000000,1,2,0.1,16,15,15,1,uniform,,100000,10000,10.0,10,15,1,0.9333333333333333,15,0.2835958999930881,80.6834191000089,1.6628948999859858,82.63061259998358,2097.587547302246,1293.16796875,True,True,68869e6
B_fd_count,fd_count,16,FD-Hash,1000000,1100000,1100000,1000000,1,3,0.1,16,15,15,1,uniform,,100000,10000,10.0,10,15,1,0.9333333333333333,15,0.29896079999161884,73.45734029999585,1.216508800018346,74.97294959999272,2097.587547302246,1293.38671875,True,True,68869e6
B_fd_count,fd_count,16,FD-Hash,1000000,1100000,1100000,1000000,1,4,0.1,16,15,15,1,uniform,,100000,10000,10.0,10,15,1,0.9333333333333333,15,0.2957915999868419,72.6666155999992,1.2020240999991074,74.16448599999421,2097.587547302246,1347.7578125,True,True,68869e6
B_fd_count,fd_count,16,BCNF-Index,1000000,1100000,1100000,1000000,1,0,0.1,16,15,15,1,uniform,,100000,10000,10.0,10,15,1,0.9333333333333333,1,0.28406490001361817,2.4555123999889474,0.7353135000157636,3.4749058000161313,133.7773895263672,1350.23828125,True,True,68869e6
B_fd_count,fd_count,16,BCNF-Index,1000000,1100000,1100000,1000000,1,1,0.1,16,15,15,1,uniform,,100000,10000,10.0,10,15,1,0.9333333333333333,1,0.29346099999384023,2.4279332000005525,0.7430649999878369,3.464468099991791,133.77734375,1351.265625,True,True,68869e6
B_fd_count,fd_count,16,BCNF-Index,1000000,1100000,1100000,1000000,1,2,0.1,16,15,15,1,uniform,,100000,10000,10.0,10,15,1,0.9333333333333333,1,0.28765919999568723,2.5419713000010233,0.7775214000139385,3.607162200001767,133.7773666381836,1351.265625,True,True,68869e6
B_fd_count,fd_count,16,BCNF-Index,1000000,1100000,1100000,1000000,1,3,0.1,16,15,15,1,uniform,,100000,10000,10.0,10,15,1,0.9333333333333333,1,0.29199560001143254,2.483248200005619,0.7407834000186995,3.5160350000078324,133.77745056152344,1348.15234375,True,True,68869e6
B_fd_count,fd_count,16,BCNF-Index,1000000,1100000,1100000,1000000,1,4,0.1,16,15,15,1,uniform,,100000,10000,10.0,10,15,1,0.9333333333333333,1,0.2895225999818649,2.386917199997697,0.7357245000021067,3.412173399992753,133.77734375,1347.15234375,True,True,68869e6
B_fd_count,fd_count,16,FD-Hash,1000000,1100000,1100000,1000000,2,0,0.1,16,15,15,1,uniform,,100000,10000,10.0,10,15,1,0.9333333333333333,15,0.28434650000417605,74.99148950001108,1.1919564999989234,76.46785289997933,2097.5876693725586,1701.1015625,True,True,68869e6
B_fd_count,fd_count,16,FD-Hash,1000000,1100000,1100000,1000000,2,1,0.1,16,15,15,1,uniform,,100000,10000,10.0,10,15,1,0.9333333333333333,15,0.3105018999776803,72.62864750000881,1.1412699999928009,74.0804744999914,2097.58748626709,1771.10546875,True,True,68869e6
B_fd_count,fd_count,16,FD-Hash,1000000,1100000,1100000,1000000,2,2,0.1,16,15,15,1,uniform,,100000,10000,10.0,10,15,1,0.9333333333333333,15,0.27210780000314116,71.12359790000482,1.1248489999852609,72.52060720001464,2097.58748626709,1771.10546875,True,True,68869e6
B_fd_count,fd_count,16,FD-Hash,1000000,1100000,1100000,1000000,2,3,0.1,16,15,15,1,uniform,,100000,10000,10.0,10,15,1,0.9333333333333333,15,0.28700949999620207,71.23236269998597,1.2238102999981493,72.74324030001299,2097.5874252319336,1804.41015625,True,True,68869e6
B_fd_count,fd_count,16,FD-Hash,1000000,1100000,1100000,1000000,2,4,0.1,16,15,15,1,uniform,,100000,10000,10.0,10,15,1,0.9333333333333333,15,0.2865143000090029,71.4111564999912,1.1438943999819458,72.84162410002318,2097.587547302246,1804.41015625,True,True,68869e6
B_fd_count,fd_count,16,BCNF-Index,1000000,1100000,1100000,1000000,2,0,0.1,16,15,15,1,uniform,,100000,10000,10.0,10,15,1,0.9333333333333333,1,0.27439249999588355,2.47455670000636,0.7720503000018653,3.5210134999942966,133.7773895263672,933.6640625,True,True,68869e6
B_fd_count,fd_count,16,BCNF-Index,1000000,1100000,1100000,1000000,2,1,0.1,16,15,15,1,uniform,,100000,10000,10.0,10,15,1,0.9333333333333333,1,0.3471031000080984,2.566528399998788,0.8330978000012692,3.746740000002319,133.7773666381836,933.6640625,True,True,68869e6
B_fd_count,fd_count,16,BCNF-Index,1000000,1100000,1100000,1000000,2,2,0.1,16,15,15,1,uniform,,100000,10000,10.0,10,15,1,0.9333333333333333,1,0.3030080000171438,2.366150399990147,0.7390129000123125,3.4081798999977764,133.77745056152344,930.9140625,True,True,68869e6
B_fd_count,fd_count,16,BCNF-Index,1000000,1100000,1100000,1000000,2,3,0.1,16,15,15,1,uniform,,100000,10000,10.0,10,15,1,0.9333333333333333,1,0.2879801000235602,2.4080031999910716,0.7533186000073329,3.449311900010798,133.77734375,930.9765625,True,True,68869e6
B_fd_count,fd_count,16,BCNF-Index,1000000,1100000,1100000,1000000,2,4,0.1,16,15,15,1,uniform,,100000,10000,10.0,10,15,1,0.9333333333333333,1,0.28842810000060126,2.4649541999970097,0.7377392000053078,3.4911313999909908,133.77734375,930.9765625,True,True,68869e6
B_fd_count,fd_count,16,FD-Hash,1000000,1100000,1100000,1000000,3,0,0.1,16,15,15,1,uniform,,100000,10000,10.0,10,15,1,0.9333333333333333,15,0.2782413999957498,73.36014089998207,1.1379331000207458,74.77637390000746,2097.5876693725586,580.32421875,True,True,68869e6
B_fd_count,fd_count,16,FD-Hash,1000000,1100000,1100000,1000000,3,1,0.1,16,15,15,1,uniform,,100000,10000,10.0,10,15,1,0.9333333333333333,15,0.30617139997775666,72.25585249997675,1.1823166999965906,73.74440499997581,2097.587547302246,504.57421875,True,True,68869e6
B_fd_count,fd_count,16,FD-Hash,1000000,1100000,1100000,1000000,3,2,0.1,16,15,15,1,uniform,,100000,10000,10.0,10,15,1,0.9333333333333333,15,0.3131266999989748,72.62879389998852,1.1531571999948937,74.09513739999966,2097.587547302246,506.1015625,True,True,68869e6
B_fd_count,fd_count,16,FD-Hash,1000000,1100000,1100000,1000000,3,3,0.1,16,15,15,1,uniform,,100000,10000,10.0,10,15,1,0.9333333333333333,15,0.27601810000487603,72.05466360002174,1.1511583999963477,73.48189920000732,2097.58748626709,1548.8984375,True,True,68869e6
B_fd_count,fd_count,16,FD-Hash,1000000,1100000,1100000,1000000,3,4,0.1,16,15,15,1,uniform,,100000,10000,10.0,10,15,1,0.9333333333333333,15,0.2776073999993969,73.64889169999515,1.198775700002443,75.12533549999353,2097.58748626709,1548.8984375,True,True,68869e6
B_fd_count,fd_count,16,BCNF-Index,1000000,1100000,1100000,1000000,3,0,0.1,16,15,15,1,uniform,,100000,10000,10.0,10,15,1,0.9333333333333333,1,0.2872712000098545,2.449608299997635,0.7494044000050053,3.486298199975863,133.7773895263672,587.546875,True,True,68869e6
B_fd_count,fd_count,16,BCNF-Index,1000000,1100000,1100000,1000000,3,1,0.1,16,15,15,1,uniform,,100000,10000,10.0,10,15,1,0.9333333333333333,1,0.2875738999864552,2.530333899980178,0.7800026000186335,3.5979191999940667,133.77734375,588.57421875,True,True,68869e6
B_fd_count,fd_count,16,BCNF-Index,1000000,1100000,1100000,1000000,3,2,0.1,16,15,15,1,uniform,,100000,10000,10.0,10,15,1,0.9333333333333333,1,0.2840087000222411,2.4956147000193596,0.7393570000131149,3.5189894999784883,133.77734375,589.6015625,True,True,68869e6
B_fd_count,fd_count,16,BCNF-Index,1000000,1100000,1100000,1000000,3,3,0.1,16,15,15,1,uniform,,100000,10000,10.0,10,15,1,0.9333333333333333,1,0.30066559999249876,2.4019569999945816,0.7463767000008374,3.4490082999982405,133.77734375,590.6015625,True,True,68869e6
B_fd_count,fd_count,16,BCNF-Index,1000000,1100000,1100000,1000000,3,4,0.1,16,15,15,1,uniform,,100000,10000,10.0,10,15,1,0.9333333333333333,1,0.2864335000049323,2.5427614000218455,0.7706638000090607,3.5998695000016596,133.7773666381836,589.67578125,True,True,68869e6
B_fd_count,fd_count,16,FD-Hash,1000000,1100000,1100000,1000000,4,0,0.1,16,15,15,1,uniform,,100000,10000,10.0,10,15,1,0.9333333333333333,15,0.2824397999793291,71.1501596000162,1.134345200000098,72.56699729998945,2097.5876693725586,1989.2265625,True,True,68869e6
B_fd_count,fd_count,16,FD-Hash,1000000,1100000,1100000,1000000,4,1,0.1,16,15,15,1,uniform,,100000,10000,10.0,10,15,1,0.9333333333333333,15,0.2966135999886319,71.09771950001596,1.1158819000120275,72.51027209998574,2097.5874252319336,1989.2265625,True,True,68869e6
B_fd_count,fd_count,16,FD-Hash,1000000,1100000,1100000,1000000,4,2,0.1,16,15,15,1,uniform,,100000,10000,10.0,10,15,1,0.9333333333333333,15,0.2861455000238493,72.53322109999135,1.2169009000062943,74.03632629997446,2097.587547302246,1933.66796875,True,True,68869e6
B_fd_count,fd_count,16,FD-Hash,1000000,1100000,1100000,1000000,4,3,0.1,16,15,15,1,uniform,,100000,10000,10.0,10,15,1,0.9333333333333333,15,0.31959119997918606,75.32613500001025,1.1747213000198826,76.8205098999897,2097.587547302246,1933.66796875,True,True,68869e6
B_fd_count,fd_count,16,FD-Hash,1000000,1100000,1100000,1000000,4,4,0.1,16,15,15,1,uniform,,100000,10000,10.0,10,15,1,0.9333333333333333,15,0.28328160001547076,71.96212869998999,1.1321301000134554,73.37759380001808,2097.58748626709,868.1796875,True,True,68869e6
B_fd_count,fd_count,16,BCNF-Index,1000000,1100000,1100000,1000000,4,0,0.1,16,15,15,1,uniform,,100000,10000,10.0,10,15,1,0.9333333333333333,1,0.30347830001846887,2.4550116999889724,0.7276630999986082,3.486169299983885,133.7773895263672,945.5,True,True,68869e6
B_fd_count,fd_count,16,BCNF-Index,1000000,1100000,1100000,1000000,4,1,0.1,16,15,15,1,uniform,,100000,10000,10.0,10,15,1,0.9333333333333333,1,0.29547380001167767,2.4205910000018775,0.7163534999999683,3.4324265999894124,133.77734375,945.6015625,True,True,68869e6
B_fd_count,fd_count,16,BCNF-Index,1000000,1100000,1100000,1000000,4,2,0.1,16,15,15,1,uniform,,100000,10000,10.0,10,15,1,0.9333333333333333,1,0.2825757000246085,2.445998800016241,0.7405017999990378,3.4690845999866724,133.77734375,945.609375,True,True,68869e6
B_fd_count,fd_count,16,BCNF-Index,1000000,1100000,1100000,1000000,4,3,0.1,16,15,15,1,uniform,,100000,10000,10.0,10,15,1,0.9333333333333333,1,0.3371843999775592,2.501571300002979,0.7643521999998484,3.603119399980642,133.7773666381836,945.609375,True,True,68869e6
B_fd_count,fd_count,16,BCNF-Index,1000000,1100000,1100000,1000000,4,4,0.1,16,15,15,1,uniform,,100000,10000,10.0,10,15,1,0.9333333333333333,1,0.2971901999844704,2.4250308999908157,0.7255990999983624,3.447828500007745,133.77745056152344,943.75390625,True,True,68869e6
B_fd_count,fd_count,16,FD-Hash,1000000,1100000,1100000,1000000,5,0,0.1,16,15,15,1,uniform,,100000,10000,10.0,10,15,1,0.9333333333333333,15,0.29691179998917505,72.12297560001025,1.1885420999897178,73.60849060001783,2097.5876693725586,1636.3984375,True,True,68869e6
B_fd_count,fd_count,16,FD-Hash,1000000,1100000,1100000,1000000,5,1,0.1,16,15,15,1,uniform,,100000,10000,10.0,10,15,1,0.9333333333333333,15,0.28861930000130087,73.45545150001999,1.222908700001426,74.96703529998194,2097.58748626709,1636.3984375,True,True,68869e6
B_fd_count,fd_count,16,FD-Hash,1000000,1100000,1100000,1000000,5,2,0.1,16,15,15,1,uniform,,100000,10000,10.0,10,15,1,0.9333333333333333,15,0.29456130001926795,80.51346159999957,1.6461504999897443,82.45448640000541,2097.58748626709,1689.265625,True,True,68869e6
B_fd_count,fd_count,16,FD-Hash,1000000,1100000,1100000,1000000,5,3,0.1,16,15,15,1,uniform,,100000,10000,10.0,10,15,1,0.9333333333333333,15,0.37189280000166036,74.91392790002283,1.2060960000089835,76.49199149999185,2097.5874252319336,1689.32421875,True,True,68869e6
B_fd_count,fd_count,16,FD-Hash,1000000,1100000,1100000,1000000,5,4,0.1,16,15,15,1,uniform,,100000,10000,10.0,10,15,1,0.9333333333333333,15,0.301036099990597,73.12877089998801,1.202777700003935,74.6326393999916,2097.587547302246,1671.5546875,True,True,68869e6
B_fd_count,fd_count,16,BCNF-Index,1000000,1100000,1100000,1000000,5,0,0.1,16,15,15,1,uniform,,100000,10000,10.0,10,15,1,0.9333333333333333,1,0.3159442000032868,2.532576900004642,0.7523696999996901,3.6009069999854546,133.7773895263672,1673.20703125,True,True,68869e6
B_fd_count,fd_count,16,BCNF-Index,1000000,1100000,1100000,1000000,5,1,0.1,16,15,15,1,uniform,,100000,10000,10.0,10,15,1,0.9333333333333333,1,0.2938175000017509,2.4806039999821223,0.8074020999774802,3.5818343000137247,133.7773666381836,1673.20703125,True,True,68869e6
B_fd_count,fd_count,16,BCNF-Index,1000000,1100000,1100000,1000000,5,2,0.1,16,15,15,1,uniform,,100000,10000,10.0,10,15,1,0.9333333333333333,1,0.3474411999923177,2.4626403999864124,0.7386113000102341,3.5487020000000484,133.77745056152344,1671.22265625,True,True,68869e6
B_fd_count,fd_count,16,BCNF-Index,1000000,1100000,1100000,1000000,5,3,0.1,16,15,15,1,uniform,,100000,10000,10.0,10,15,1,0.9333333333333333,1,0.28762670001015067,2.5145997000217903,0.7572691999957897,3.559504700009711,133.77734375,1672.234375,True,True,68869e6
B_fd_count,fd_count,16,BCNF-Index,1000000,1100000,1100000,1000000,5,4,0.1,16,15,15,1,uniform,,100000,10000,10.0,10,15,1,0.9333333333333333,1,0.3095716999960132,2.5592562000092585,0.7917542000068352,3.6605910999933258,133.77734375,1673.234375,True,True,68869e6
C_key_width,key_width,1,FD-Hash,1000000,1100000,1100000,1000000,1,0,0.1,4,4,4,1,uniform,,100000,10000,10.0,10,4,1,0.75,4,0.3465733999910299,20.087982099998044,1.218361899984302,21.6529647000134,597.1005554199219,1632.7890625,True,True,68869e6
C_key_width,key_width,1,FD-Hash,1000000,1100000,1100000,1000000,1,1,0.1,4,4,4,1,uniform,,100000,10000,10.0,10,4,1,0.75,4,0.330005900003016,20.115614100010134,1.2671199000033084,21.712784400006058,597.1003112792969,1100.65625,True,True,68869e6
C_key_width,key_width,1,FD-Hash,1000000,1100000,1100000,1000000,1,2,0.1,4,4,4,1,uniform,,100000,10000,10.0,10,4,1,0.75,4,0.31466390000423416,19.508141900005285,1.282141200004844,21.104987800004892,597.1002502441406,1100.65625,True,True,68869e6
C_key_width,key_width,1,FD-Hash,1000000,1100000,1100000,1000000,1,3,0.1,4,4,4,1,uniform,,100000,10000,10.0,10,4,1,0.75,4,0.34085419998154975,19.561325699993176,1.1726512000022922,21.074912999989465,597.1001892089844,1102.6796875,True,True,68869e6
C_key_width,key_width,1,FD-Hash,1000000,1100000,1100000,1000000,1,4,0.1,4,4,4,1,uniform,,100000,10000,10.0,10,4,1,0.75,4,0.29132759998901747,19.898441400000593,1.2265618999954313,21.41637439999613,597.1002502441406,1103.8125,True,True,68869e6
C_key_width,key_width,1,BCNF-Index,1000000,1100000,1100000,1000000,1,0,0.1,4,4,4,1,uniform,,100000,10000,10.0,10,4,1,0.75,1,0.28753629999118857,2.4678193999861833,0.7517721000185702,3.507142599992221,133.77730560302734,1105.3828125,True,True,68869e6
C_key_width,key_width,1,BCNF-Index,1000000,1100000,1100000,1000000,1,1,0.1,4,4,4,1,uniform,,100000,10000,10.0,10,4,1,0.75,1,0.30955119998543523,2.5407747000281233,0.757142999995267,3.6074787999968976,133.77725982666016,1106.41015625,True,True,68869e6
C_key_width,key_width,1,BCNF-Index,1000000,1100000,1100000,1000000,1,2,0.1,4,4,4,1,uniform,,100000,10000,10.0,10,4,1,0.75,1,0.2955880000081379,2.499788900022395,0.7739851000078488,3.569372199999634,133.77725982666016,1107.453125,True,True,68869e6
C_key_width,key_width,1,BCNF-Index,1000000,1100000,1100000,1000000,1,3,0.1,4,4,4,1,uniform,,100000,10000,10.0,10,4,1,0.75,1,0.2930956000054721,2.5081750999961514,0.764861200004816,3.5661408999876585,133.77725982666016,1108.453125,True,True,68869e6
C_key_width,key_width,1,BCNF-Index,1000000,1100000,1100000,1000000,1,4,0.1,4,4,4,1,uniform,,100000,10000,10.0,10,4,1,0.75,1,0.28812300000572577,2.5499737999925856,0.8226017999986652,3.6607099999964703,133.7773666381836,1108.3515625,True,True,68869e6
C_key_width,key_width,1,FD-Hash,1000000,1100000,1100000,1000000,2,0,0.1,4,4,4,1,uniform,,100000,10000,10.0,10,4,1,0.75,4,0.288607199996477,19.567654999991646,1.2587721000018064,21.115073399996618,597.1004333496094,1506.74609375,True,True,68869e6
C_key_width,key_width,1,FD-Hash,1000000,1100000,1100000,1000000,2,1,0.1,4,4,4,1,uniform,,100000,10000,10.0,10,4,1,0.75,4,0.31438419999904,19.83239169997978,1.261940800002776,21.408771399990655,597.1002502441406,1504.88671875,True,True,68869e6
C_key_width,key_width,1,FD-Hash,1000000,1100000,1100000,1000000,2,2,0.1,4,4,4,1,uniform,,100000,10000,10.0,10,4,1,0.75,4,0.31372440000995994,19.949520199996186,1.171314800012624,21.434602799999993,597.1003112792969,1503.875,True,True,68869e6
C_key_width,key_width,1,FD-Hash,1000000,1100000,1100000,1000000,2,3,0.1,4,4,4,1,uniform,,100000,10000,10.0,10,4,1,0.75,4,0.3045038999989629,19.568475100008072,1.1490730000077747,21.02211299998453,597.1002502441406,1505.125,True,True,68869e6
C_key_width,key_width,1,FD-Hash,1000000,1100000,1100000,1000000,2,4,0.1,4,4,4,1,uniform,,100000,10000,10.0,10,4,1,0.75,4,0.2867410999897402,19.315502499986906,1.180764899996575,20.783049499994377,597.1001892089844,1506.12890625,True,True,68869e6
C_key_width,key_width,1,BCNF-Index,1000000,1100000,1100000,1000000,2,0,0.1,4,4,4,1,uniform,,100000,10000,10.0,10,4,1,0.75,1,0.282234399986919,2.3812403000192717,0.7264065000053961,3.3898947999987286,133.77730560302734,1506.62890625,True,True,68869e6
C_key_width,key_width,1,BCNF-Index,1000000,1100000,1100000,1000000,2,1,0.1,4,4,4,1,uniform,,100000,10000,10.0,10,4,1,0.75,1,0.28711180001846515,2.4316358000214677,0.7569490999740083,3.4757052999921143,133.77725982666016,1506.640625,True,True,68869e6
C_key_width,key_width,1,BCNF-Index,1000000,1100000,1100000,1000000,2,2,0.1,4,4,4,1,uniform,,100000,10000,10.0,10,4,1,0.75,1,0.2781688999966718,2.48883100002422,0.8341078999801539,3.6011194000020623,133.7773666381836,1506.67578125,True,True,68869e6
C_key_width,key_width,1,BCNF-Index,1000000,1100000,1100000,1000000,2,3,0.1,4,4,4,1,uniform,,100000,10000,10.0,10,4,1,0.75,1,0.28929060001973994,2.385815300018294,0.7260110000206623,3.401125400007004,133.7773666381836,1506.70703125,True,True,68869e6
C_key_width,key_width,1,BCNF-Index,1000000,1100000,1100000,1000000,2,4,0.1,4,4,4,1,uniform,,100000,10000,10.0,10,4,1,0.75,1,0.28586460000951774,2.3690606000018306,0.7419347999966703,3.3968684999854304,133.77725982666016,1506.71875,True,True,68869e6
C_key_width,key_width,1,FD-Hash,1000000,1100000,1100000,1000000,3,0,0.1,4,4,4,1,uniform,,100000,10000,10.0,10,4,1,0.75,4,0.30970779998460785,19.345617099985247,1.140190000005532,20.79555349997827,597.1004333496094,1115.828125,True,True,68869e6
C_key_width,key_width,1,FD-Hash,1000000,1100000,1100000,1000000,3,1,0.1,4,4,4,1,uniform,,100000,10000,10.0,10,4,1,0.75,4,0.2776216000202112,19.11859210001421,1.2244134999928065,20.620671400014544,597.1003112792969,1118.7265625,True,True,68869e6
C_key_width,key_width,1,FD-Hash,1000000,1100000,1100000,1000000,3,2,0.1,4,4,4,1,uniform,,100000,10000,10.0,10,4,1,0.75,4,0.2820581999840215,19.09441589997732,1.210205200011842,20.586719399987487,597.1002502441406,1118.7265625,True,True,68869e6
C_key_width,key_width,1,FD-Hash,1000000,1100000,1100000,1000000,3,3,0.1,4,4,4,1,uniform,,100000,10000,10.0,10,4,1,0.75,4,0.2915134000068065,19.12108489999082,1.20167360000778,20.61436299997149,597.1003112792969,1118.72265625,True,True,68869e6
C_key_width,key_width,1,FD-Hash,1000000,1100000,1100000,1000000,3,4,0.1,4,4,4,1,uniform,,100000,10000,10.0,10,4,1,0.75,4,0.28274389999569394,19.30683770001633,1.152327999996487,20.741948099981528,597.1002502441406,1119.68359375,True,True,68869e6
C_key_width,key_width,1,BCNF-Index,1000000,1100000,1100000,1000000,3,0,0.1,4,4,4,1,uniform,,100000,10000,10.0,10,4,1,0.75,1,0.2966862999892328,2.4416209000046365,0.7239949000068009,3.462316999997711,133.77730560302734,1120.46484375,True,True,68869e6
C_key_width,key_width,1,BCNF-Index,1000000,1100000,1100000,1000000,3,1,0.1,4,4,4,1,uniform,,100000,10000,10.0,10,4,1,0.75,1,0.3042380000115372,2.4617409000056796,0.7361076999804936,3.5020955000072718,133.77725982666016,1121.4921875,True,True,68869e6
C_key_width,key_width,1,BCNF-Index,1000000,1100000,1100000,1000000,3,2,0.1,4,4,4,1,uniform,,100000,10000,10.0,10,4,1,0.75,1,0.30182609998155385,2.3570023000065703,0.7354644000006374,3.394302400003653,133.77725982666016,1122.51953125,True,True,68869e6
C_key_width,key_width,1,BCNF-Index,1000000,1100000,1100000,1000000,3,3,0.1,4,4,4,1,uniform,,100000,10000,10.0,10,4,1,0.75,1,0.27914859997690655,2.3755660000024363,0.7440590999904089,3.3987821999762673,133.77725982666016,1123.53125,True,True,68869e6
C_key_width,key_width,1,BCNF-Index,1000000,1100000,1100000,1000000,3,4,0.1,4,4,4,1,uniform,,100000,10000,10.0,10,4,1,0.75,1,0.3276147000142373,2.5392760999966413,0.7878419999906328,3.654743999999482,133.7773666381836,1124.4375,True,True,68869e6
C_key_width,key_width,1,FD-Hash,1000000,1100000,1100000,1000000,4,0,0.1,4,4,4,1,uniform,,100000,10000,10.0,10,4,1,0.75,4,0.3252739000017755,19.191878500016173,1.161298999999417,20.67849120000028,597.1004333496094,1513.625,True,True,68869e6
C_key_width,key_width,1,FD-Hash,1000000,1100000,1100000,1000000,4,1,0.1,4,4,4,1,uniform,,100000,10000,10.0,10,4,1,0.75,4,0.3093745000078343,19.261186199990334,1.1669610000099055,20.737577399995644,597.1002502441406,1511.4375,True,True,68869e6
C_key_width,key_width,1,FD-Hash,1000000,1100000,1100000,1000000,4,2,0.1,4,4,4,1,uniform,,100000,10000,10.0,10,4,1,0.75,4,0.30461160000413656,19.449158300005365,1.232276800001273,20.986090499995044,597.1003112792969,1511.44140625,True,True,68869e6
C_key_width,key_width,1,FD-Hash,1000000,1100000,1100000,1000000,4,3,0.1,4,4,4,1,uniform,,100000,10000,10.0,10,4,1,0.75,4,0.2861376999935601,22.001298700022744,1.325375799991889,23.612856199993985,597.1002502441406,1511.44140625,True,True,68869e6
C_key_width,key_width,1,FD-Hash,1000000,1100000,1100000,1000000,4,4,0.1,4,4,4,1,uniform,,100000,10000,10.0,10,4,1,0.75,4,0.31749449999188073,20.567071400000714,1.5055244000104722,22.39013069999055,597.1003112792969,1511.44140625,True,True,68869e6
C_key_width,key_width,1,BCNF-Index,1000000,1100000,1100000,1000000,4,0,0.1,4,4,4,1,uniform,,100000,10000,10.0,10,4,1,0.75,1,0.39332229999126866,2.895313499990152,0.8455382999964058,4.134192700003041,133.77730560302734,972.3125,True,True,68869e6
C_key_width,key_width,1,BCNF-Index,1000000,1100000,1100000,1000000,4,1,0.1,4,4,4,1,uniform,,100000,10000,10.0,10,4,1,0.75,1,0.3693051000009291,2.8668585999985225,0.8504920999985188,4.086667599971406,133.77725982666016,972.4921875,True,True,68869e6
C_key_width,key_width,1,BCNF-Index,1000000,1100000,1100000,1000000,4,2,0.1,4,4,4,1,uniform,,100000,10000,10.0,10,4,1,0.75,1,0.3394468000042252,2.747926299984101,0.8453961999912281,3.9327831999980845,133.7773666381836,972.6328125,True,True,68869e6
C_key_width,key_width,1,BCNF-Index,1000000,1100000,1100000,1000000,4,3,0.1,4,4,4,1,uniform,,100000,10000,10.0,10,4,1,0.75,1,0.33395530001143925,2.682708000007551,0.8270304999896325,3.8437052000081167,133.7773666381836,972.63671875,True,True,68869e6
C_key_width,key_width,1,BCNF-Index,1000000,1100000,1100000,1000000,4,4,0.1,4,4,4,1,uniform,,100000,10000,10.0,10,4,1,0.75,1,0.2959987999929581,2.5514537999988534,0.7823989999887999,3.6298608999932185,133.77725982666016,972.6640625,True,True,68869e6
C_key_width,key_width,1,FD-Hash,1000000,1100000,1100000,1000000,5,0,0.1,4,4,4,1,uniform,,100000,10000,10.0,10,4,1,0.75,4,0.31467769999289885,21.982972100027837,1.319516300020041,23.617213299992727,597.1004333496094,1128.62890625,True,True,68869e6
C_key_width,key_width,1,FD-Hash,1000000,1100000,1100000,1000000,5,1,0.1,4,4,4,1,uniform,,100000,10000,10.0,10,4,1,0.75,4,0.3531279999879189,20.77776019999874,1.3598188000032678,22.490752899990184,597.1003112792969,1131.8125,True,True,68869e6
C_key_width,key_width,1,FD-Hash,1000000,1100000,1100000,1000000,5,2,0.1,4,4,4,1,uniform,,100000,10000,10.0,10,4,1,0.75,4,0.3827226999856066,21.584612300008303,1.3208755000086967,23.288258599990513,597.1002502441406,1131.8125,True,True,68869e6
C_key_width,key_width,1,FD-Hash,1000000,1100000,1100000,1000000,5,3,0.1,4,4,4,1,uniform,,100000,10000,10.0,10,4,1,0.75,4,0.3678533000056632,21.270437900006073,1.4173875999986194,23.05572289999691,597.1003112792969,1134.8125,True,True,68869e6
C_key_width,key_width,1,FD-Hash,1000000,1100000,1100000,1000000,5,4,0.1,4,4,4,1,uniform,,100000,10000,10.0,10,4,1,0.75,4,0.3700063999858685,21.369076400005724,1.3702887000108603,23.109421399974963,597.1002502441406,1134.8125,True,True,68869e6
C_key_width,key_width,1,BCNF-Index,1000000,1100000,1100000,1000000,5,0,0.1,4,4,4,1,uniform,,100000,10000,10.0,10,4,1,0.75,1,0.3466619999962859,2.833598400000483,0.9216948999965098,4.101974299992435,133.77741241455078,1134.8125,True,True,68869e6
C_key_width,key_width,1,BCNF-Index,1000000,1100000,1100000,1000000,5,1,0.1,4,4,4,1,uniform,,100000,10000,10.0,10,4,1,0.75,1,0.3695239000080619,2.749439600011101,0.8984343000047375,4.017413800000213,133.77742767333984,1135.6015625,True,True,68869e6
C_key_width,key_width,1,BCNF-Index,1000000,1100000,1100000,1000000,5,2,0.1,4,4,4,1,uniform,,100000,10000,10.0,10,4,1,0.75,1,0.3635798000032082,2.819050400023116,0.9490389999991748,4.131678300007479,133.77725982666016,1136.59765625,True,True,68869e6
C_key_width,key_width,1,BCNF-Index,1000000,1100000,1100000,1000000,5,3,0.1,4,4,4,1,uniform,,100000,10000,10.0,10,4,1,0.75,1,0.3121850000170525,2.784558500017738,0.7753857999923639,3.8721377000038046,133.77725982666016,1137.6015625,True,True,68869e6
C_key_width,key_width,1,BCNF-Index,1000000,1100000,1100000,1000000,5,4,0.1,4,4,4,1,uniform,,100000,10000,10.0,10,4,1,0.75,1,0.29992889999994077,2.605025900003966,0.7867311000009067,3.691695300018182,133.77725982666016,1138.62890625,True,True,68869e6
C_key_width,key_width,2,FD-Hash,1000000,1100000,1100000,1000000,1,0,0.1,4,4,4,2,uniform,,100000,10000,10.0,10,4,1,0.75,4,0.30120220000389963,19.76939699999639,1.1626085999887437,21.23325030002161,619.9886856079102,1114.26171875,True,True,68869e6
C_key_width,key_width,2,FD-Hash,1000000,1100000,1100000,1000000,1,1,0.1,4,4,4,2,uniform,,100000,10000,10.0,10,4,1,0.75,4,0.2902315999963321,19.73413419999997,1.1755170999967959,21.199923300009686,619.9883728027344,1118.18359375,True,True,68869e6
C_key_width,key_width,2,FD-Hash,1000000,1100000,1100000,1000000,1,2,0.1,4,4,4,2,uniform,,100000,10000,10.0,10,4,1,0.75,4,0.2903596000105608,19.549391999986256,1.1879754000110552,21.027765600010753,619.9884948730469,1121.4375,True,True,68869e6
C_key_width,key_width,2,FD-Hash,1000000,1100000,1100000,1000000,1,3,0.1,4,4,4,2,uniform,,100000,10000,10.0,10,4,1,0.75,4,0.29249680001521483,19.501261000026716,1.2093932999996468,21.003191900003003,619.9883728027344,1121.4375,True,True,68869e6
C_key_width,key_width,2,FD-Hash,1000000,1100000,1100000,1000000,1,4,0.1,4,4,4,2,uniform,,100000,10000,10.0,10,4,1,0.75,4,0.3193786999909207,19.768819399992935,1.2118864000076428,21.300124399975175,619.9884948730469,1120.4375,True,True,68869e6
C_key_width,key_width,2,BCNF-Index,1000000,1100000,1100000,1000000,1,0,0.1,4,4,4,2,uniform,,100000,10000,10.0,10,4,1,0.75,1,0.31102890000329353,2.5981437000154983,0.7507697999826632,3.65995689999545,141.40670013427734,1120.4375,True,True,68869e6
C_key_width,key_width,2,BCNF-Index,1000000,1100000,1100000,1000000,1,1,0.1,4,4,4,2,uniform,,100000,10000,10.0,10,4,1,0.75,1,0.3093508000019938,2.482825100014452,0.7367741000198293,3.528960099996766,141.40665435791016,1121.3515625,True,True,68869e6
C_key_width,key_width,2,BCNF-Index,1000000,1100000,1100000,1000000,1,2,0.1,4,4,4,2,uniform,,100000,10000,10.0,10,4,1,0.75,1,0.2931821000238415,2.48897860001307,0.7567119000013918,3.5388824000256136,141.40665435791016,1121.3515625,True,True,68869e6
C_key_width,key_width,2,BCNF-Index,1000000,1100000,1100000,1000000,1,3,0.1,4,4,4,2,uniform,,100000,10000,10.0,10,4,1,0.75,1,0.2983838000218384,2.626465500012273,0.7965776000055484,3.7214402000245173,141.4067611694336,1122.22265625,True,True,68869e6
C_key_width,key_width,2,BCNF-Index,1000000,1100000,1100000,1000000,1,4,0.1,4,4,4,2,uniform,,100000,10000,10.0,10,4,1,0.75,1,0.28981600000406615,2.5531546999991406,0.7598534999997355,3.602834699995583,141.40680694580078,1122.2265625,True,True,68869e6
C_key_width,key_width,2,FD-Hash,1000000,1100000,1100000,1000000,2,0,0.1,4,4,4,2,uniform,,100000,10000,10.0,10,4,1,0.75,4,0.28819739999016747,19.431883900018875,1.1838553999841679,20.903975399996853,619.9886169433594,1534.69921875,True,True,68869e6
C_key_width,key_width,2,FD-Hash,1000000,1100000,1100000,1000000,2,1,0.1,4,4,4,2,uniform,,100000,10000,10.0,10,4,1,0.75,4,0.29097150001325645,19.176127699989593,1.1921002000162844,20.659239000000525,619.9884338378906,1531.51171875,True,True,68869e6
C_key_width,key_width,2,FD-Hash,1000000,1100000,1100000,1000000,2,2,0.1,4,4,4,2,uniform,,100000,10000,10.0,10,4,1,0.75,4,0.2875044999818783,19.89962139999261,1.250653000024613,21.4378171999997,619.9884948730469,1533.53515625,True,True,68869e6
C_key_width,key_width,2,FD-Hash,1000000,1100000,1100000,1000000,2,3,0.1,4,4,4,2,uniform,,100000,10000,10.0,10,4,1,0.75,4,0.2934491000196431,19.729724700009683,1.17538160001277,21.198594100016635,619.9884338378906,1535.78515625,True,True,68869e6
C_key_width,key_width,2,FD-Hash,1000000,1100000,1100000,1000000,2,4,0.1,4,4,4,2,uniform,,100000,10000,10.0,10,4,1,0.75,4,0.2947732000029646,19.40361739997752,1.1721016000083182,20.87053020001622,619.9883728027344,1536.78515625,True,True,68869e6
C_key_width,key_width,2,BCNF-Index,1000000,1100000,1100000,1000000,2,0,0.1,4,4,4,2,uniform,,100000,10000,10.0,10,4,1,0.75,1,0.31631490000290796,2.4598728999844752,0.7362252000020817,3.5124287999933586,141.40670013427734,1537.73046875,True,True,68869e6
C_key_width,key_width,2,BCNF-Index,1000000,1100000,1100000,1000000,2,1,0.1,4,4,4,2,uniform,,100000,10000,10.0,10,4,1,0.75,1,0.28710549999959767,2.6743275000189897,0.8204598000156693,3.7819037000008393,141.4067611694336,1537.75390625,True,True,68869e6
C_key_width,key_width,2,BCNF-Index,1000000,1100000,1100000,1000000,2,2,0.1,4,4,4,2,uniform,,100000,10000,10.0,10,4,1,0.75,1,0.2952907000144478,2.525696099997731,0.7311791999964043,3.552174800017383,141.40680694580078,1537.7578125,True,True,68869e6
C_key_width,key_width,2,BCNF-Index,1000000,1100000,1100000,1000000,2,3,0.1,4,4,4,2,uniform,,100000,10000,10.0,10,4,1,0.75,1,0.29708109999774024,2.4653121000155807,0.7920936000009533,3.5544962999993004,141.40665435791016,1537.7578125,True,True,68869e6
C_key_width,key_width,2,BCNF-Index,1000000,1100000,1100000,1000000,2,4,0.1,4,4,4,2,uniform,,100000,10000,10.0,10,4,1,0.75,1,0.29043550000642426,2.535294500004966,0.7482430000090972,3.573982400004752,141.40665435791016,1537.7578125,True,True,68869e6
C_key_width,key_width,2,FD-Hash,1000000,1100000,1100000,1000000,3,0,0.1,4,4,4,2,uniform,,100000,10000,10.0,10,4,1,0.75,4,0.28803939998033457,19.460459699999774,1.1738011999987066,20.922338999982458,619.9886169433594,1139.1953125,True,True,68869e6
C_key_width,key_width,2,FD-Hash,1000000,1100000,1100000,1000000,3,1,0.1,4,4,4,2,uniform,,100000,10000,10.0,10,4,1,0.75,4,0.30505280001671053,19.45864419999998,1.1797358999901917,20.94347200001357,619.9884948730469,1142.1484375,True,True,68869e6
C_key_width,key_width,2,FD-Hash,1000000,1100000,1100000,1000000,3,2,0.1,4,4,4,2,uniform,,100000,10000,10.0,10,4,1,0.75,4,0.2996170000114944,19.190627000003587,1.2175517000141554,20.707837299996754,619.9884338378906,1142.1484375,True,True,68869e6
C_key_width,key_width,2,FD-Hash,1000000,1100000,1100000,1000000,3,3,0.1,4,4,4,2,uniform,,100000,10000,10.0,10,4,1,0.75,4,0.2789827000233345,19.307126600004267,1.205112800002098,20.791261599981226,619.9884948730469,1142.171875,True,True,68869e6
C_key_width,key_width,2,FD-Hash,1000000,1100000,1100000,1000000,3,4,0.1,4,4,4,2,uniform,,100000,10000,10.0,10,4,1,0.75,4,0.2904151999973692,19.38173240001197,1.1940388999937568,20.866224500001408,619.9884338378906,1142.171875,True,True,68869e6
C_key_width,key_width,2,BCNF-Index,1000000,1100000,1100000,1000000,3,0,0.1,4,4,4,2,uniform,,100000,10000,10.0,10,4,1,0.75,1,0.31106020000879653,2.5739306999894325,0.7643278999894392,3.6493333999824245,141.40670013427734,1141.18359375,True,True,68869e6
C_key_width,key_width,2,BCNF-Index,1000000,1100000,1100000,1000000,3,1,0.1,4,4,4,2,uniform,,100000,10000,10.0,10,4,1,0.75,1,0.291801299987128,2.507926399994176,0.7451860999863129,3.5449233000108507,141.40665435791016,1142.2109375,True,True,68869e6
C_key_width,key_width,2,BCNF-Index,1000000,1100000,1100000,1000000,3,2,0.1,4,4,4,2,uniform,,100000,10000,10.0,10,4,1,0.75,1,0.30756660000770353,2.4670037999749184,0.7436938000028022,3.518274499976542,141.40665435791016,1142.2109375,True,True,68869e6
C_key_width,key_width,2,BCNF-Index,1000000,1100000,1100000,1000000,3,3,0.1,4,4,4,2,uniform,,100000,10000,10.0,10,4,1,0.75,1,0.329445500014117,2.626072499988368,0.7707309999968857,3.7262599999958184,141.40665435791016,1143.2109375,True,True,68869e6
C_key_width,key_width,2,BCNF-Index,1000000,1100000,1100000,1000000,3,4,0.1,4,4,4,2,uniform,,100000,10000,10.0,10,4,1,0.75,1,0.30846989998826757,2.5948351999977604,0.7831538000027649,3.686469499982195,141.4067611694336,1144.14453125,True,True,68869e6
C_key_width,key_width,2,FD-Hash,1000000,1100000,1100000,1000000,4,0,0.1,4,4,4,2,uniform,,100000,10000,10.0,10,4,1,0.75,4,0.27946310001425445,21.464371100009885,1.287829699984286,23.031714999990072,619.9886169433594,1532.5234375,True,True,68869e6
C_key_width,key_width,2,FD-Hash,1000000,1100000,1100000,1000000,4,1,0.1,4,4,4,2,uniform,,100000,10000,10.0,10,4,1,0.75,4,0.3120450999995228,21.55287660000613,1.3244166999938898,23.189382299984572,619.9884338378906,1532.39453125,True,True,68869e6
C_key_width,key_width,2,FD-Hash,1000000,1100000,1100000,1000000,4,2,0.1,4,4,4,2,uniform,,100000,10000,10.0,10,4,1,0.75,4,0.30076959999860264,21.107336999994004,1.30942619999405,22.717573800007813,619.9884948730469,1533.39453125,True,True,68869e6
C_key_width,key_width,2,FD-Hash,1000000,1100000,1100000,1000000,4,3,0.1,4,4,4,2,uniform,,100000,10000,10.0,10,4,1,0.75,4,0.31173660000786185,20.94834339999943,1.342334499990102,22.602454600011697,619.9884338378906,1533.39453125,True,True,68869e6
C_key_width,key_width,2,FD-Hash,1000000,1100000,1100000,1000000,4,4,0.1,4,4,4,2,uniform,,100000,10000,10.0,10,4,1,0.75,4,0.3070675000199117,20.39982229997986,1.2399358999973629,21.9468721000012,619.9884948730469,1533.47265625,True,True,68869e6
C_key_width,key_width,2,BCNF-Index,1000000,1100000,1100000,1000000,4,0,0.1,4,4,4,2,uniform,,100000,10000,10.0,10,4,1,0.75,1,0.45457480000914074,2.6894647000008263,0.803180799994152,3.9472389000002295,141.40670013427734,1534.4140625,True,True,68869e6
C_key_width,key_width,2,BCNF-Index,1000000,1100000,1100000,1000000,4,1,0.1,4,4,4,2,uniform,,100000,10000,10.0,10,4,1,0.75,1,0.341501100017922,2.768068100005621,0.8557385999883991,3.9653174999984913,141.40665435791016,1534.44140625,True,True,68869e6
C_key_width,key_width,2,BCNF-Index,1000000,1100000,1100000,1000000,4,2,0.1,4,4,4,2,uniform,,100000,10000,10.0,10,4,1,0.75,1,0.32538389999535866,2.9316618999873754,1.0058889999927487,4.262949600000866,141.4067611694336,1534.44140625,True,True,68869e6
C_key_width,key_width,2,BCNF-Index,1000000,1100000,1100000,1000000,4,3,0.1,4,4,4,2,uniform,,100000,10000,10.0,10,4,1,0.75,1,0.3153269000176806,2.718022300017765,0.9497825000144076,3.9831437000248116,141.40680694580078,1534.4375,True,True,68869e6
C_key_width,key_width,2,BCNF-Index,1000000,1100000,1100000,1000000,4,4,0.1,4,4,4,2,uniform,,100000,10000,10.0,10,4,1,0.75,1,0.39976140001090243,2.8080002999922726,0.8978881000075489,4.10566229998949,141.40665435791016,1534.44140625,True,True,68869e6
C_key_width,key_width,2,FD-Hash,1000000,1100000,1100000,1000000,5,0,0.1,4,4,4,2,uniform,,100000,10000,10.0,10,4,1,0.75,4,0.3142963999998756,19.625234099978115,1.3259759000211488,21.26554500000202,619.9886169433594,1156.17578125,True,True,68869e6
C_key_width,key_width,2,FD-Hash,1000000,1100000,1100000,1000000,5,1,0.1,4,4,4,2,uniform,,100000,10000,10.0,10,4,1,0.75,4,0.30894079999416135,19.560467899980722,1.1688330999750178,21.0382826999994,619.9884338378906,1159.17578125,True,True,68869e6
C_key_width,key_width,2,FD-Hash,1000000,1100000,1100000,1000000,5,2,0.1,4,4,4,2,uniform,,100000,10000,10.0,10,4,1,0.75,4,0.29627970000728965,19.503417200001422,1.187021799996728,20.986765200010268,619.9883728027344,1160.17578125,True,True,68869e6
C_key_width,key_width,2,FD-Hash,1000000,1100000,1100000,1000000,5,3,0.1,4,4,4,2,uniform,,100000,10000,10.0,10,4,1,0.75,4,0.293358700000681,19.558405899995705,1.1990482999826781,21.050851700012572,619.9884948730469,1160.17578125,True,True,68869e6
C_key_width,key_width,2,FD-Hash,1000000,1100000,1100000,1000000,5,4,0.1,4,4,4,2,uniform,,100000,10000,10.0,10,4,1,0.75,4,0.2929668999859132,19.343478499999037,1.1980307000048924,20.834515499998815,619.9884338378906,1160.015625,True,True,68869e6
C_key_width,key_width,2,BCNF-Index,1000000,1100000,1100000,1000000,5,0,0.1,4,4,4,2,uniform,,100000,10000,10.0,10,4,1,0.75,1,0.2953896000108216,2.6550618000037502,0.8256488000042737,3.776119699992705,141.40680694580078,1160.015625,True,True,68869e6
C_key_width,key_width,2,BCNF-Index,1000000,1100000,1100000,1000000,5,1,0.1,4,4,4,2,uniform,,100000,10000,10.0,10,4,1,0.75,1,0.31359119998523965,2.5350225000001956,0.756705800013151,3.6053302999935113,141.40686798095703,1159.8359375,True,True,68869e6
C_key_width,key_width,2,BCNF-Index,1000000,1100000,1100000,1000000,5,2,0.1,4,4,4,2,uniform,,100000,10000,10.0,10,4,1,0.75,1,0.2998178999987431,2.5470083000254817,0.7734078999783378,3.620243700017454,141.40665435791016,622.71875,True,True,68869e6
C_key_width,key_width,2,BCNF-Index,1000000,1100000,1100000,1000000,5,3,0.1,4,4,4,2,uniform,,100000,10000,10.0,10,4,1,0.75,1,0.30832270000246353,2.5592955000174697,0.7676440000068396,3.6352707000041846,141.40665435791016,623.14453125,True,True,68869e6
C_key_width,key_width,2,BCNF-Index,1000000,1100000,1100000,1000000,5,4,0.1,4,4,4,2,uniform,,100000,10000,10.0,10,4,1,0.75,1,0.3029640000022482,2.4914589000109117,0.7914875000133179,3.5859208999900147,141.40665435791016,623.14453125,True,True,68869e6
C_key_width,key_width,4,FD-Hash,1000000,1100000,1100000,1000000,1,0,0.1,4,4,4,4,uniform,,100000,10000,10.0,10,4,1,0.75,4,0.3086886999954004,21.74377960001584,1.2289424999908078,23.28145680000307,665.7651062011719,1141.48828125,True,True,68869e6
C_key_width,key_width,4,FD-Hash,1000000,1100000,1100000,1000000,1,1,0.1,4,4,4,4,uniform,,100000,10000,10.0,10,4,1,0.75,4,0.29891010001301765,20.198035100009292,1.2223000999947544,21.719285700004548,665.7647399902344,1142.66796875,True,True,68869e6
C_key_width,key_width,4,FD-Hash,1000000,1100000,1100000,1000000,1,2,0.1,4,4,4,4,uniform,,100000,10000,10.0,10,4,1,0.75,4,0.29425129998708144,19.979795599996578,1.1800931000034325,21.454187399998773,665.7648010253906,1143.671875,True,True,68869e6
C_key_width,key_width,4,FD-Hash,1000000,1100000,1100000,1000000,1,3,0.1,4,4,4,4,uniform,,100000,10000,10.0,10,4,1,0.75,4,0.3013358999742195,20.122928099997807,1.253644299984444,21.677949099976104,665.7647399902344,1143.671875,True,True,68869e6
C_key_width,key_width,4,FD-Hash,1000000,1100000,1100000,1000000,1,4,0.1,4,4,4,4,uniform,,100000,10000,10.0,10,4,1,0.75,4,0.3498333999887109,21.08119440000155,1.2571477000019513,22.688226099999156,665.7648620605469,1143.671875,True,True,68869e6
C_key_width,key_width,4,BCNF-Index,1000000,1100000,1100000,1000000,1,0,0.1,4,4,4,4,uniform,,100000,10000,10.0,10,4,1,0.75,1,0.3109559000004083,2.8222887000010815,0.779926199989859,3.913186699996004,156.66542053222656,1144.13671875,True,True,68869e6
C_key_width,key_width,4,BCNF-Index,1000000,1100000,1100000,1000000,1,1,0.1,4,4,4,4,uniform,,100000,10000,10.0,10,4,1,0.75,1,0.306429999996908,2.707269599981373,0.7781475000083447,3.7918572000053246,156.66537475585938,1145.171875,True,True,68869e6
C_key_width,key_width,4,BCNF-Index,1000000,1100000,1100000,1000000,1,2,0.1,4,4,4,4,uniform,,100000,10000,10.0,10,4,1,0.75,1,0.320126300008269,2.7364527999889106,0.7740006000094581,3.8305888999893796,156.66537475585938,1145.18359375,True,True,68869e6
C_key_width,key_width,4,BCNF-Index,1000000,1100000,1100000,1000000,1,3,0.1,4,4,4,4,uniform,,100000,10000,10.0,10,4,1,0.75,1,0.29661630000919104,2.8305115000111982,0.8278005000029225,3.95493889998761,156.6655502319336,1145.18359375,True,True,68869e6
C_key_width,key_width,4,BCNF-Index,1000000,1100000,1100000,1000000,1,4,0.1,4,4,4,4,uniform,,100000,10000,10.0,10,4,1,0.75,1,0.31281859998125583,2.699096600001212,0.7677984000183642,3.779722599982051,156.66552734375,1145.1171875,True,True,68869e6
C_key_width,key_width,4,FD-Hash,1000000,1100000,1100000,1000000,2,0,0.1,4,4,4,4,uniform,,100000,10000,10.0,10,4,1,0.75,4,0.3063918999978341,21.06831939998665,1.3422242000233382,22.716983899998013,665.7650375366211,1561.89453125,True,True,68869e6
C_key_width,key_width,4,FD-Hash,1000000,1100000,1100000,1000000,2,1,0.1,4,4,4,4,uniform,,100000,10000,10.0,10,4,1,0.75,4,0.3071167999878526,20.86509870001464,1.2224763999984134,22.394731999986107,665.7648010253906,1560.359375,True,True,68869e6
C_key_width,key_width,4,FD-Hash,1000000,1100000,1100000,1000000,2,2,0.1,4,4,4,4,uniform,,100000,10000,10.0,10,4,1,0.75,4,0.39540400000987574,20.40733580000233,1.2031754000054207,22.005955400003586,665.7647399902344,1561.546875,True,True,68869e6
C_key_width,key_width,4,FD-Hash,1000000,1100000,1100000,1000000,2,3,0.1,4,4,4,4,uniform,,100000,10000,10.0,10,4,1,0.75,4,0.31500569998752326,19.991219199990155,1.2001812999951653,21.506444899976486,665.7648010253906,1562.01171875,True,True,68869e6
C_key_width,key_width,4,FD-Hash,1000000,1100000,1100000,1000000,2,4,0.1,4,4,4,4,uniform,,100000,10000,10.0,10,4,1,0.75,4,0.30248899999423884,19.891632699989714,1.1894064999942202,21.38357200002065,665.7647399902344,1562.07421875,True,True,68869e6
C_key_width,key_width,4,BCNF-Index,1000000,1100000,1100000,1000000,2,0,0.1,4,4,4,4,uniform,,100000,10000,10.0,10,4,1,0.75,1,0.2907548999937717,2.7463058000139426,0.7539063000003807,3.790980899997521,156.66542053222656,1561.92578125,True,True,68869e6
C_key_width,key_width,4,BCNF-Index,1000000,1100000,1100000,1000000,2,1,0.1,4,4,4,4,uniform,,100000,10000,10.0,10,4,1,0.75,1,0.2948294999951031,2.7081337999843527,0.7823090000019874,3.785283500008518,156.6655502319336,1561.92578125,True,True,68869e6
C_key_width,key_width,4,BCNF-Index,1000000,1100000,1100000,1000000,2,2,0.1,4,4,4,4,uniform,,100000,10000,10.0,10,4,1,0.75,1,0.29750019998755306,2.7106364999781363,0.7758932000142522,3.784039699996356,156.66552734375,1560.98046875,True,True,68869e6
C_key_width,key_width,4,BCNF-Index,1000000,1100000,1100000,1000000,2,3,0.1,4,4,4,4,uniform,,100000,10000,10.0,10,4,1,0.75,1,0.3034193000057712,2.709450399997877,0.751669099990977,3.764548900013324,156.66537475585938,1560.98046875,True,True,68869e6
C_key_width,key_width,4,BCNF-Index,1000000,1100000,1100000,1000000,2,4,0.1,4,4,4,4,uniform,,100000,10000,10.0,10,4,1,0.75,1,0.31018120000953786,2.6396277000021655,0.7585207000083756,3.7083389000035822,156.66537475585938,1560.98046875,True,True,68869e6
C_key_width,key_width,4,FD-Hash,1000000,1100000,1100000,1000000,3,0,0.1,4,4,4,4,uniform,,100000,10000,10.0,10,4,1,0.75,4,0.2969401000009384,20.64427310001338,1.233028699993156,22.174282799998764,665.7650375366211,1154.99609375,True,True,68869e6
C_key_width,key_width,4,FD-Hash,1000000,1100000,1100000,1000000,3,1,0.1,4,4,4,4,uniform,,100000,10000,10.0,10,4,1,0.75,4,0.3191493999911472,20.061029500007862,1.2092854999937117,21.589503199997125,665.7648620605469,1153.2890625,True,True,68869e6
C_key_width,key_width,4,FD-Hash,1000000,1100000,1100000,1000000,3,2,0.1,4,4,4,4,uniform,,100000,10000,10.0,10,4,1,0.75,4,0.31410780001897365,20.184141100005945,1.3522022000106517,21.850494600017555,665.7648010253906,1153.27734375,True,True,68869e6
C_key_width,key_width,4,FD-Hash,1000000,1100000,1100000,1000000,3,3,0.1,4,4,4,4,uniform,,100000,10000,10.0,10,4,1,0.75,4,0.3925959999905899,31.68966930001625,2.248751800012542,34.331068100000266,665.7648620605469,1151.99609375,True,True,68869e6
C_key_width,key_width,4,FD-Hash,1000000,1100000,1100000,1000000,3,4,0.1,4,4,4,4,uniform,,100000,10000,10.0,10,4,1,0.75,4,0.4585570000053849,39.62868950000848,2.219464699999662,42.306787000008626,665.7648010253906,1152.26171875,True,True,68869e6
C_key_width,key_width,4,BCNF-Index,1000000,1100000,1100000,1000000,3,0,0.1,4,4,4,4,uniform,,100000,10000,10.0,10,4,1,0.75,1,0.47766129998490214,5.034442399977706,1.3554466999776196,6.867582899983972,156.66542053222656,1151.86328125,True,True,68869e6
C_key_width,key_width,4,BCNF-Index,1000000,1100000,1100000,1000000,3,1,0.1,4,4,4,4,uniform,,100000,10000,10.0,10,4,1,0.75,1,0.4638602000195533,5.4091834999853745,1.3810979999834672,7.254154299997026,156.66537475585938,1152.890625,True,True,68869e6
C_key_width,key_width,4,BCNF-Index,1000000,1100000,1100000,1000000,3,2,0.1,4,4,4,4,uniform,,100000,10000,10.0,10,4,1,0.75,1,0.4788844999857247,5.429626600001939,1.3991427999862935,7.307678099983605,156.66537475585938,1152.890625,True,True,68869e6
C_key_width,key_width,4,BCNF-Index,1000000,1100000,1100000,1000000,3,3,0.1,4,4,4,4,uniform,,100000,10000,10.0,10,4,1,0.75,1,0.463501999998698,5.538283200003207,1.4287770999944769,7.430581199994776,156.66537475585938,1152.890625,True,True,68869e6
C_key_width,key_width,4,BCNF-Index,1000000,1100000,1100000,1000000,3,4,0.1,4,4,4,4,uniform,,100000,10000,10.0,10,4,1,0.75,1,0.4844976000022143,5.502160400006687,1.5036144999903627,7.490287599997828,156.6655502319336,1153.8515625,True,True,68869e6
C_key_width,key_width,4,FD-Hash,1000000,1100000,1100000,1000000,4,0,0.1,4,4,4,4,uniform,,100000,10000,10.0,10,4,1,0.75,4,0.47201680002035573,39.65836010000203,2.3938539999944624,42.52428909999435,665.7650375366211,1563.72265625,True,True,68869e6
C_key_width,key_width,4,FD-Hash,1000000,1100000,1100000,1000000,4,1,0.1,4,4,4,4,uniform,,100000,10000,10.0,10,4,1,0.75,4,0.46862079997663386,40.10035500000231,2.3210895000083838,42.89013049998903,665.7648010253906,1563.8359375,True,True,68869e6
C_key_width,key_width,4,FD-Hash,1000000,1100000,1100000,1000000,4,2,0.1,4,4,4,4,uniform,,100000,10000,10.0,10,4,1,0.75,4,0.4928664999897592,39.84230020001996,2.220227199984947,42.55545970000094,665.7648620605469,1563.8359375,True,True,68869e6
C_key_width,key_width,4,FD-Hash,1000000,1100000,1100000,1000000,4,3,0.1,4,4,4,4,uniform,,100000,10000,10.0,10,4,1,0.75,4,0.4571958000015002,40.14852480002446,2.2302416999882553,42.83601880000788,665.7648010253906,1563.8359375,True,True,68869e6
C_key_width,key_width,4,FD-Hash,1000000,1100000,1100000,1000000,4,4,0.1,4,4,4,4,uniform,,100000,10000,10.0,10,4,1,0.75,4,0.4535598999937065,39.60563129998627,2.053337699995609,42.11258879999514,665.7648620605469,1561.3828125,True,True,68869e6
C_key_width,key_width,4,BCNF-Index,1000000,1100000,1100000,1000000,4,0,0.1,4,4,4,4,uniform,,100000,10000,10.0,10,4,1,0.75,1,0.4481474999920465,5.014918599976227,1.3447746000019833,6.807860400003847,156.66542053222656,1562.1171875,True,True,68869e6
C_key_width,key_width,4,BCNF-Index,1000000,1100000,1100000,1000000,4,1,0.1,4,4,4,4,uniform,,100000,10000,10.0,10,4,1,0.75,1,0.4750016999896616,5.352991899999324,1.372825099999318,7.200852000009036,156.66537475585938,1562.15234375,True,True,68869e6
C_key_width,key_width,4,BCNF-Index,1000000,1100000,1100000,1000000,4,2,0.1,4,4,4,4,uniform,,100000,10000,10.0,10,4,1,0.75,1,0.44729710000683554,5.3562500000116415,1.4388929000124335,7.2424567000125535,156.6655502319336,1562.15234375,True,True,68869e6
C_key_width,key_width,4,BCNF-Index,1000000,1100000,1100000,1000000,4,3,0.1,4,4,4,4,uniform,,100000,10000,10.0,10,4,1,0.75,1,0.45225349999964237,5.421707399975276,1.3763151000021026,7.25029330002144,156.66552734375,1562.15234375,True,True,68869e6
C_key_width,key_width,4,BCNF-Index,1000000,1100000,1100000,1000000,4,4,0.1,4,4,4,4,uniform,,100000,10000,10.0,10,4,1,0.75,1,0.4617986000084784,5.2477167999895755,1.3851428999914788,7.094683900009841,156.66537475585938,1562.1796875,True,True,68869e6
C_key_width,key_width,4,FD-Hash,1000000,1100000,1100000,1000000,5,0,0.1,4,4,4,4,uniform,,100000,10000,10.0,10,4,1,0.75,4,0.5205522000032943,37.90138520000619,1.255879799980903,39.67787500002305,665.7650375366211,1160.2890625,True,True,68869e6
C_key_width,key_width,4,FD-Hash,1000000,1100000,1100000,1000000,5,1,0.1,4,4,4,4,uniform,,100000,10000,10.0,10,4,1,0.75,4,0.3355651999881957,19.6651921000157,1.189587600005325,21.190388799994253,665.7648620605469,1159.3671875,True,True,68869e6
C_key_width,key_width,4,FD-Hash,1000000,1100000,1100000,1000000,5,2,0.1,4,4,4,4,uniform,,100000,10000,10.0,10,4,1,0.75,4,0.3164063000003807,20.98362330000964,1.3717020000040065,22.671771699999226,665.7648010253906,1159.3671875,True,True,68869e6
C_key_width,key_width,4,FD-Hash,1000000,1100000,1100000,1000000,5,3,0.1,4,4,4,4,uniform,,100000,10000,10.0,10,4,1,0.75,4,0.4130470999807585,23.952819400001317,1.3582237000227906,25.72413570000208,665.7648620605469,1159.3671875,True,True,68869e6
C_key_width,key_width,4,FD-Hash,1000000,1100000,1100000,1000000,5,4,0.1,4,4,4,4,uniform,,100000,10000,10.0,10,4,1,0.75,4,0.3322236000094563,20.777893199992832,1.3237098999961745,22.433873400004813,665.7648010253906,1158.3671875,True,True,68869e6
C_key_width,key_width,4,BCNF-Index,1000000,1100000,1100000,1000000,5,0,0.1,4,4,4,4,uniform,,100000,10000,10.0,10,4,1,0.75,1,0.28685129998484626,2.8103373000049032,0.8047785000235308,3.9019842999987304,156.66559600830078,619.68359375,True,True,68869e6
C_key_width,key_width,4,BCNF-Index,1000000,1100000,1100000,1000000,5,1,0.1,4,4,4,4,uniform,,100000,10000,10.0,10,4,1,0.75,1,0.2925461999839172,2.645134699996561,0.7742654000176117,3.711956499988446,156.66558837890625,620.796875,True,True,68869e6
C_key_width,key_width,4,BCNF-Index,1000000,1100000,1100000,1000000,5,2,0.1,4,4,4,4,uniform,,100000,10000,10.0,10,4,1,0.75,1,0.3169989000016358,2.6324529999983497,0.7929568999970797,3.7424188000150025,156.66537475585938,621.7890625,True,True,68869e6
C_key_width,key_width,4,BCNF-Index,1000000,1100000,1100000,1000000,5,3,0.1,4,4,4,4,uniform,,100000,10000,10.0,10,4,1,0.75,1,0.2978296000219416,2.7473232000193093,0.766688499978045,3.811849399993662,156.66537475585938,621.9453125,True,True,68869e6
C_key_width,key_width,4,BCNF-Index,1000000,1100000,1100000,1000000,5,4,0.1,4,4,4,4,uniform,,100000,10000,10.0,10,4,1,0.75,1,0.2908084000227973,2.68086759999278,0.7585690999985673,3.7302544000267517,156.66537475585938,621.97265625,True,True,68869e6
D_block_distribution,block_distribution,uniform,FD-Hash,1000000,1100000,1100000,1000000,1,0,0.1,4,4,4,1,uniform,,100000,10000,10.0,10,4,1,0.75,4,0.2939886999956798,19.814494399994146,1.1882882000063546,21.296819299983326,597.1005554199219,1158.22265625,True,True,68869e6
D_block_distribution,block_distribution,uniform,FD-Hash,1000000,1100000,1100000,1000000,1,1,0.1,4,4,4,1,uniform,,100000,10000,10.0,10,4,1,0.75,4,0.28195899998536333,19.174153700005263,1.2265184000134468,20.68267109998851,597.1001892089844,1160.40625,True,True,68869e6
D_block_distribution,block_distribution,uniform,FD-Hash,1000000,1100000,1100000,1000000,1,2,0.1,4,4,4,1,uniform,,100000,10000,10.0,10,4,1,0.75,4,0.3013906000123825,19.20859960000962,1.2454867000051308,20.755524000007426,597.1003112792969,1162.40625,True,True,68869e6
D_block_distribution,block_distribution,uniform,FD-Hash,1000000,1100000,1100000,1000000,1,3,0.1,4,4,4,1,uniform,,100000,10000,10.0,10,4,1,0.75,4,0.29083600000012666,19.294130800000858,1.1793432999984361,20.76435149999452,597.1002502441406,1163.40625,True,True,68869e6
D_block_distribution,block_distribution,uniform,FD-Hash,1000000,1100000,1100000,1000000,1,4,0.1,4,4,4,1,uniform,,100000,10000,10.0,10,4,1,0.75,4,0.28841979999560863,19.309912800003076,1.1827143999980763,20.781093099998543,597.1003112792969,1165.40625,True,True,68869e6
D_block_distribution,block_distribution,uniform,BCNF-Index,1000000,1100000,1100000,1000000,1,0,0.1,4,4,4,1,uniform,,100000,10000,10.0,10,4,1,0.75,1,0.2858291000011377,2.361451200005831,0.7287845000100788,3.376079599984223,133.77730560302734,1166.09765625,True,True,68869e6
D_block_distribution,block_distribution,uniform,BCNF-Index,1000000,1100000,1100000,1000000,1,1,0.1,4,4,4,1,uniform,,100000,10000,10.0,10,4,1,0.75,1,0.29396329997689463,2.449536400003126,0.7458295999967959,3.489337599981809,133.77725982666016,1166.09765625,True,True,68869e6
D_block_distribution,block_distribution,uniform,BCNF-Index,1000000,1100000,1100000,1000000,1,2,0.1,4,4,4,1,uniform,,100000,10000,10.0,10,4,1,0.75,1,0.2900372000003699,2.4076212999934796,0.7213546999846585,3.4190222000179347,133.77725982666016,1166.09765625,True,True,68869e6
D_block_distribution,block_distribution,uniform,BCNF-Index,1000000,1100000,1100000,1000000,1,3,0.1,4,4,4,1,uniform,,100000,10000,10.0,10,4,1,0.75,1,0.28138119998038746,2.400086799985729,0.7618140999984462,3.4432917999802157,133.7773666381836,1166.09765625,True,True,68869e6
D_block_distribution,block_distribution,uniform,BCNF-Index,1000000,1100000,1100000,1000000,1,4,0.1,4,4,4,1,uniform,,100000,10000,10.0,10,4,1,0.75,1,0.2945676000090316,2.426650100009283,0.755185399990296,3.476411300012842,133.7773666381836,1166.09375,True,True,68869e6
D_block_distribution,block_distribution,uniform,FD-Hash,1000000,1100000,1100000,1000000,2,0,0.1,4,4,4,1,uniform,,100000,10000,10.0,10,4,1,0.75,4,0.28867360000731423,18.980248499981826,1.1397105999931227,20.408673300000373,597.1004333496094,1516.84765625,True,True,68869e6
D_block_distribution,block_distribution,uniform,FD-Hash,1000000,1100000,1100000,1000000,2,1,0.1,4,4,4,1,uniform,,100000,10000,10.0,10,4,1,0.75,4,0.2872332999831997,19.601438499987125,1.2585754000174347,21.147293299989542,597.1002502441406,1513.33984375,True,True,68869e6
D_block_distribution,block_distribution,uniform,FD-Hash,1000000,1100000,1100000,1000000,2,2,0.1,4,4,4,1,uniform,,100000,10000,10.0,10,4,1,0.75,4,0.3119538000028115,19.81430790000013,1.2655070000037085,21.3918079000141,597.1001892089844,1513.703125,True,True,68869e6
D_block_distribution,block_distribution,uniform,FD-Hash,1000000,1100000,1100000,1000000,2,3,0.1,4,4,4,1,uniform,,100000,10000,10.0,10,4,1,0.75,4,0.32697670001653023,20.0913542000053,1.2896046999958344,21.707976700010477,597.1003112792969,1513.703125,True,True,68869e6
D_block_distribution,block_distribution,uniform,FD-Hash,1000000,1100000,1100000,1000000,2,4,0.1,4,4,4,1,uniform,,100000,10000,10.0,10,4,1,0.75,4,0.3073031000094488,20.106141199998092,1.268485500011593,21.682061200001044,597.1001892089844,1513.6875,True,True,68869e6
D_block_distribution,block_distribution,uniform,BCNF-Index,1000000,1100000,1100000,1000000,2,0,0.1,4,4,4,1,uniform,,100000,10000,10.0,10,4,1,0.75,1,0.3158490000059828,2.6329493999946862,0.7793001999962144,3.7281139999977313,133.77730560302734,1513.796875,True,True,68869e6
D_block_distribution,block_distribution,uniform,BCNF-Index,1000000,1100000,1100000,1000000,2,1,0.1,4,4,4,1,uniform,,100000,10000,10.0,10,4,1,0.75,1,0.3309423000027891,2.591653600014979,0.8130273999995552,3.735634599986952,133.7773666381836,1513.8203125,True,True,68869e6
D_block_distribution,block_distribution,uniform,BCNF-Index,1000000,1100000,1100000,1000000,2,2,0.1,4,4,4,1,uniform,,100000,10000,10.0,10,4,1,0.75,1,0.31236949999583885,2.698081899987301,0.7851707999943756,3.7956308999855537,133.7773666381836,1513.82421875,True,True,68869e6
D_block_distribution,block_distribution,uniform,BCNF-Index,1000000,1100000,1100000,1000000,2,3,0.1,4,4,4,1,uniform,,100000,10000,10.0,10,4,1,0.75,1,0.3049514000013005,2.651588700013235,0.7751978999876883,3.731746800011024,133.77725982666016,1513.82421875,True,True,68869e6
D_block_distribution,block_distribution,uniform,BCNF-Index,1000000,1100000,1100000,1000000,2,4,0.1,4,4,4,1,uniform,,100000,10000,10.0,10,4,1,0.75,1,0.3170170999947004,2.564773599995533,0.7945241999987047,3.6763243000023067,133.77725982666016,1513.82421875,True,True,68869e6
D_block_distribution,block_distribution,uniform,FD-Hash,1000000,1100000,1100000,1000000,3,0,0.1,4,4,4,1,uniform,,100000,10000,10.0,10,4,1,0.75,4,0.311547800025437,19.559784300014144,1.2357566999853589,21.107134499994572,597.1004333496094,1171.92578125,True,True,68869e6
D_block_distribution,block_distribution,uniform,FD-Hash,1000000,1100000,1100000,1000000,3,1,0.1,4,4,4,1,uniform,,100000,10000,10.0,10,4,1,0.75,4,0.28844229999231175,19.276464099995792,1.1397386000026017,20.70469119999325,597.1001892089844,1171.92578125,True,True,68869e6
D_block_distribution,block_distribution,uniform,FD-Hash,1000000,1100000,1100000,1000000,3,2,0.1,4,4,4,1,uniform,,100000,10000,10.0,10,4,1,0.75,4,0.2859613000182435,19.107128700008616,1.1733781000075396,20.56650929999887,597.1002502441406,1173.7734375,True,True,68869e6
D_block_distribution,block_distribution,uniform,FD-Hash,1000000,1100000,1100000,1000000,3,3,0.1,4,4,4,1,uniform,,100000,10000,10.0,10,4,1,0.75,4,0.2795583999832161,18.75049669999862,1.2113828999863472,20.24147740000626,597.1001892089844,1176.15625,True,True,68869e6
D_block_distribution,block_distribution,uniform,FD-Hash,1000000,1100000,1100000,1000000,3,4,0.1,4,4,4,1,uniform,,100000,10000,10.0,10,4,1,0.75,4,0.29527850000886247,18.900304399983725,1.172185300005367,20.367806099995505,597.1003112792969,1177.15625,True,True,68869e6
D_block_distribution,block_distribution,uniform,BCNF-Index,1000000,1100000,1100000,1000000,3,0,0.1,4,4,4,1,uniform,,100000,10000,10.0,10,4,1,0.75,1,0.28086110000731423,2.433943200012436,0.7322437000111677,3.4470625999965705,133.77730560302734,1177.79296875,True,True,68869e6
D_block_distribution,block_distribution,uniform,BCNF-Index,1000000,1100000,1100000,1000000,3,1,0.1,4,4,4,1,uniform,,100000,10000,10.0,10,4,1,0.75,1,0.301336899981834,2.452943399985088,0.7136072999855969,3.467896699992707,133.77725982666016,1177.8203125,True,True,68869e6
D_block_distribution,block_distribution,uniform,BCNF-Index,1000000,1100000,1100000,1000000,3,2,0.1,4,4,4,1,uniform,,100000,10000,10.0,10,4,1,0.75,1,0.28394970000954345,2.3521771999949124,0.7428943999984767,3.379029800009448,133.77725982666016,1177.8203125,True,True,68869e6
D_block_distribution,block_distribution,uniform,BCNF-Index,1000000,1100000,1100000,1000000,3,3,0.1,4,4,4,1,uniform,,100000,10000,10.0,10,4,1,0.75,1,0.2978069999953732,2.4359167000220623,0.8053736999863759,3.539107699994929,133.7773666381836,1177.8203125,True,True,68869e6
D_block_distribution,block_distribution,uniform,BCNF-Index,1000000,1100000,1100000,1000000,3,4,0.1,4,4,4,1,uniform,,100000,10000,10.0,10,4,1,0.75,1,0.29026019998127595,2.4226851999992505,0.7389206999796443,3.4518744999950286,133.7773666381836,1177.80859375,True,True,68869e6
D_block_distribution,block_distribution,uniform,FD-Hash,1000000,1100000,1100000,1000000,4,0,0.1,4,4,4,1,uniform,,100000,10000,10.0,10,4,1,0.75,4,0.28164319999632426,18.811112900002627,1.1863617000053637,20.279164400009904,597.1004333496094,1518.875,True,True,68869e6
D_block_distribution,block_distribution,uniform,FD-Hash,1000000,1100000,1100000,1000000,4,1,0.1,4,4,4,1,uniform,,100000,10000,10.0,10,4,1,0.75,4,0.2776476000144612,18.79933500001789,1.1387297000037506,20.21575179998763,597.1002502441406,1516.44140625,True,True,68869e6
D_block_distribution,block_distribution,uniform,FD-Hash,1000000,1100000,1100000,1000000,4,2,0.1,4,4,4,1,uniform,,100000,10000,10.0,10,4,1,0.75,4,0.2940686000220012,19.00119999999879,1.1308554999995977,20.426163500000257,597.1003112792969,1516.44140625,True,True,68869e6
D_block_distribution,block_distribution,uniform,FD-Hash,1000000,1100000,1100000,1000000,4,3,0.1,4,4,4,1,uniform,,100000,10000,10.0,10,4,1,0.75,4,0.29380150002543814,19.028059799980838,1.1593826000171248,20.481284500012407,597.1002502441406,1514.3203125,True,True,68869e6
D_block_distribution,block_distribution,uniform,FD-Hash,1000000,1100000,1100000,1000000,4,4,0.1,4,4,4,1,uniform,,100000,10000,10.0,10,4,1,0.75,4,0.27906840000650845,18.826204800017877,1.2232617999834474,20.328574900020612,597.1001892089844,1514.71484375,True,True,68869e6
D_block_distribution,block_distribution,uniform,BCNF-Index,1000000,1100000,1100000,1000000,4,0,0.1,4,4,4,1,uniform,,100000,10000,10.0,10,4,1,0.75,1,0.2949083000130486,2.429957699991064,0.7315369000134524,3.45641670000623,133.77730560302734,1514.78125,True,True,68869e6
D_block_distribution,block_distribution,uniform,BCNF-Index,1000000,1100000,1100000,1000000,4,1,0.1,4,4,4,1,uniform,,100000,10000,10.0,10,4,1,0.75,1,0.298612900020089,2.4145693000173196,0.7529781000048388,3.466169899998931,133.7773666381836,1514.8046875,True,True,68869e6
D_block_distribution,block_distribution,uniform,BCNF-Index,1000000,1100000,1100000,1000000,4,2,0.1,4,4,4,1,uniform,,100000,10000,10.0,10,4,1,0.75,1,0.3138710999919567,2.3691303999803495,0.7543411999940872,3.4373522000096273,133.7773666381836,1514.80859375,True,True,68869e6
D_block_distribution,block_distribution,uniform,BCNF-Index,1000000,1100000,1100000,1000000,4,3,0.1,4,4,4,1,uniform,,100000,10000,10.0,10,4,1,0.75,1,0.3117705000040587,2.46959429999697,0.7307494999840856,3.512122800020734,133.77725982666016,1514.80859375,True,True,68869e6
D_block_distribution,block_distribution,uniform,BCNF-Index,1000000,1100000,1100000,1000000,4,4,0.1,4,4,4,1,uniform,,100000,10000,10.0,10,4,1,0.75,1,0.29103359999135137,2.397062800009735,0.7271820000023581,3.4152864999778103,133.77725982666016,1514.80859375,True,True,68869e6
D_block_distribution,block_distribution,uniform,FD-Hash,1000000,1100000,1100000,1000000,5,0,0.1,4,4,4,1,uniform,,100000,10000,10.0,10,4,1,0.75,4,0.29196820000652224,18.99640730000101,1.2154665999987628,20.50388629999361,597.1004333496094,1186.88671875,True,True,68869e6
D_block_distribution,block_distribution,uniform,FD-Hash,1000000,1100000,1100000,1000000,5,1,0.1,4,4,4,1,uniform,,100000,10000,10.0,10,4,1,0.75,4,0.28971179999643937,18.796266199991805,1.1952058000024408,20.28122780000558,597.1003112792969,1189.88671875,True,True,68869e6
D_block_distribution,block_distribution,uniform,FD-Hash,1000000,1100000,1100000,1000000,5,2,0.1,4,4,4,1,uniform,,100000,10000,10.0,10,4,1,0.75,4,0.2898130999819841,18.82338760001585,1.1573656000255141,20.27060459999484,597.1002502441406,1189.88671875,True,True,68869e6
D_block_distribution,block_distribution,uniform,FD-Hash,1000000,1100000,1100000,1000000,5,3,0.1,4,4,4,1,uniform,,100000,10000,10.0,10,4,1,0.75,4,0.2818404999852646,18.849122999992687,1.1433199000020977,20.274323499994352,597.1003112792969,1192.88671875,True,True,68869e6
D_block_distribution,block_distribution,uniform,FD-Hash,1000000,1100000,1100000,1000000,5,4,0.1,4,4,4,1,uniform,,100000,10000,10.0,10,4,1,0.75,4,0.2769456999958493,18.915048499999102,1.1898370000126306,20.381875099992612,597.1002502441406,1192.88671875,True,True,68869e6
D_block_distribution,block_distribution,uniform,BCNF-Index,1000000,1100000,1100000,1000000,5,0,0.1,4,4,4,1,uniform,,100000,10000,10.0,10,4,1,0.75,1,0.27848989999620244,2.409870300005423,0.7033252000110224,3.391700199979823,133.77730560302734,654.4140625,True,True,68869e6
D_block_distribution,block_distribution,uniform,BCNF-Index,1000000,1100000,1100000,1000000,5,1,0.1,4,4,4,1,uniform,,100000,10000,10.0,10,4,1,0.75,1,0.2878467999980785,2.3593496000103187,0.7154492000117898,3.362653899996076,133.77725982666016,654.44921875,True,True,68869e6
D_block_distribution,block_distribution,uniform,BCNF-Index,1000000,1100000,1100000,1000000,5,2,0.1,4,4,4,1,uniform,,100000,10000,10.0,10,4,1,0.75,1,0.2926013999967836,2.444690200005425,0.7278357000031974,3.4651370999927167,133.77725982666016,654.4609375,True,True,68869e6
D_block_distribution,block_distribution,uniform,BCNF-Index,1000000,1100000,1100000,1000000,5,3,0.1,4,4,4,1,uniform,,100000,10000,10.0,10,4,1,0.75,1,0.28449809999438,2.45268080002279,0.7045656999980565,3.4417539999994915,133.77725982666016,654.4609375,True,True,68869e6
D_block_distribution,block_distribution,uniform,BCNF-Index,1000000,1100000,1100000,1000000,5,4,0.1,4,4,4,1,uniform,,100000,10000,10.0,10,4,1,0.75,1,0.28477480000583455,2.4011999999929685,0.764136799989501,3.4501234000199474,133.7773666381836,654.46875,True,True,68869e6
D_block_distribution,block_distribution,zipf_1.2,FD-Hash,1000000,1100000,1100000,1000000,1,0,0.1,4,4,4,1,zipf_1.2,1.2,100000,10000,10.0,18754,4,1,0.75,4,0.30214250000426546,19.56144140000106,1.181460399995558,21.045091599982698,597.1005554199219,1183.45703125,True,True,68869e6
D_block_distribution,block_distribution,zipf_1.2,FD-Hash,1000000,1100000,1100000,1000000,1,1,0.1,4,4,4,1,zipf_1.2,1.2,100000,10000,10.0,18754,4,1,0.75,4,0.275959500024328,19.00608339998871,1.2156285000091884,20.49771779999719,597.1002502441406,1186.8984375,True,True,68869e6
D_block_distribution,block_distribution,zipf_1.2,FD-Hash,1000000,1100000,1100000,1000000,1,2,0.1,4,4,4,1,zipf_1.2,1.2,100000,10000,10.0,18754,4,1,0.75,4,0.2911221999966074,19.040757400012808,1.1646459999901708,20.496564799977932,597.1003112792969,1187.8984375,True,True,68869e6
D_block_distribution,block_distribution,zipf_1.2,FD-Hash,1000000,1100000,1100000,1000000,1,3,0.1,4,4,4,1,zipf_1.2,1.2,100000,10000,10.0,18754,4,1,0.75,4,0.2789887000108138,18.97514160000719,1.211245799990138,20.465420900000026,597.1002502441406,1188.8984375,True,True,68869e6
D_block_distribution,block_distribution,zipf_1.2,FD-Hash,1000000,1100000,1100000,1000000,1,4,0.1,4,4,4,1,zipf_1.2,1.2,100000,10000,10.0,18754,4,1,0.75,4,0.2853142000094522,18.984235899988562,1.1885823000047822,20.458173699997133,597.1003112792969,1190.8984375,True,True,68869e6
D_block_distribution,block_distribution,zipf_1.2,BCNF-Index,1000000,1100000,1100000,1000000,1,0,0.1,4,4,4,1,zipf_1.2,1.2,100000,10000,10.0,18754,4,1,0.75,1,0.296195999981137,2.344704399991315,0.7185236999939661,3.3594375000102445,133.77730560302734,1191.5625,True,True,68869e6
D_block_distribution,block_distribution,zipf_1.2,BCNF-Index,1000000,1100000,1100000,1000000,1,1,0.1,4,4,4,1,zipf_1.2,1.2,100000,10000,10.0,18754,4,1,0.75,1,0.2948972999874968,2.3987266999902204,0.7358162000018638,3.429448400012916,133.77725982666016,1191.5625,True,True,68869e6
D_block_distribution,block_distribution,zipf_1.2,BCNF-Index,1000000,1100000,1100000,1000000,1,2,0.1,4,4,4,1,zipf_1.2,1.2,100000,10000,10.0,18754,4,1,0.75,1,0.29178630001842976,2.4262657999934163,0.7640947999898344,3.482156700018095,133.7773666381836,1191.5625,True,True,68869e6
D_block_distribution,block_distribution,zipf_1.2,BCNF-Index,1000000,1100000,1100000,1000000,1,3,0.1,4,4,4,1,zipf_1.2,1.2,100000,10000,10.0,18754,4,1,0.75,1,0.30754299997352064,2.4282362000085413,0.7501760000013746,3.4859639999922365,133.7773666381836,652.09765625,True,True,68869e6
D_block_distribution,block_distribution,zipf_1.2,BCNF-Index,1000000,1100000,1100000,1000000,1,4,0.1,4,4,4,1,zipf_1.2,1.2,100000,10000,10.0,18754,4,1,0.75,1,0.2989065000147093,2.4107791999995243,0.7519477999885567,3.461643599992385,133.77725982666016,652.203125,True,True,68869e6
D_block_distribution,block_distribution,zipf_1.2,FD-Hash,1000000,1100000,1100000,1000000,2,0,0.1,4,4,4,1,zipf_1.2,1.2,100000,10000,10.0,18754,4,1,0.75,4,0.296391300013056,19.184817600005772,1.1472328999952879,20.6284808999917,597.1004333496094,1518.1015625,True,True,68869e6
D_block_distribution,block_distribution,zipf_1.2,FD-Hash,1000000,1100000,1100000,1000000,2,1,0.1,4,4,4,1,zipf_1.2,1.2,100000,10000,10.0,18754,4,1,0.75,4,0.2837639999925159,18.95214969999506,1.1444122999964748,20.380366099998355,597.1003112792969,1518.48828125,True,True,68869e6
D_block_distribution,block_distribution,zipf_1.2,FD-Hash,1000000,1100000,1100000,1000000,2,2,0.1,4,4,4,1,zipf_1.2,1.2,100000,10000,10.0,18754,4,1,0.75,4,0.2908400000014808,18.68144190000021,1.1886946000158787,20.161022599990247,597.1002502441406,1518.48828125,True,True,68869e6
D_block_distribution,block_distribution,zipf_1.2,FD-Hash,1000000,1100000,1100000,1000000,2,3,0.1,4,4,4,1,zipf_1.2,1.2,100000,10000,10.0,18754,4,1,0.75,4,0.27093949998379685,18.726421100000152,1.1732417999883182,20.170640299998922,597.1003112792969,1518.48828125,True,True,68869e6
D_block_distribution,block_distribution,zipf_1.2,FD-Hash,1000000,1100000,1100000,1000000,2,4,0.1,4,4,4,1,zipf_1.2,1.2,100000,10000,10.0,18754,4,1,0.75,4,0.2871961999917403,18.738340299983975,1.1246198000153527,20.15019289997872,597.1002502441406,1518.48828125,True,True,68869e6
D_block_distribution,block_distribution,zipf_1.2,BCNF-Index,1000000,1100000,1100000,1000000,2,0,0.1,4,4,4,1,zipf_1.2,1.2,100000,10000,10.0,18754,4,1,0.75,1,0.2848031999892555,2.3881264999799896,0.7687282999977469,3.4416787999798544,133.77741241455078,1518.55078125,True,True,68869e6
D_block_distribution,block_distribution,zipf_1.2,BCNF-Index,1000000,1100000,1100000,1000000,2,1,0.1,4,4,4,1,zipf_1.2,1.2,100000,10000,10.0,18754,4,1,0.75,1,0.31480689998716116,2.4048184999846853,0.7339714999834541,3.453606499999296,133.77742767333984,1518.58203125,True,True,68869e6
D_block_distribution,block_distribution,zipf_1.2,BCNF-Index,1000000,1100000,1100000,1000000,2,2,0.1,4,4,4,1,zipf_1.2,1.2,100000,10000,10.0,18754,4,1,0.75,1,0.286248299991712,2.405730299971765,0.7100676000118256,3.402055399987148,133.77725982666016,1518.58203125,True,True,68869e6
D_block_distribution,block_distribution,zipf_1.2,BCNF-Index,1000000,1100000,1100000,1000000,2,3,0.1,4,4,4,1,zipf_1.2,1.2,100000,10000,10.0,18754,4,1,0.75,1,0.3071111000026576,2.3378818000201136,0.7218339999963064,3.3668614999915008,133.77725982666016,1518.58203125,True,True,68869e6
D_block_distribution,block_distribution,zipf_1.2,BCNF-Index,1000000,1100000,1100000,1000000,2,4,0.1,4,4,4,1,zipf_1.2,1.2,100000,10000,10.0,18754,4,1,0.75,1,0.28065390000119805,2.4222912000259385,0.7424708000035025,3.4454246000095736,133.77725982666016,1518.58203125,True,True,68869e6
D_block_distribution,block_distribution,zipf_1.2,FD-Hash,1000000,1100000,1100000,1000000,3,0,0.1,4,4,4,1,zipf_1.2,1.2,100000,10000,10.0,18754,4,1,0.75,4,0.2961261999735143,19.18785449999268,1.1864353999844752,20.670455999992555,597.1004333496094,1197.30859375,True,True,68869e6
D_block_distribution,block_distribution,zipf_1.2,FD-Hash,1000000,1100000,1100000,1000000,3,1,0.1,4,4,4,1,zipf_1.2,1.2,100000,10000,10.0,18754,4,1,0.75,4,0.2985970999870915,19.087564199988265,1.1645158999890555,20.55071899999166,597.1001892089844,1196.83984375,True,True,68869e6
D_block_distribution,block_distribution,zipf_1.2,FD-Hash,1000000,1100000,1100000,1000000,3,2,0.1,4,4,4,1,zipf_1.2,1.2,100000,10000,10.0,18754,4,1,0.75,4,0.29235189998871647,19.0719134999963,1.171527700003935,20.53583159999107,597.1003112792969,1199.2265625,True,True,68869e6
D_block_distribution,block_distribution,zipf_1.2,FD-Hash,1000000,1100000,1100000,1000000,3,3,0.1,4,4,4,1,zipf_1.2,1.2,100000,10000,10.0,18754,4,1,0.75,4,0.2933004999940749,18.78944500000216,1.206329899985576,20.289114899991546,597.1002502441406,1200.234375,True,True,68869e6
D_block_distribution,block_distribution,zipf_1.2,FD-Hash,1000000,1100000,1100000,1000000,3,4,0.1,4,4,4,1,zipf_1.2,1.2,100000,10000,10.0,18754,4,1,0.75,4,0.27964339999016374,18.905712300009327,1.260925499984296,20.446321700001135,597.1003112792969,1201.1875,True,True,68869e6
D_block_distribution,block_distribution,zipf_1.2,BCNF-Index,1000000,1100000,1100000,1000000,3,0,0.1,4,4,4,1,zipf_1.2,1.2,100000,10000,10.0,18754,4,1,0.75,1,0.2781038999964949,2.4224233999848366,0.7195096000214107,3.420052100002067,133.77730560302734,1201.81640625,True,True,68869e6
D_block_distribution,block_distribution,zipf_1.2,BCNF-Index,1000000,1100000,1100000,1000000,3,1,0.1,4,4,4,1,zipf_1.2,1.2,100000,10000,10.0,18754,4,1,0.75,1,0.3131811000057496,2.352827300026547,0.725396499998169,3.391414200013969,133.77725982666016,1201.84375,True,True,68869e6
D_block_distribution,block_distribution,zipf_1.2,BCNF-Index,1000000,1100000,1100000,1000000,3,2,0.1,4,4,4,1,zipf_1.2,1.2,100000,10000,10.0,18754,4,1,0.75,1,0.2916428000025917,2.3989885000046343,0.7468797999899834,3.4375212999875657,133.7773666381836,1201.84375,True,True,68869e6
D_block_distribution,block_distribution,zipf_1.2,BCNF-Index,1000000,1100000,1100000,1000000,3,3,0.1,4,4,4,1,zipf_1.2,1.2,100000,10000,10.0,18754,4,1,0.75,1,0.287794700008817,2.3912735000194516,0.7350427000201307,3.414119799999753,133.7773666381836,1201.84375,True,True,68869e6
D_block_distribution,block_distribution,zipf_1.2,BCNF-Index,1000000,1100000,1100000,1000000,3,4,0.1,4,4,4,1,zipf_1.2,1.2,100000,10000,10.0,18754,4,1,0.75,1,0.2845521999988705,2.3982605000201147,0.7109820000187028,3.393804999999702,133.77725982666016,1201.84375,True,True,68869e6
D_block_distribution,block_distribution,zipf_1.2,FD-Hash,1000000,1100000,1100000,1000000,4,0,0.1,4,4,4,1,zipf_1.2,1.2,100000,10000,10.0,18754,4,1,0.75,4,0.28098880001925863,18.807057700003497,1.196097899985034,20.28420009999536,597.1004333496094,1519.9609375,True,True,68869e6
D_block_distribution,block_distribution,zipf_1.2,FD-Hash,1000000,1100000,1100000,1000000,4,1,0.1,4,4,4,1,zipf_1.2,1.2,100000,10000,10.0,18754,4,1,0.75,4,0.2764679999963846,18.864698400022462,1.1521897000202443,20.293392499996116,597.1003112792969,1518.5234375,True,True,68869e6
D_block_distribution,block_distribution,zipf_1.2,FD-Hash,1000000,1100000,1100000,1000000,4,2,0.1,4,4,4,1,zipf_1.2,1.2,100000,10000,10.0,18754,4,1,0.75,4,0.303056300006574,19.045890200010035,1.1528540999861434,20.50185390000115,597.1001892089844,1518.5234375,True,True,68869e6
D_block_distribution,block_distribution,zipf_1.2,FD-Hash,1000000,1100000,1100000,1000000,4,3,0.1,4,4,4,1,zipf_1.2,1.2,100000,10000,10.0,18754,4,1,0.75,4,0.2841593000048306,19.08808560000034,1.2356858999992255,20.607975799997803,597.1003112792969,1516.38671875,True,True,68869e6
D_block_distribution,block_distribution,zipf_1.2,FD-Hash,1000000,1100000,1100000,1000000,4,4,0.1,4,4,4,1,zipf_1.2,1.2,100000,10000,10.0,18754,4,1,0.75,4,0.2875231000070926,18.799072900001192,1.2144305000256281,20.30107169999974,597.1002502441406,1516.78125,True,True,68869e6
D_block_distribution,block_distribution,zipf_1.2,BCNF-Index,1000000,1100000,1100000,1000000,4,0,0.1,4,4,4,1,zipf_1.2,1.2,100000,10000,10.0,18754,4,1,0.75,1,0.2879208000085782,2.50027129999944,0.7882311000139453,3.576440200005891,133.77741241455078,1516.84375,True,True,68869e6
D_block_distribution,block_distribution,zipf_1.2,BCNF-Index,1000000,1100000,1100000,1000000,4,1,0.1,4,4,4,1,zipf_1.2,1.2,100000,10000,10.0,18754,4,1,0.75,1,0.30413420000695623,2.406013100000564,0.7296000000205822,3.4397570000146516,133.77742767333984,1516.875,True,True,68869e6
D_block_distribution,block_distribution,zipf_1.2,BCNF-Index,1000000,1100000,1100000,1000000,4,2,0.1,4,4,4,1,zipf_1.2,1.2,100000,10000,10.0,18754,4,1,0.75,1,0.3025058999774046,2.43224610001198,0.7470054999866989,3.481765299977269,133.77725982666016,1516.875,True,True,68869e6
D_block_distribution,block_distribution,zipf_1.2,BCNF-Index,1000000,1100000,1100000,1000000,4,3,0.1,4,4,4,1,zipf_1.2,1.2,100000,10000,10.0,18754,4,1,0.75,1,0.29256999999051914,2.471126500022365,0.748823399975663,3.5125288999988697,133.77725982666016,1516.875,True,True,68869e6
D_block_distribution,block_distribution,zipf_1.2,BCNF-Index,1000000,1100000,1100000,1000000,4,4,0.1,4,4,4,1,zipf_1.2,1.2,100000,10000,10.0,18754,4,1,0.75,1,0.299068200023612,2.3844851999892853,0.7899190000025555,3.4734825000050478,133.77725982666016,1516.875,True,True,68869e6
D_block_distribution,block_distribution,zipf_1.2,FD-Hash,1000000,1100000,1100000,1000000,5,0,0.1,4,4,4,1,zipf_1.2,1.2,100000,10000,10.0,18754,4,1,0.75,4,0.2900374000018928,19.356314800010296,1.2301119999901857,20.87650769998436,597.1004333496094,1209.94140625,True,True,68869e6
D_block_distribution,block_distribution,zipf_1.2,FD-Hash,1000000,1100000,1100000,1000000,5,1,0.1,4,4,4,1,zipf_1.2,1.2,100000,10000,10.0,18754,4,1,0.75,4,0.2795806000067387,18.93827169999713,1.172634599992307,20.39052630000515,597.1001892089844,1210.99609375,True,True,68869e6
D_block_distribution,block_distribution,zipf_1.2,FD-Hash,1000000,1100000,1100000,1000000,5,2,0.1,4,4,4,1,zipf_1.2,1.2,100000,10000,10.0,18754,4,1,0.75,4,0.27885479998076335,18.914658699999563,1.155060000019148,20.34861779998755,597.1003112792969,1212.99609375,True,True,68869e6
D_block_distribution,block_distribution,zipf_1.2,FD-Hash,1000000,1100000,1100000,1000000,5,3,0.1,4,4,4,1,zipf_1.2,1.2,100000,10000,10.0,18754,4,1,0.75,4,0.27545240000472404,18.898498599999584,1.14653240001644,20.320522499998333,597.1001892089844,1212.99609375,True,True,68869e6
D_block_distribution,block_distribution,zipf_1.2,FD-Hash,1000000,1100000,1100000,1000000,5,4,0.1,4,4,4,1,zipf_1.2,1.2,100000,10000,10.0,18754,4,1,0.75,4,0.3018953000137117,19.320164500008104,1.1710164999822155,20.793115700013004,597.1003112792969,1213.79296875,True,True,68869e6
D_block_distribution,block_distribution,zipf_1.2,BCNF-Index,1000000,1100000,1100000,1000000,5,0,0.1,4,4,4,1,zipf_1.2,1.2,100000,10000,10.0,18754,4,1,0.75,1,0.2886362000135705,2.3909085000050254,0.727511399978539,3.407070300017949,133.77730560302734,1214.375,True,True,68869e6
D_block_distribution,block_distribution,zipf_1.2,BCNF-Index,1000000,1100000,1100000,1000000,5,1,0.1,4,4,4,1,zipf_1.2,1.2,100000,10000,10.0,18754,4,1,0.75,1,0.2857689000084065,2.422774600010598,0.7427388000069186,3.451290800003335,133.77725982666016,1214.40234375,True,True,68869e6
D_block_distribution,block_distribution,zipf_1.2,BCNF-Index,1000000,1100000,1100000,1000000,5,2,0.1,4,4,4,1,zipf_1.2,1.2,100000,10000,10.0,18754,4,1,0.75,1,0.28870519998599775,2.469701800000621,0.7348158999811858,3.493231600004947,133.77725982666016,1214.40234375,True,True,68869e6
D_block_distribution,block_distribution,zipf_1.2,BCNF-Index,1000000,1100000,1100000,1000000,5,3,0.1,4,4,4,1,zipf_1.2,1.2,100000,10000,10.0,18754,4,1,0.75,1,0.29503930002101697,2.3946828999905847,0.7590468999987934,3.4487809000129346,133.7773666381836,1214.40234375,True,True,68869e6
D_block_distribution,block_distribution,zipf_1.2,BCNF-Index,1000000,1100000,1100000,1000000,5,4,0.1,4,4,4,1,zipf_1.2,1.2,100000,10000,10.0,18754,4,1,0.75,1,0.2975715000065975,2.3661323999986053,0.747738300007768,3.4114521000010427,133.7773666381836,1214.40234375,True,True,68869e6
