batch_size,batch_index,distribution,n,seed,incremental_time,static_rebuild_time,speedup,result_match,affected_block_rows,inc_is_repair,static_is_repair
1,0,uniform,1000000,1,0.0025144999999611173,2.6010071000018797,1034.4033008717838,True,1,True,True
1,1,uniform,1000000,1,0.028054599999450147,2.712203600000066,96.67589628984993,True,2,False,False
1,2,uniform,1000000,1,0.0022061000017856713,2.7309272999991663,1237.8982357049485,True,1,False,False
1,3,uniform,1000000,1,0.029148500001610955,2.092252300000837,71.77907267561638,True,2,False,False
1,4,uniform,1000000,1,0.02791819999765721,2.0961392000026535,75.08145941280432,True,2,False,False
1,5,uniform,1000000,1,0.027549499998713145,2.197083899998688,79.75040926700359,True,2,False,False
1,6,uniform,1000000,1,0.02751429999989341,2.324025799996889,84.46610671563123,True,2,False,False
1,7,uniform,1000000,1,0.002380400001129601,1.2889377000028617,541.4794569783254,True,1,False,False
1,8,uniform,1000000,1,0.0022667999983241316,1.3955997999983083,615.6695787145269,True,1,False,False
1,9,uniform,1000000,1,3.600000127335079e-05,1.2613043999990623,35036.232094045794,True,1,False,False
1,10,uniform,1000000,1,0.0026905000013357494,1.0959363000001758,407.33555081065884,True,1,False,False
1,11,uniform,1000000,1,0.002304300000105286,1.0776672000029066,467.6766045886676,True,1,False,False
1,12,uniform,1000000,1,0.002569299998867791,1.0847883000024012,422.2116142452936,True,1,False,False
1,13,uniform,1000000,1,0.0025976000033551827,1.0852963000033924,417.8073216051634,True,1,False,False
1,14,uniform,1000000,1,0.002552600002672989,1.0834165000014764,424.43645650198323,True,1,False,False
1,15,uniform,1000000,1,0.002369699999690056,1.0639730999973835,448.99063178315635,True,1,False,False
1,16,uniform,1000000,1,0.026989800000592368,1.0938341000000946,40.52768453178932,True,2,False,False
1,17,uniform,1000000,1,0.002488500002073124,1.083985400000529,435.59791002510764,True,1,False,False
1,18,uniform,1000000,1,3.609999839682132e-05,1.1238612000015564,31131.890579267027,True,1,False,False
1,19,uniform,1000000,1,0.0023318999992625322,0.9979830999982369,427.96993881120585,True,1,False,False
1,20,uniform,1000000,1,0.0023290999997698236,1.0136390999978175,435.2063458408792,True,1,False,False
1,21,uniform,1000000,1,0.027329699998517754,1.0413746999984141,38.104139454691925,True,2,False,False
1,22,uniform,1000000,1,0.0025198000003001653,0.9778570000016771,388.0692911680261,True,1,False,False
1,23,uniform,1000000,1,0.0023753999994369224,0.9875302000000374,415.73217152232337,True,1,False,False
1,24,uniform,1000000,1,0.002527399999962654,0.9080596999992849,359.28610430193197,True,1,False,False
1,25,uniform,1000000,1,3.110000034212135e-05,0.9102754999985336,29269.308359642393,True,1,False,False
1,26,uniform,1000000,1,0.002299499999935506,0.9120437999990827,396.6270058815668,True,1,False,False
1,27,uniform,1000000,1,0.002624400000058813,0.8987954999975045,342.47656606361926,True,1,False,False
1,28,uniform,1000000,1,0.0026099999995494727,0.9231844000023557,353.7104981462498,True,1,False,False
1,29,uniform,1000000,1,0.002428100000543054,0.9196384999995644,378.74819809475866,True,1,False,False
1,30,uniform,1000000,1,0.02895139999964158,0.8758926000009524,30.253894458015708,True,3,False,False
1,31,uniform,1000000,1,0.02836830000160262,0.8930032000025676,31.47891131834191,True,2,False,False
1,32,uniform,1000000,1,0.028198399999382673,0.907930800000031,32.19795449457798,True,2,False,False
1,33,uniform,1000000,1,3.099999958067201e-05,0.8679459999984829,27998.258443191495,True,1,False,False
1,34,uniform,1000000,1,0.002376899999944726,0.8990792000004149,378.257057520856,True,1,False,False
1,35,uniform,1000000,1,0.002461700001731515,0.9162180999992415,372.1891779480808,True,1,False,False
1,36,uniform,1000000,1,0.002532399998017354,0.8670947999999044,342.40041094564964,True,1,False,False
1,37,uniform,1000000,1,0.027680099999997765,0.8993367000002763,32.490370338270054,True,2,False,False
1,38,uniform,1000000,1,0.02866619999986142,0.8979928999979165,31.325843676603725,True,3,False,False
1,39,uniform,1000000,1,0.02818499999921187,0.8934855000006792,31.700745078079244,True,2,False,False
1,40,uniform,1000000,1,0.02873639999961597,0.8991963000007672,31.29119513971075,True,2,False,False
1,41,uniform,1000000,1,0.0027999000012641773,0.9099550999999337,324.99557112364073,True,1,False,False
1,42,uniform,1000000,1,2.9499999072868377e-05,0.8849570000020321,29998.54331575018,True,1,False,False
1,43,uniform,1000000,1,0.0029364000001805834,0.9285595000001194,316.22377739511467,True,1,False,False
1,44,uniform,1000000,1,0.030019900001207134,0.9023908999988635,30.059757026591605,True,2,False,False
1,45,uniform,1000000,1,3.300000025774352e-05,0.9163456999995105,27768.051298256825,True,1,False,False
1,46,uniform,1000000,1,0.0023741000004520174,0.8773653999996895,369.55705312861437,True,1,False,False
1,47,uniform,1000000,1,3.260000084992498e-05,0.9021379000005254,27672.94099633747,True,1,False,False
1,48,uniform,1000000,1,0.027961200001300313,0.9089429999985441,32.50729582264976,True,3,False,False
1,49,uniform,1000000,1,0.028164600000309292,0.8663620000006631,30.76067119686234,True,2,False,False
10,0,uniform,1000000,1,0.06508210000174586,1.3145509999994829,20.19834946881277,True,12,False,False
10,1,uniform,1000000,1,0.11811239999951795,1.3209348000018508,11.183709754498613,True,14,False,False
10,2,uniform,1000000,1,0.12210140000024694,1.2206980000009935,9.997411987074061,True,15,False,False
10,3,uniform,1000000,1,0.09001880000141682,1.1757849999994505,13.061549365032022,True,14,False,False
10,4,uniform,1000000,1,0.09759889999986626,1.1146611000003759,11.42083671026931,True,13,False,False
10,5,uniform,1000000,1,0.06412860000273213,1.0958886000007624,17.088921322998992,True,12,False,False
10,6,uniform,1000000,1,0.035625999997137114,1.1240465000009863,31.551296808266827,True,11,False,False
10,7,uniform,1000000,1,0.06949819999863394,1.0116963000000396,14.557158315178317,True,12,False,False
10,8,uniform,1000000,1,0.09134479999920586,1.0007316000010178,10.955539888529156,True,13,False,False
10,9,uniform,1000000,1,0.09374730000126874,1.029471800000465,10.981348796035006,True,13,False,False
10,10,uniform,1000000,1,0.09716230000049109,0.9835614000003261,10.122870701860236,True,13,False,False
10,11,uniform,1000000,1,0.09409389999927953,0.865127000000939,9.194294210438331,True,14,False,False
10,12,uniform,1000000,1,0.18017560000225785,1.0938778999989154,6.071176674228961,True,16,False,False
10,13,uniform,1000000,1,0.03828379999686149,0.8733734000015829,22.81313244957873,True,11,False,False
10,14,uniform,1000000,1,0.09863559999939753,0.8533592999992834,8.651635920544871,True,13,False,False
10,15,uniform,1000000,1,0.06758400000035181,0.9328300000015588,13.802527225330003,True,13,False,False
10,16,uniform,1000000,1,0.01355139999941457,0.9165691000016523,67.63648774600769,True,10,False,False
10,17,uniform,1000000,1,0.0951887999981409,0.8721404000025359,9.162216563498745,True,14,False,False
10,18,uniform,1000000,1,0.03948139999920386,0.8059501999996428,20.41341492489868,True,11,False,False
10,19,uniform,1000000,1,0.09145250000074157,0.7965096999978414,8.709545392322601,True,13,False,False
10,20,uniform,1000000,1,0.09637549999752082,0.8101152000017464,8.405820981707862,True,14,False,False
10,21,uniform,1000000,1,0.09230290000050445,0.7940903000016988,8.603091560474903,True,14,False,False
10,22,uniform,1000000,1,0.09524859999874025,0.8169601999979932,8.57713604198695,True,13,False,False
10,23,uniform,1000000,1,0.06745800000135205,0.678340999998909,10.055753209186651,True,13,False,False
10,24,uniform,1000000,1,0.09368400000312249,0.684271300000546,7.304035907708245,True,13,False,False
10,25,uniform,1000000,1,0.06912390000070445,0.718441699998948,10.393535376210345,True,13,False,False
10,26,uniform,1000000,1,0.06765610000002198,0.8125233999999182,12.009610367722264,True,13,False,False
10,27,uniform,1000000,1,0.06844649999766261,0.7807823000002827,11.4071910181959,True,13,False,False
10,28,uniform,1000000,1,0.14949300000080257,0.7774199999985285,5.2003772751523805,True,16,False,False
10,29,uniform,1000000,1,0.0677575000008801,0.8141190000023926,12.015186510597617,True,13,False,False
10,30,uniform,1000000,1,0.011162499999045394,0.8125560999978916,72.79337962529725,True,10,False,False
10,31,uniform,1000000,1,0.06499619999885908,0.7427032000014151,11.426871109610287,True,12,False,False
10,32,uniform,1000000,1,0.09288430000015069,0.6717788000023575,7.232425716738648,True,14,False,False
10,33,uniform,1000000,1,0.04063289999976405,0.6790246000018669,16.711202006399,True,11,False,False
10,34,uniform,1000000,1,0.06615619999865885,0.7022351999985403,10.614805566413676,True,12,False,False
10,35,uniform,1000000,1,0.04120200000033947,0.6948190000002796,16.86372020762475,True,11,False,False
10,36,uniform,1000000,1,0.11795409999831463,0.6680286000009801,5.663462312971953,True,14,False,False
10,37,uniform,1000000,1,0.12112649999835412,0.6598899999989953,5.447940789240686,True,14,False,False
10,38,uniform,1000000,1,0.07073449999734294,0.6595668000009027,9.324541772765462,True,14,False,False
10,39,uniform,1000000,1,0.19917029999851366,0.6692992000025697,3.360436771986408,True,18,False,False
10,40,uniform,1000000,1,0.03597799999988638,0.7144984999977169,19.85931680471325,True,11,False,False
10,41,uniform,1000000,1,0.12227619999976014,0.7176368000000366,5.8689818623856835,True,14,False,False
10,42,uniform,1000000,1,0.14564180000161286,0.6921156000025803,4.752176916207543,True,15,False,False
10,43,uniform,1000000,1,0.063336100000015,0.6827443000001949,10.77970225511254,True,12,False,False
10,44,uniform,1000000,1,0.12456460000248626,0.7205094000019017,5.784222804773752,True,15,False,False
10,45,uniform,1000000,1,0.06658089999837102,0.6915264000017487,10.386257921095504,True,12,False,False
10,46,uniform,1000000,1,0.09578690000125789,0.7379320000000007,7.703892703389608,True,13,False,False
10,47,uniform,1000000,1,0.06687160000001313,0.7205260999980965,10.774769857427593,True,12,False,False
10,48,uniform,1000000,1,0.06249729999763076,0.6556208000001789,10.490385985075084,True,12,False,False
10,49,uniform,1000000,1,0.14533139999912237,0.6590150000010908,4.5345672029930935,True,16,False,False
100,0,uniform,1000000,1,0.6794746000014129,0.6246547999980976,0.91932031012903,True,123,False,False
100,1,uniform,1000000,1,0.9553581000000122,0.6412514000003284,0.6712157462215689,True,135,False,False
100,2,uniform,1000000,1,0.8027898000000278,0.685132299997349,0.8534392190799203,True,128,False,False
100,3,uniform,1000000,1,0.9122390999982599,0.6305221999973583,0.691180853789934,True,132,False,False
100,4,uniform,1000000,1,0.8982920000016748,0.6680558000007295,0.7436955911880369,True,132,False,False
100,5,uniform,1000000,1,0.5307209000020521,0.6240873000024294,1.175923729402811,True,116,False,False
100,6,uniform,1000000,1,0.8103554999979679,0.6193834000005154,0.7643354058830583,True,131,False,False
100,7,uniform,1000000,1,0.8541106000011496,0.6274785999994492,0.7346573148707025,True,132,False,False
100,8,uniform,1000000,1,0.7830997000019124,0.6240224000030139,0.7968620087601744,True,127,False,False
100,9,uniform,1000000,1,0.7310290999994322,0.6664536000025691,0.9116649391974776,True,125,False,False
100,10,uniform,1000000,1,0.8306155999998737,0.6812631000029796,0.8201905911748867,True,127,False,False
100,11,uniform,1000000,1,0.9013075000002573,0.6656836000001931,0.738575458431227,True,133,False,False
100,12,uniform,1000000,1,0.7771958999983326,0.7199586999995518,0.9263542177732749,True,127,False,False
100,13,uniform,1000000,1,0.9338709000003291,0.6488390000013169,0.6947844718162738,True,133,False,False
100,14,uniform,1000000,1,0.8115040999982739,0.6606064999978116,0.8140519561136127,True,129,False,False
100,15,uniform,1000000,1,0.827051999996911,0.7186643999993976,0.8689470553267288,True,130,False,False
100,16,uniform,1000000,1,0.842822000002343,0.6668796999983897,0.7912461943287382,True,131,False,False
100,17,uniform,1000000,1,0.7156963000015821,0.7280829000010272,1.0173070616676623,True,124,False,False
100,18,uniform,1000000,1,0.9489998999997624,0.7995201000012457,0.8424870223921477,True,137,False,False
100,19,uniform,1000000,1,0.7922491999997874,0.8066249000003154,1.0181454269698624,True,124,False,False
100,20,uniform,1000000,1,0.8832550000006449,0.6567663999994693,0.7435750717505021,True,131,False,False
100,21,uniform,1000000,1,0.6607590999992681,0.6408321999988402,0.9698424130663507,True,122,False,False
100,22,uniform,1000000,1,0.8383947999973316,0.6466811000027519,0.7713324319339888,True,134,False,False
100,23,uniform,1000000,1,0.661300100000517,0.6463000999974611,0.9773174085365416,True,122,False,False
100,24,uniform,1000000,1,1.0169316999999864,0.6557847999974911,0.6448661203082762,True,137,False,False
100,25,uniform,1000000,1,0.8900218000017048,0.7419362000000547,0.8336157608708388,True,130,False,False
100,26,uniform,1000000,1,0.9973019000026397,0.6724682999993092,0.6742875953585662,True,132,False,False
100,27,uniform,1000000,1,0.8567607999975735,0.6836014000000432,0.7978906131115935,True,131,False,False
100,28,uniform,1000000,1,1.015584900000249,0.7018199999984063,0.6910500540114708,True,136,False,False
100,29,uniform,1000000,1,0.9826914999975997,0.641503399998328,0.6528024308746894,True,136,False,False
100,30,uniform,1000000,1,0.8895754000004672,0.6436628999981622,0.7235619375241538,True,129,False,False
100,31,uniform,1000000,1,0.7424013000018022,0.6503769000009925,0.8760449368817292,True,127,False,False
100,32,uniform,1000000,1,0.910865300000296,0.6439847000001464,0.7070032199052233,True,134,False,False
100,33,uniform,1000000,1,0.885054599999421,0.6775680999999167,0.7655664407601067,True,129,False,False
100,34,uniform,1000000,1,0.715176400000928,0.7246822999986762,1.0132916857963097,True,123,False,False
100,35,uniform,1000000,1,0.721969900001568,0.6786259000000427,0.9399642561255931,True,123,False,False
100,36,uniform,1000000,1,0.6742091000014625,0.6489818999980344,0.9625825281750522,True,123,False,False
100,37,uniform,1000000,1,0.8032538000006753,0.655678999999509,0.8162787402922436,True,131,False,False
100,38,uniform,1000000,1,0.7567515999980969,0.6412469999995665,0.8473678813512638,True,129,False,False
100,39,uniform,1000000,1,0.821620200000325,0.6766069000004791,0.8235032439565282,True,129,False,False
100,40,uniform,1000000,1,0.6875255000013567,0.6318644999992102,0.9190415482741562,True,123,False,False
100,41,uniform,1000000,1,0.7265817000006791,0.6857840000011493,0.9438498106964547,True,124,False,False
100,42,uniform,1000000,1,0.6246161999988544,0.6804481999970449,1.0893860902075432,True,121,False,False
100,43,uniform,1000000,1,0.6954208999995899,0.6732418999999936,0.9681070845014733,True,121,False,False
100,44,uniform,1000000,1,0.7668836000011652,0.6798653000005288,0.8865299766476892,True,127,False,False
100,45,uniform,1000000,1,0.7742071000029682,0.6496766000018397,0.8391509196949355,True,125,False,False
100,46,uniform,1000000,1,0.7500583000000915,0.6367828000002191,0.8489777394639075,True,125,False,False
100,47,uniform,1000000,1,0.8260924999995041,0.6549809999996796,0.792866416291242,True,129,False,False
100,48,uniform,1000000,1,0.703054699999484,0.6491084000008414,0.9232687015694764,True,124,False,False
100,49,uniform,1000000,1,0.9382849999965401,0.6515072000001965,0.6943596028952811,True,134,False,False
1000,0,uniform,1000000,1,7.982927199998812,0.678785500000231,0.08502964927455833,True,1270,False,False
1000,1,uniform,1000000,1,7.848025700001017,0.7535013000015169,0.09601157396839556,True,1274,False,False
1000,2,uniform,1000000,1,8.395466800000577,0.6670940000003611,0.07945883366489107,True,1297,False,False
1000,3,uniform,1000000,1,7.821268300001975,0.6404858999994758,0.08189028625949503,True,1268,False,False
1000,4,uniform,1000000,1,7.233917099998507,0.632834100000764,0.08748152505105354,True,1253,False,False
1000,5,uniform,1000000,1,7.4116525999997975,0.6515209000026516,0.0879049430895708,True,1255,False,False
1000,6,uniform,1000000,1,8.160041600000113,0.627039800001512,0.07684272099807718,True,1293,False,False
1000,7,uniform,1000000,1,8.446975499999098,0.6338722999971651,0.07504133284123209,True,1299,False,False
1000,8,uniform,1000000,1,8.195123299999977,0.6486702000001969,0.07915319590129885,True,1290,False,False
1000,9,uniform,1000000,1,8.32432820000031,0.7153982000018004,0.08594065284472732,True,1299,False,False
10000,0,uniform,1000000,1,79.79300760000115,0.7132505000008678,0.008938759440881855,True,12777,False,False
1,0,zipf,1000000,1,1.2181415000013658,2.684348900002078,2.2036429265393784,True,1,True,True
1,1,zipf,1000000,1,1.2448799999983748,2.657669899999746,2.1348803900803417,True,1,True,True
1,2,zipf,1000000,1,0.0020618000016838778,0.9738780000006955,472.3435828913215,True,1,False,False
1,3,zipf,1000000,1,3.029999788850546e-05,0.9808776999998372,32372.203576025357,True,1,False,False
1,4,zipf,1000000,1,1.2478948999996646,0.9918953999986115,0.7948549192715493,True,1,False,False
1,5,zipf,1000000,1,1.3801072999995085,0.9940338999986125,0.7202584175875067,True,1,False,False
1,6,zipf,1000000,1,1.816690200001176,0.9203731999987212,0.5066208867082156,True,2,False,False
1,7,zipf,1000000,1,1.3005103999967105,0.922008099998493,0.708958651926832,True,1,False,False
1,8,zipf,1000000,1,1.3235759000017424,0.9502659999998286,0.7179535378353276,True,1,False,False
1,9,zipf,1000000,1,1.9370519999974931,2.207194200000231,1.139460479121411,True,1,False,False
1,10,zipf,1000000,1,0.00206889999753912,1.0336105999995198,499.59427774612664,True,1,False,False
1,11,zipf,1000000,1,3.170000127283856e-05,1.03224919999775,32563.064938492913,True,1,False,False
1,12,zipf,1000000,1,3.3299998904112726e-05,1.0254783000018506,30795.145157653402,True,1,False,False
1,13,zipf,1000000,1,3.229999856557697e-05,1.0127518000008422,31354.546284102955,True,1,False,False
1,14,zipf,1000000,1,1.1616283000003023,1.0204577000004065,0.8784717968735274,True,1,False,False
1,15,zipf,1000000,1,0.0026160000015806872,0.9448064000025624,361.1645257766339,True,1,False,False
1,16,zipf,1000000,1,1.8319990999989386,0.929022399999667,0.5071085460687209,True,1,False,False
1,17,zipf,1000000,1,1.3766122999986692,0.934266000000207,0.6786703852646894,True,1,False,False
1,18,zipf,1000000,1,0.0022762999979022425,0.8906615999985661,391.2760184595037,True,1,False,False
1,19,zipf,1000000,1,3.360000118846074e-05,0.8924187000011443,26560.079417724188,True,1,False,False
1,20,zipf,1000000,1,1.826951300001383,0.9124203999999736,0.49942239839632446,True,2,False,False
1,21,zipf,1000000,1,1.9250933000002988,0.8535578000009991,0.44338515956648267,True,1,False,False
1,22,zipf,1000000,1,1.4194750000024214,0.9008308000011311,0.6346225188887401,True,1,False,False
1,23,zipf,1000000,1,1.8769001000000571,1.8777489999993122,1.0004522883233131,True,1,False,False
1,24,zipf,1000000,1,1.8020289999985835,1.8961849000006623,1.052249936045509,True,2,False,False
1,25,zipf,1000000,1,1.2591800000009243,2.0070334000010916,1.5939209644368704,True,1,False,False
1,26,zipf,1000000,1,3.35000004270114e-05,1.90580989999944,56889.84703602468,True,1,False,False
1,27,zipf,1000000,1,1.7572256999992533,1.945116800001415,1.1069248531945792,True,2,False,False
1,28,zipf,1000000,1,0.001685799998085713,0.8462562999993679,501.99092475994934,True,1,False,False
1,29,zipf,1000000,1,1.2298668999974325,0.833901899997727,0.6780423962946461,True,1,False,False
1,30,zipf,1000000,1,1.8650108000001637,0.8751605999968888,0.4692522960171662,True,2,False,False
1,31,zipf,1000000,1,3.189999915775843e-05,0.8274324000012712,25938.320434094134,True,1,False,False
1,32,zipf,1000000,1,0.0024831000009726267,0.8661337999983516,348.81148550565354,True,1,False,False
1,33,zipf,1000000,1,3.190000279573724e-05,0.8365072000015061,26222.79394010861,True,1,False,False
1,34,zipf,1000000,1,0.002548599997680867,0.8617105000012089,338.11131632477986,True,1,False,False
1,35,zipf,1000000,1,0.002586200000223471,0.8350211999968451,322.8757249728141,True,1,False,False
1,36,zipf,1000000,1,0.0025574999999662396,0.8892813000020396,347.71507331917053,True,1,False,False
1,37,zipf,1000000,1,1.3582798999996157,0.8401730000005045,0.6185566023621069,True,1,False,False
1,38,zipf,1000000,1,3.440000000409782e-05,0.7692926000017906,22363.15697413228,True,1,False,False
1,39,zipf,1000000,1,3.310000101919286e-05,0.8193561000007321,24753.959962890418,True,1,False,False
1,40,zipf,1000000,1,0.002527699998609023,0.8318693000001076,329.1012780226609,True,1,False,False
1,41,zipf,1000000,1,1.9807890000010957,0.8815040000008594,0.4450267040055108,True,1,False,False
1,42,zipf,1000000,1,0.002270100001624087,1.0378124000017124,457.1659395001256,True,1,False,False
1,43,zipf,1000000,1,0.0024636999987706076,0.897383900002751,364.2423592363306,True,1,False,False
1,44,zipf,1000000,1,3.400000059627928e-05,0.888119999999617,26121.17601247356,True,1,False,False
1,45,zipf,1000000,1,3.220000144210644e-05,0.8755184000001464,27190.01120463528,True,1,False,False
1,46,zipf,1000000,1,1.3979577000027348,0.8822459000002709,0.6310962770894606,True,1,False,False
1,47,zipf,1000000,1,1.3127119000018865,0.8362839000001259,0.6370658329515593,True,1,False,False
1,48,zipf,1000000,1,1.3225278999998409,0.8731909999987693,0.6602439162144513,True,1,False,False
1,49,zipf,1000000,1,2.0005065000004834,0.8283783999977459,0.4140843331414048,True,1,False,False
10,0,zipf,1000000,1,6.178155099998548,1.1945397999988927,0.19334894975349087,True,10,False,False
10,1,zipf,1000000,1,7.278105299999879,0.7059369999988121,0.09699461204536623,True,10,False,False
10,2,zipf,1000000,1,7.901478399999178,0.9085154999993392,0.11498044467215575,True,10,False,False
10,3,zipf,1000000,1,10.877037900001596,1.090879200000927,0.10029193701722479,True,10,False,False
10,4,zipf,1000000,1,2.714263000001665,0.9784675000009884,0.36049104305676644,True,10,False,False
10,5,zipf,1000000,1,9.30344200000036,0.9510789999985718,0.10222872351958932,True,11,False,False
10,6,zipf,1000000,1,8.394645799999125,0.9991464000013366,0.11902186510375944,True,10,False,False
10,7,zipf,1000000,1,10.805183100001159,0.8158636000007391,0.07550668900748675,True,11,False,False
10,8,zipf,1000000,1,8.42148090000046,0.9105049000027066,0.10811695838467754,True,10,False,False
10,9,zipf,1000000,1,7.316708800000924,0.904272800002218,0.12359010379121604,True,10,False,False
10,10,zipf,1000000,1,1.8904862000017602,0.7056989999982761,0.3732896860064988,True,10,False,False
10,11,zipf,1000000,1,7.2925690000010945,0.9011338000018441,0.12356877254115921,True,11,False,False
10,12,zipf,1000000,1,10.890466700002435,0.7398157999996329,0.0679324238693524,True,10,False,False
10,13,zipf,1000000,1,12.222802799999045,0.7092635000008158,0.05802789356962147,True,10,False,False
10,14,zipf,1000000,1,8.883783299999777,0.9757218999984616,0.10983179880113533,True,12,False,False
10,15,zipf,1000000,1,10.662299700001313,1.2015823000001546,0.11269447809650358,True,11,False,False
10,16,zipf,1000000,1,11.117942900000344,0.8022741000022506,0.07216030044570798,True,14,False,False
10,17,zipf,1000000,1,8.923315000000002,0.7105306999983441,0.07962631600457272,True,10,False,False
10,18,zipf,1000000,1,6.762061299999914,0.6121121999967727,0.09052153963714887,True,10,False,False
10,19,zipf,1000000,1,11.55874760000006,0.9326628000017081,0.08068891477496258,True,11,False,False
10,20,zipf,1000000,1,9.202857300002506,0.8601783000012801,0.09346861218863471,True,11,False,False
10,21,zipf,1000000,1,8.53501359999791,1.0193846999973175,0.11943562690955374,True,10,False,False
10,22,zipf,1000000,1,9.038179999999556,1.1069028999991133,0.12246966756572314,True,10,False,False
10,23,zipf,1000000,1,10.98944439999832,1.0670390000013867,0.09709671946668659,True,11,False,False
10,24,zipf,1000000,1,6.857322500000009,1.1870153000018036,0.1731018630087475,True,11,False,False
10,25,zipf,1000000,1,10.399201899999753,1.0820658999982697,0.10405278312735668,True,10,False,False
10,26,zipf,1000000,1,9.282760699999926,1.0169677000012598,0.10955444537111335,True,12,False,False
10,27,zipf,1000000,1,6.465320299997984,1.0900229000035324,0.16859534399306902,True,10,False,False
10,28,zipf,1000000,1,9.965237000000343,1.2057323999979417,0.12099385092375627,True,12,False,False
10,29,zipf,1000000,1,12.075774299999466,1.392571799999132,0.11531946237179952,True,11,False,False
10,30,zipf,1000000,1,9.35609089999707,0.7615253999974811,0.08139354439124993,True,12,False,False
10,31,zipf,1000000,1,10.285344600000826,1.3341308999988541,0.12971183289267207,True,11,False,False
10,32,zipf,1000000,1,9.080931199998304,1.2435564000006707,0.13694150661563242,True,12,False,False
10,33,zipf,1000000,1,1.895281499997509,1.2368181000019831,0.6525775194891148,True,10,False,False
10,34,zipf,1000000,1,10.481561900000088,1.3274540000020352,0.12664658308243393,True,11,False,False
10,35,zipf,1000000,1,9.581901800000196,0.8590616999972553,0.08965461324152141,True,10,False,False
10,36,zipf,1000000,1,11.358102499998495,1.2937570000030973,0.11390608598604114,True,10,False,False
10,37,zipf,1000000,1,7.119948799998383,1.2398737000003166,0.17414081685539623,True,10,False,False
10,38,zipf,1000000,1,9.24502709999797,1.91615979999915,0.20726383809081217,True,10,False,False
10,39,zipf,1000000,1,5.070695200000046,1.2338360000030661,0.2433267927449189,True,11,False,False
10,40,zipf,1000000,1,8.858321200001228,1.0579556000011507,0.11943071109241377,True,11,False,False
10,41,zipf,1000000,1,5.978350800000044,1.0173194000017247,0.1701672307355596,True,10,False,False
10,42,zipf,1000000,1,9.535124099998939,0.9915461000018695,0.10398879863577024,True,11,False,False
10,43,zipf,1000000,1,10.737038600000233,0.9922179999994114,0.09241076957657486,True,11,False,False
10,44,zipf,1000000,1,8.583987599999091,1.083464899998944,0.1262192992915156,True,10,False,False
10,45,zipf,1000000,1,8.406724599997688,0.873049899997568,0.10385137393436299,True,11,False,False
10,46,zipf,1000000,1,9.105641399997694,1.15884929999811,0.1272671796627532,True,13,False,False
10,47,zipf,1000000,1,8.53812040000048,0.9213119999985793,0.10790571657885352,True,11,False,False
10,48,zipf,1000000,1,13.307261099998868,1.2430691000008665,0.09341284360919108,True,10,False,False
10,49,zipf,1000000,1,4.335819100000663,1.0639769000008528,0.24539236427107627,True,10,False,False
100,0,zipf,1000000,1,89.10058469999785,0.9061289000019315,0.010169730120771624,True,109,False,False
100,1,zipf,1000000,1,86.34572829999888,0.8665169999985665,0.010035435649902065,True,104,False,False
100,2,zipf,1000000,1,80.73005879999982,0.6839975000002596,0.00847264959505097,True,101,False,False
100,3,zipf,1000000,1,70.69800269999905,0.7186279999987164,0.010164756747770556,True,101,False,False
100,4,zipf,1000000,1,64.17312179999863,0.7263227000003099,0.011318176202553471,True,100,False,False
100,5,zipf,1000000,1,87.52371549999953,0.739942100000917,0.008454189767582719,True,100,False,False
100,6,zipf,1000000,1,93.63473200000226,0.7226269999991928,0.007717510207635083,True,101,False,False
100,7,zipf,1000000,1,95.68156140000065,0.7054301999996824,0.007372686959513577,True,101,False,False
100,8,zipf,1000000,1,82.65717550000045,0.7159763999989082,0.008661999344496163,True,100,False,False
100,9,zipf,1000000,1,70.66864209999767,0.8287899999995716,0.011727832534645504,True,101,False,False
100,10,zipf,1000000,1,81.84416000000056,0.8582545000026585,0.01048644765860695,True,103,False,False
100,11,zipf,1000000,1,86.27766039999915,0.7536087000007683,0.008734690956000653,True,101,False,False
100,12,zipf,1000000,1,84.3027983000029,0.8140246000002662,0.009655961799790436,True,100,False,False
100,13,zipf,1000000,1,77.46769270000004,0.830189700001938,0.010716592569975142,True,101,False,False
100,14,zipf,1000000,1,96.04891560000033,0.9833056999996188,0.01023755129203786,True,102,False,False
100,15,zipf,1000000,1,75.65578219999952,0.7932672000024468,0.010485215761901829,True,104,False,False
100,16,zipf,1000000,1,94.67336189999696,0.9931967999982589,0.010490773540368918,True,102,False,False
100,17,zipf,1000000,1,83.81452920000083,0.8235698999997112,0.0098260994586569,True,108,False,False
100,18,zipf,1000000,1,97.45198659999733,1.047148699999525,0.010745278126526706,True,105,False,False
100,19,zipf,1000000,1,72.23490500000116,0.7117773000027228,0.009853647623717527,True,104,False,False
100,20,zipf,1000000,1,83.29234899999938,0.8351700999992318,0.010026972585432043,True,106,False,False
100,21,zipf,1000000,1,87.43236030000116,0.8272852999980387,0.009462003509449209,True,101,False,False
100,22,zipf,1000000,1,84.41964179999923,0.7512188000000606,0.008898625769815425,True,102,False,False
100,23,zipf,1000000,1,99.91248590000032,0.7583150999998907,0.007589793139156477,True,102,False,False
100,24,zipf,1000000,1,86.42151350000131,1.1220782999989751,0.012983784413807542,True,101,False,False
100,25,zipf,1000000,1,92.08514550000109,0.7472836000015377,0.008115137310626597,True,106,False,False
100,26,zipf,1000000,1,90.59306859999924,1.0370461999991676,0.011447301830321005,True,106,False,False
100,27,zipf,1000000,1,91.82467810000162,0.865399599999364,0.009424477361705543,True,105,False,False
100,28,zipf,1000000,1,90.30187870000009,1.0547622999984014,0.011680402613798558,True,100,False,False
100,29,zipf,1000000,1,84.09758499999953,0.9806690000004892,0.011661083965734505,True,106,False,False
100,30,zipf,1000000,1,77.80552620000162,0.8535026000026846,0.010969691250576837,True,105,False,False
100,31,zipf,1000000,1,72.81135920000088,0.68877529999736,0.009459723147117842,True,104,False,False
100,32,zipf,1000000,1,92.77444939999987,0.8054312000022037,0.008681605821550743,True,103,False,False
100,33,zipf,1000000,1,86.98578700000144,0.8001196000004711,0.009198279714368256,True,101,False,False
100,34,zipf,1000000,1,92.14211090000026,0.8997632999999041,0.009764952107255247,True,102,False,False
100,35,zipf,1000000,1,82.92159510000056,1.0080292999991798,0.012156414728678717,True,107,False,False
100,36,zipf,1000000,1,81.29742329999863,0.7840517999975418,0.009644239241190749,True,106,False,False
100,37,zipf,1000000,1,80.21058550000089,0.7736834000024828,0.00964565206923311,True,103,False,False
100,38,zipf,1000000,1,59.97266540000055,0.7038730999993277,0.011736565238591533,True,100,False,False
100,39,zipf,1000000,1,73.93398979999984,0.7453615000013087,0.010081445651960614,True,100,False,False
100,40,zipf,1000000,1,82.15546059999906,0.7877141999997548,0.009588093040278856,True,101,False,False
100,41,zipf,1000000,1,81.91496610000468,0.7016075999999885,0.008565072213341835,True,101,False,False
100,42,zipf,1000000,1,83.04548970000178,0.7027719000034267,0.008462493297855906,True,103,False,False
100,43,zipf,1000000,1,86.5104136000009,0.6977235000013025,0.008065196673632539,True,100,False,False
100,44,zipf,1000000,1,73.96724809999432,0.7889270000014221,0.010665896329344213,True,102,False,False
100,45,zipf,1000000,1,95.48237930000323,0.7926762999995844,0.008301807158669721,True,102,False,False
100,46,zipf,1000000,1,104.59665669999958,0.8070719999959692,0.007716040124597715,True,102,False,False
100,47,zipf,1000000,1,74.52744849999726,0.7880408999990323,0.010573834417517476,True,100,False,False
100,48,zipf,1000000,1,85.9958717000045,0.8684528999947361,0.010098774311217204,True,100,False,False
100,49,zipf,1000000,1,69.89852679999603,0.7101245000012568,0.010159362900925933,True,100,False,False
1000,0,zipf,1000000,1,808.1120135999954,0.7946999999985565,0.0009834032740811626,True,1021,False,False
1000,1,zipf,1000000,1,812.1375209999969,0.7382539000027464,0.000909025726448057,True,1001,False,False
1000,2,zipf,1000000,1,836.4701721999954,0.8592208000045503,0.0010271983730689627,True,1004,False,False
1000,3,zipf,1000000,1,858.0538421000019,0.7399610000065877,0.0008623712915212946,True,1006,False,False
1000,4,zipf,1000000,1,886.5723883999963,0.8311411999966367,0.0009374769740986445,True,1015,False,False
1000,5,zipf,1000000,1,875.6766581000047,0.7699456999980612,0.0008792579919495025,True,1046,False,False
1000,6,zipf,1000000,1,862.4237665000037,1.2982434000005014,0.001505342791362529,True,1037,False,False
1000,7,zipf,1000000,1,813.9430063000036,0.7444212000045809,0.0009145863951685601,True,1038,False,False
1000,8,zipf,1000000,1,870.2748410999993,1.018893600004958,0.0011707722111294282,True,1023,False,False
1000,9,zipf,1000000,1,847.1657763999974,0.7904420000049868,0.0009330428849049398,True,1015,False,False
10000,0,zipf,1000000,1,18414.3454279,1.2774471000011545,6.93723871425625e-05,True,10191,False,False
1,0,uniform,1000000,2,1.9699997210409492e-05,2.262052899997798,114825.03656409288,True,1,False,False
1,1,uniform,1000000,2,3.790000482695177e-05,2.3379033000019263,61686.09504607178,True,1,False,False
1,2,uniform,1000000,2,0.0027934999961871654,2.463130899996031,881.7364966378902,True,1,False,False
1,3,uniform,1000000,2,0.0021525999982259236,1.3029458000019076,605.2893250375068,True,1,False,False
1,4,uniform,1000000,2,0.0027972999960184097,1.207814999994298,431.7788587972203,True,1,False,False
1,5,uniform,1000000,2,0.002469899998686742,1.203275299994857,487.17571587296834,True,1,False,False
1,6,uniform,1000000,2,0.0027754999973694794,1.2028098000009777,433.3668892599381,True,1,False,False
1,7,uniform,1000000,2,0.0027027000032830983,1.1339695999995456,419.5691710593328,True,1,False,False
1,8,uniform,1000000,2,0.0027276000037090853,1.1163269000026048,409.27075028764654,True,1,False,False
1,9,uniform,1000000,2,3.410000499570742e-05,1.0674268000002485,31302.834123766796,True,1,False,False
1,10,uniform,1000000,2,0.0032580999977653846,1.2937689000027603,397.0930606458091,True,1,False,False
1,11,uniform,1000000,2,3.7500001781154424e-05,1.1884471000012127,31691.921161413524,True,1,False,False
1,12,uniform,1000000,2,0.0028626999992411584,1.1579567000007955,404.4980963103872,True,1,False,False
1,13,uniform,1000000,2,0.002700000004551839,1.1682944999993197,432.7016659369375,True,1,False,False
1,14,uniform,1000000,2,0.03392760000133421,1.1484694000027957,33.850593615747414,True,2,False,False
1,15,uniform,1000000,2,3.9399994420818985e-05,1.122107600000163,28479.892357731926,True,1,False,False
1,16,uniform,1000000,2,3.94000016967766e-05,1.1212630000009085,28458.450551098365,True,1,False,False
1,17,uniform,1000000,2,0.032371599998441525,1.1450296000039089,35.37142433673449,True,2,False,False
1,18,uniform,1000000,2,4.3000000005122274e-05,1.1195059000019683,26035.02092717697,True,1,False,False
1,19,uniform,1000000,2,0.03172459999768762,1.1343053999953554,35.75475813967817,True,2,False,False
1,20,uniform,1000000,2,0.033329500001855195,1.1392536999992444,34.1815418753906,True,2,False,False
1,21,uniform,1000000,2,0.002933299998403527,1.0790329000010388,367.8563053858492,True,1,False,False
1,22,uniform,1000000,2,0.002858100000594277,1.1532737999950768,403.5106538453097,True,1,False,False
1,23,uniform,1000000,2,0.031302399998821784,1.1267503999988548,35.995655286536035,True,2,False,False
1,24,uniform,1000000,2,3.850000211969018e-05,1.1129350000046543,28907.401005971955,True,1,False,False
1,25,uniform,1000000,2,0.0029465000043273903,1.2410062000053586,421.17977199482414,True,1,False,False
1,26,uniform,1000000,2,0.003385899995919317,1.148996600000828,339.34747080114516,True,1,False,False
1,27,uniform,1000000,2,0.0031029999954625964,1.158119899999292,373.2258787279306,True,1,False,False
1,28,uniform,1000000,2,0.03504199999588309,1.1591400999968755,33.078594262115665,True,2,False,False
1,29,uniform,1000000,2,0.032313600000634324,1.1395374999992782,35.26495036074312,True,3,False,False
1,30,uniform,1000000,2,0.03770230000372976,1.2318196000051103,32.672266675594074,True,2,False,False
1,31,uniform,1000000,2,0.03335220000008121,1.09882629999629,32.94614148372864,True,2,False,False
1,32,uniform,1000000,2,3.890000516548753e-05,1.2505346000034478,32147.4147544056,True,1,False,False
1,33,uniform,1000000,2,0.0315446000022348,1.0967256000003545,34.76745940422944,True,2,False,False
1,34,uniform,1000000,2,0.031241500000760425,1.1509101999981795,36.83914664693328,True,2,False,False
1,35,uniform,1000000,2,0.029823600001691375,1.262774900002114,42.3414644754657,True,3,False,False
1,36,uniform,1000000,2,0.0031050000034156255,1.1666260000056354,375.7249593308534,True,1,False,False
1,37,uniform,1000000,2,0.0031463000050280243,1.1659338000026764,370.5729899054211,True,1,False,False
1,38,uniform,1000000,2,4.3000000005122274e-05,1.0479541999957291,24371.02790397428,True,1,False,False
1,39,uniform,1000000,2,0.028527199996460695,1.1066420999995898,38.79252433245774,True,2,False,False
1,40,uniform,1000000,2,0.03510609999648295,1.0486199000006309,29.870019743169568,True,2,False,False
1,41,uniform,1000000,2,0.003154099998937454,1.0737599999993108,340.4330872074559,True,1,False,False
1,42,uniform,1000000,2,0.031009300000732765,1.0908192999995663,35.17716620413198,True,2,False,False
1,43,uniform,1000000,2,0.03131369999755407,1.0834083999943687,34.598543132207126,True,2,False,False
1,44,uniform,1000000,2,0.002667799999471754,1.095225199998822,410.53497271747716,True,1,False,False
1,45,uniform,1000000,2,0.0033936999971047044,1.0203230999977677,300.65212036074035,True,1,False,False
1,46,uniform,1000000,2,0.03417739999713376,1.0352440999995451,30.29031172898946,True,3,False,False
1,47,uniform,1000000,2,0.002926200002548285,1.2652608999997028,432.3904377342112,True,1,False,False
1,48,uniform,1000000,2,7.859999459469691e-05,1.1074111999987508,14089.201986706843,True,1,False,False
1,49,uniform,1000000,2,4.400000034365803e-05,1.1258425999985775,25587.331618301945,True,1,False,False
10,0,uniform,1000000,2,0.1121936999988975,0.970336700003827,8.648762809439052,True,13,False,False
10,1,uniform,1000000,2,0.1420328000021982,1.0070070000001579,7.089960910328971,True,14,False,False
10,2,uniform,1000000,2,0.2299401000054786,0.9405886999957147,4.090581416522408,True,18,False,False
10,3,uniform,1000000,2,0.1460737000015797,1.0472143000006326,7.169081771662576,True,15,False,False
10,4,uniform,1000000,2,0.043333800000254996,0.9996399999945424,23.06836695578648,True,11,False,False
10,5,uniform,1000000,2,0.04521290000411682,0.9589335999989999,21.20929203638088,True,11,False,False
10,6,uniform,1000000,2,0.1123204000032274,0.8664967000004253,7.714508673184279,True,14,False,False
10,7,uniform,1000000,2,0.045826900000975,0.9316070999993826,20.32882651847631,True,11,False,False
10,8,uniform,1000000,2,0.11065750000125263,0.9098479000022053,8.222198224177358,True,13,False,False
10,9,uniform,1000000,2,0.08006450000539189,0.9280920999954105,11.59180535609301,True,12,False,False
10,10,uniform,1000000,2,0.04647169999952894,0.9933247000008123,21.374830273282043,True,11,False,False
10,11,uniform,1000000,2,0.04716239999834215,0.9627612000040244,20.413744848393367,True,11,False,False
10,12,uniform,1000000,2,0.09577559999888763,1.0067478999990271,10.511527988451338,True,12,False,False
10,13,uniform,1000000,2,0.05595069999981206,1.0748898000019835,19.211373584344685,True,12,False,False
10,14,uniform,1000000,2,0.20661829999880865,1.1286479000045802,5.462477912223108,True,16,False,False
10,15,uniform,1000000,2,0.08616559999791207,1.0759327999985544,12.486802157991425,True,12,False,False
10,16,uniform,1000000,2,0.07933010000124341,0.9532737999979872,12.016546052293464,True,12,False,False
10,17,uniform,1000000,2,0.10062050000124145,1.0894359000012628,10.827176370499265,True,12,False,False
10,18,uniform,1000000,2,0.07986170000367565,0.87728220000281,10.985017849137106,True,13,False,False
10,19,uniform,1000000,2,0.11140709999745013,0.959442700004729,8.612042679745622,True,13,False,False
10,20,uniform,1000000,2,0.2110707999963779,1.0976516000009724,5.200395317683966,True,16,False,False
10,21,uniform,1000000,2,0.07395499999984168,0.9808407000018633,13.262669190777677,True,12,False,False
10,22,uniform,1000000,2,0.07720170000538928,0.9564649000021745,12.389168890521916,True,12,False,False
10,23,uniform,1000000,2,0.047132300001976546,1.019496100001561,21.630518772875657,True,11,False,False
10,24,uniform,1000000,2,0.049678099996526726,1.045158500004618,21.038616615323267,True,11,False,False
10,25,uniform,1000000,2,0.07951409999805037,1.0184051000032923,12.807855462468455,True,12,False,False
10,26,uniform,1000000,2,0.07746059999772115,0.9267672000059974,11.964368982854024,True,12,False,False
10,27,uniform,1000000,2,0.05381580000539543,0.8773755000001984,16.303306833908163,True,11,False,False
10,28,uniform,1000000,2,0.05205289999867091,0.8874897999994573,17.049766680091178,True,11,False,False
10,29,uniform,1000000,2,0.06101620000117691,0.9852605000050971,16.147523116583677,True,11,False,False
10,30,uniform,1000000,2,0.20939650000218535,1.0684872999991057,5.1026989466774975,True,16,False,False
10,31,uniform,1000000,2,0.1546712999988813,0.8923980000035954,5.769641814674409,True,16,False,False
10,32,uniform,1000000,2,0.1498005000030389,0.9764901000016835,6.51860374285716,True,14,False,False
10,33,uniform,1000000,2,0.04284909999842057,0.9450030000007246,22.05420884068878,True,11,False,False
10,34,uniform,1000000,2,0.08353179999539861,1.014757599994482,12.148159144785344,True,12,False,False
10,35,uniform,1000000,2,0.14327530000446131,0.9113020000004326,6.36049619140254,True,14,False,False
10,36,uniform,1000000,2,0.1343189999970491,1.0182423000005656,7.580776360923887,True,14,False,False
10,37,uniform,1000000,2,0.13271510000049602,0.8387899000008474,6.320229574462231,True,13,False,False
10,38,uniform,1000000,2,0.03825920000235783,0.8575371999977506,22.41388214978103,True,11,False,False
10,39,uniform,1000000,2,0.04512360000080662,0.8160069000005024,18.083816450502965,True,11,False,False
10,40,uniform,1000000,2,0.033791899993957486,0.7655966999955126,22.65621939377227,True,11,False,False
10,41,uniform,1000000,2,0.09970379999867873,0.8338210000001709,8.362981150279333,True,13,False,False
10,42,uniform,1000000,2,0.07157399999414338,0.7970294999977341,11.135740632952634,True,12,False,False
10,43,uniform,1000000,2,0.03869440000562463,0.797359600001073,20.606589064184185,True,11,False,False
10,44,uniform,1000000,2,0.04255070000363048,0.7793308999971487,18.315348512025775,True,11,False,False
10,45,uniform,1000000,2,0.10351999999693362,0.8466136999995797,8.17826217179924,True,13,False,False
10,46,uniform,1000000,2,0.1016821000011987,0.8478433000054793,8.338176532501633,True,13,False,False
10,47,uniform,1000000,2,0.01119759999710368,0.7701683999985107,68.77977425499384,True,10,False,False
10,48,uniform,1000000,2,0.13043949999701,0.7784769999998389,5.968107820236075,True,14,False,False
10,49,uniform,1000000,2,0.045222099994134624,0.7622887000034098,16.85655244011843,True,11,False,False
100,0,uniform,1000000,2,0.9190372000011848,0.8696410999982618,0.9462523388576007,True,129,False,False
100,1,uniform,1000000,2,0.8687064999976428,0.9995026000033249,1.1505642009194554,True,124,False,False
100,2,uniform,1000000,2,0.7298343000002205,0.9299353999958839,1.2741733294743791,True,117,False,False
100,3,uniform,1000000,2,0.6483426999984658,0.9025382999971043,1.3920698112267478,True,118,False,False
100,4,uniform,1000000,2,1.2426151000036043,1.177691099997901,0.9477521237223698,True,133,False,False
100,5,uniform,1000000,2,1.2507761999950162,0.9233635999989929,0.7382324671693242,True,128,False,False
100,6,uniform,1000000,2,1.0983832999991137,0.8434637999962433,0.7679138967215944,True,134,False,False
100,7,uniform,1000000,2,1.279652500001248,1.0170188999982201,0.7947617810282309,True,124,False,False
100,8,uniform,1000000,2,0.9930050999973901,0.9245097000020905,0.9310221065375399,True,125,False,False
100,9,uniform,1000000,2,0.873862199994619,0.8466924999956973,0.9689084846568612,True,123,False,False
100,10,uniform,1000000,2,0.8879345000023022,0.9375283000044874,1.0558529936634478,True,123,False,False
100,11,uniform,1000000,2,1.1669498000046588,0.9545963999989908,0.8180269622525149,True,138,False,False
100,12,uniform,1000000,2,1.14053600000625,0.991894400001911,0.8696739077034618,True,134,False,False
100,13,uniform,1000000,2,0.9857594999994035,0.8240671000021393,0.8359717557909795,True,128,False,False
100,14,uniform,1000000,2,0.9852882999985013,0.9201713999937056,0.9339108157430726,True,130,False,False
100,15,uniform,1000000,2,0.7118000000045868,0.8153347999977996,1.1454549030521854,True,121,False,False
100,16,uniform,1000000,2,0.9961896000022534,0.8769646000000648,0.8803189673914293,True,129,False,False
100,17,uniform,1000000,2,0.8695528000025661,1.0379194999986794,1.19362446995239,True,122,False,False
100,18,uniform,1000000,2,1.2611749999996391,1.0726290000020526,0.8504997323942828,True,132,False,False
100,19,uniform,1000000,2,1.067561800002295,0.9778855000040494,0.9159989613734278,True,130,False,False
100,20,uniform,1000000,2,0.9456184000009671,0.9815646999995806,1.0380135369601275,True,126,False,False
100,21,uniform,1000000,2,0.9499625000025844,0.899355800000194,0.9467276866168373,True,125,False,False
100,22,uniform,1000000,2,1.123713899993163,1.002160099997127,0.8918285161402955,True,130,False,False
100,23,uniform,1000000,2,1.0129025999995065,1.0411049000031198,1.0278430522378232,True,126,False,False
100,24,uniform,1000000,2,0.9405498999985866,0.9304109000004246,0.9892201360096075,True,125,False,False
100,25,uniform,1000000,2,1.244243400004052,0.919349499999953,0.7388823601531331,True,135,False,False
100,26,uniform,1000000,2,1.1480881000024965,0.8312445999981719,0.7240250987675636,True,136,False,False
100,27,uniform,1000000,2,0.8261362999983248,0.8957081999978982,1.0842135855786925,True,125,False,False
100,28,uniform,1000000,2,1.0485023000001092,0.930988599997363,0.8879223250127978,True,131,False,False
100,29,uniform,1000000,2,0.9279133000018192,0.9208300000027521,0.9923664204413783,True,130,False,False
100,30,uniform,1000000,2,1.0668962999989162,0.8372210000015912,0.7847257507617579,True,135,False,False
100,31,uniform,1000000,2,1.2082348999974784,0.9780686000012793,0.8095020264712769,True,135,False,False
100,32,uniform,1000000,2,0.9650207000013324,0.8894887999995262,0.9217302799808316,True,127,False,False
100,33,uniform,1000000,2,0.9402558000001591,0.8846062000011443,0.9408144039111428,True,128,False,False
100,34,uniform,1000000,2,0.9346876999989036,0.8902619000000414,0.9524698998404341,True,125,False,False
100,35,uniform,1000000,2,0.9135564000025624,0.9008669999966514,0.9861098887754763,True,125,False,False
100,36,uniform,1000000,2,1.048387000002549,0.8717617000002065,0.8315266213698633,True,131,False,False
100,37,uniform,1000000,2,0.9225655000045663,0.8848422999944887,0.9591105455277801,True,126,False,False
100,38,uniform,1000000,2,1.003249200002756,0.8232640999995056,0.8205978135813555,True,135,False,False
100,39,uniform,1000000,2,0.9365939999988768,0.9008242999989307,0.9618087453048075,True,127,False,False
100,40,uniform,1000000,2,1.1100322999991477,0.903457399996114,0.8139019017706131,True,134,False,False
100,41,uniform,1000000,2,1.04559529999824,0.9460716999965371,0.9048163280746666,True,133,False,False
100,42,uniform,1000000,2,1.0456993999978295,0.924649300002784,0.8842400598151852,True,131,False,False
100,43,uniform,1000000,2,1.2537101999987499,0.9009733999992022,0.718645664683992,True,136,False,False
100,44,uniform,1000000,2,0.8338271000029636,0.8673221999997622,1.040170318279029,True,127,False,False
100,45,uniform,1000000,2,0.9588799999983166,0.9150540999980876,0.9542946979806587,True,126,False,False
100,46,uniform,1000000,2,1.0600093000030029,0.8364510999963386,0.7890978880977451,True,131,False,False
100,47,uniform,1000000,2,1.106816700004856,0.8728994999983115,0.7886576883005847,True,132,False,False
100,48,uniform,1000000,2,1.1036564000023645,0.951724300000933,0.8623374992424218,True,131,False,False
100,49,uniform,1000000,2,0.9367692000014358,0.9818499000029988,1.0481235933050466,True,124,False,False
1000,0,uniform,1000000,2,9.259939399998984,1.0571997000006377,0.11416918128003663,True,1283,False,False
1000,1,uniform,1000000,2,9.348470500000985,0.8363017999945441,0.08945867668881835,True,1273,False,False
1000,2,uniform,1000000,2,9.237363300002471,0.7893586999998661,0.08545281530711853,True,1266,False,False
1000,3,uniform,1000000,2,9.19446230000176,0.830586800002493,0.09033554904046254,True,1280,False,False
1000,4,uniform,1000000,2,9.522080599999754,0.9552556999988155,0.1003200603026654,True,1281,False,False
1000,5,uniform,1000000,2,9.522200999999768,0.8126366999931633,0.08534126721261011,True,1279,False,False
1000,6,uniform,1000000,2,9.566877999997814,0.815062299996498,0.08519626778941722,True,1302,False,False
1000,7,uniform,1000000,2,9.423326199997973,0.8348350000014761,0.08859239108178762,True,1294,False,False
1000,8,uniform,1000000,2,10.305854099999124,0.978132900003402,0.09491041601331084,True,1309,False,False
1000,9,uniform,1000000,2,9.701786400000856,0.7585256000020308,0.07818411669029983,True,1278,False,False
10000,0,uniform,1000000,2,82.85625860000437,0.7316387000028044,0.008830216478091926,True,12830,False,False
1,0,zipf,1000000,2,1.3528333000067505,2.7121815999998944,2.0048158187607896,True,1,True,True
1,1,zipf,1000000,2,0.001855399998021312,1.4252016999962507,768.1371680048261,True,1,False,False
1,2,zipf,1000000,2,0.0022552000009454787,1.398625500005437,620.1780327328272,True,1,False,False
1,3,zipf,1000000,2,4.6399996790569276e-05,1.3906352999983937,29970.59043506309,True,1,False,False
1,4,zipf,1000000,2,1.746616800002812,1.3690609999976004,0.7838359278322505,True,1,False,False
1,5,zipf,1000000,2,1.2409074999959557,1.3567387000002782,1.0933439438513346,True,1,False,False
1,6,zipf,1000000,2,3.479999577393755e-05,1.5335273000018788,44066.88178825497,True,1,False,False
1,7,zipf,1000000,2,1.315620499997749,1.4155817999999272,1.0759803453977415,True,1,False,False
1,8,zipf,1000000,2,1.936091799994756,1.4127184999961173,0.7296753697319227,True,2,False,False
1,9,zipf,1000000,2,3.289999585831538e-05,1.5184640000006766,46153.92678284758,True,1,False,False
1,10,zipf,1000000,2,0.0025968000045395456,1.2203305000002729,469.9362668927048,True,1,False,False
1,11,zipf,1000000,2,1.971305900005973,1.2395796999990125,0.6288114391557681,True,1,False,False
1,12,zipf,1000000,2,1.4776758000007248,1.1133895000020857,0.7534734615005129,True,1,False,False
1,13,zipf,1000000,2,3.619999915827066e-05,1.1654567000005045,32194.93721270519,True,1,False,False
1,14,zipf,1000000,2,1.9054169000010006,1.2486032000015257,0.6552913433279982,True,2,False,False
1,15,zipf,1000000,2,3.1600000511389226e-05,1.281898100001854,40566.394913184704,True,1,False,False
1,16,zipf,1000000,2,1.3677058000030229,1.2570914000025368,0.919124127425473,True,1,False,False
1,17,zipf,1000000,2,1.3997386999981245,1.211174400006712,0.8652860708990434,True,1,False,False
1,18,zipf,1000000,2,0.0022478000028058887,0.9656935000020894,429.61718070852896,True,1,False,False
1,19,zipf,1000000,2,3.3200005418621004e-05,1.0392078000004403,31301.434650296058,True,1,False,False
1,20,zipf,1000000,2,0.0022599000003538094,0.9966801999980817,441.02845251650143,True,1,False,False
1,21,zipf,1000000,2,1.403156399996078,0.9274704000054044,0.6609886111113463,True,1,False,False
1,22,zipf,1000000,2,1.360456800000975,1.0445824000053108,0.7678173978067971,True,1,False,False
1,23,zipf,1000000,2,1.3773951000039233,0.9502447999984724,0.6898854221245349,True,1,False,False
1,24,zipf,1000000,2,0.002546300005633384,0.8769412999972701,344.3982633849674,True,1,False,False
1,25,zipf,1000000,2,0.0024383000054513104,1.0769262000030722,441.67091727653974,True,1,False,False
1,26,zipf,1000000,2,1.4027704000036465,0.9543350000021746,0.6803215978892154,True,1,False,False
1,27,zipf,1000000,2,3.880000440403819e-05,1.0476741999955266,27001.90930613626,True,1,False,False
1,28,zipf,1000000,2,1.3821183999971254,0.9545308000015211,0.6906288202251749,True,1,False,False
1,29,zipf,1000000,2,3.409999771974981e-05,0.96157459999813,28198.67050727724,True,1,False,False
1,30,zipf,1000000,2,3.740000101970509e-05,0.9272920000003069,24793.903067321866,True,1,False,False
1,31,zipf,1000000,2,1.513869500005967,0.9062354999987292,0.5986219419805718,True,1,False,False
1,32,zipf,1000000,2,1.456601199999568,0.9821567000035429,0.6742797548181576,True,1,False,False
1,33,zipf,1000000,2,0.00262539999675937,1.0044899999993504,382.6045559683211,True,1,False,False
1,34,zipf,1000000,2,0.002503299998352304,0.967066999997769,386.31686199588614,True,1,False,False
1,35,zipf,1000000,2,1.3669617999985348,0.9486538999990444,0.6939871326324271,True,1,False,False
1,36,zipf,1000000,2,4.479999915929511e-05,0.9442348999946262,21076.672270399275,True,1,False,False
1,37,zipf,1000000,2,1.369013299998187,0.927778599994781,0.6776987484314503,True,1,False,False
1,38,zipf,1000000,2,1.8857919000001857,1.0399422999980743,0.5514618553605899,True,2,False,False
1,39,zipf,1000000,2,3.5099998058285564e-05,1.0237334999983432,29166.198194608867,True,1,False,False
1,40,zipf,1000000,2,0.0025258999958168715,1.0217724999965867,404.5181922042592,True,1,False,False
1,41,zipf,1000000,2,1.9269296999991639,0.9981897999969078,0.5180208701943516,True,2,False,False
1,42,zipf,1000000,2,1.440021099995647,0.9493875000043772,0.6592872146159852,True,1,False,False
1,43,zipf,1000000,2,0.002605299996503163,1.0584467000007862,406.2667260666467,True,1,False,False
1,44,zipf,1000000,2,1.9245851000014227,0.936702700004389,0.4867037056473609,True,1,False,False
1,45,zipf,1000000,2,1.9328753000008874,0.953405100000964,0.493257428454141,True,1,False,False
1,46,zipf,1000000,2,2.0828595999992103,1.045462599999155,0.5019361842725988,True,1,False,False
1,47,zipf,1000000,2,0.002454000001307577,1.0667218999951729,434.68700058141246,True,1,False,False
1,48,zipf,1000000,2,1.9506664000000455,0.9277404999957071,0.47560182509714904,True,2,False,False
1,49,zipf,1000000,2,1.3541130000012345,0.9924775999970734,0.7329355821827046,True,1,False,False
10,0,zipf,1000000,2,9.243337699997937,1.1786356000011438,0.12751190514238236,True,14,False,False
10,1,zipf,1000000,2,7.826815599997644,1.0823740000050748,0.13829046898784744,True,11,False,False
10,2,zipf,1000000,2,10.297906599997077,0.9611484999986715,0.09333435787803167,True,10,False,False
10,3,zipf,1000000,2,14.078836499997124,1.4841278000021703,0.10541551498253947,True,11,False,False
10,4,zipf,1000000,2,2.626141799999459,1.1746574999997392,0.4472940113134718,True,10,False,False
10,5,zipf,1000000,2,10.774848900000507,0.9910025999997742,0.09197368883750451,True,12,False,False
10,6,zipf,1000000,2,12.11339389999921,1.0080780999996932,0.08322012049816682,True,10,False,False
10,7,zipf,1000000,2,9.528495400001702,0.6637419000035152,0.06965862627203416,True,11,False,False
10,8,zipf,1000000,2,7.155801800006884,0.6731969999964349,0.09407708860742722,True,11,False,False
10,9,zipf,1000000,2,10.737271199999668,0.9330430000045453,0.08689759088925444,True,12,False,False
10,10,zipf,1000000,2,7.683990099998482,0.9549721000003046,0.12428075616605666,True,11,False,False
10,11,zipf,1000000,2,8.205578300003253,0.8776011000009021,0.1069517671899559,True,11,False,False
10,12,zipf,1000000,2,5.406212800000503,0.8388526999988244,0.15516457287784646,True,10,False,False
10,13,zipf,1000000,2,8.152930900003412,0.7241845000025933,0.08882505063329928,True,10,False,False
10,14,zipf,1000000,2,12.423757999997179,0.7542911000055028,0.0607136021166602,True,12,False,False
10,15,zipf,1000000,2,10.426491800004442,0.7637624999988475,0.07325210767427277,True,11,False,False
10,16,zipf,1000000,2,12.246234499994898,0.8593768999999156,0.07017478719685416,True,10,False,False
10,17,zipf,1000000,2,6.926682999997865,0.7797687999991467,0.11257463348609818,True,10,False,False
10,18,zipf,1000000,2,10.235964799998328,0.9458520999978646,0.09240478239999604,True,10,False,False
10,19,zipf,1000000,2,11.157319899997674,0.9228686999995261,0.08271419196286722,True,10,False,False
10,20,zipf,1000000,2,10.068451599996479,0.8859666000062134,0.08799432476851984,True,11,False,False
10,21,zipf,1000000,2,9.520967899996322,1.1458549000017229,0.12035067359088203,True,12,False,False
10,22,zipf,1000000,2,8.818181299997377,1.1048800999997184,0.12529568880604064,True,10,False,False
10,23,zipf,1000000,2,8.945823399997607,1.1983417999945232,0.13395545009248044,True,10,False,False
10,24,zipf,1000000,2,9.03243630000361,1.04814589999296,0.11604243475180015,True,11,False,False
10,25,zipf,1000000,2,12.355326200005948,1.2268067999975756,0.09929376045101788,True,10,False,False
10,26,zipf,1000000,2,8.864413900002546,1.0023445999977412,0.11307511261375704,True,10,False,False
10,27,zipf,1000000,2,6.07034289999865,0.9333880999984103,0.1537620057671895,True,10,False,False
10,28,zipf,1000000,2,7.891897899993637,0.864942099993641,0.10959874430133446,True,10,False,False
10,29,zipf,1000000,2,8.924425899997004,1.0474898999964353,0.11737336515918485,True,10,False,False
10,30,zipf,1000000,2,15.956842000006873,1.0064208999974653,0.06307143355790776,True,10,False,False
10,31,zipf,1000000,2,7.099037300002237,0.9955954000033671,0.14024372008906805,True,10,False,False
10,32,zipf,1000000,2,10.52601020000293,0.994610299996566,0.09449072165978799,True,10,False,False
10,33,zipf,1000000,2,9.452220800005307,0.9499746000001323,0.10050279401001709,True,10,False,False
10,34,zipf,1000000,2,6.976281400005973,1.204782000000705,0.1726968754442264,True,10,False,False
10,35,zipf,1000000,2,9.714732199994614,1.1258008999939193,0.11588594279464991,True,10,False,False
10,36,zipf,1000000,2,11.386613700000453,0.9990084999953979,0.08773534663737281,True,10,False,False
10,37,zipf,1000000,2,8.436167899999418,0.9164525000014692,0.1086337435272634,True,10,False,False
10,38,zipf,1000000,2,12.934912900003837,1.0504478000002564,0.08121027239386705,True,10,False,False
10,39,zipf,1000000,2,15.996499399996537,0.9741403999942122,0.06089709852359467,True,10,False,False
10,40,zipf,1000000,2,9.068620499994722,1.084742599996389,0.11961495135859089,True,10,False,False
10,41,zipf,1000000,2,12.796144100000674,1.0659301999985473,0.0833008906173924,True,11,False,False
10,42,zipf,1000000,2,4.163961500002188,1.0348583000013605,0.2485273458942444,True,10,False,False
10,43,zipf,1000000,2,7.675850400002673,0.9847203000026639,0.1282881047293888,True,10,False,False
10,44,zipf,1000000,2,8.293810800001665,1.045168199998443,0.1260178493580096,True,11,False,False
10,45,zipf,1000000,2,6.930838100000983,1.139149599999655,0.16435957434923973,True,10,False,False
10,46,zipf,1000000,2,10.755310799999279,0.9550349999990431,0.08879659711917456,True,10,False,False
10,47,zipf,1000000,2,4.586797199997818,0.9611975000007078,0.2095574445718169,True,10,False,False
10,48,zipf,1000000,2,10.863227299996652,1.0152782000004663,0.09346008989435205,True,10,False,False
10,49,zipf,1000000,2,10.571261199998844,1.0138167000040994,0.09590309810944887,True,10,False,False
100,0,zipf,1000000,2,116.49497770000016,2.53577740000037,0.021767267997857786,True,113,False,False
100,1,zipf,1000000,2,98.13838169999508,1.113714400002209,0.011348408040870159,True,108,False,False
100,2,zipf,1000000,2,82.44660570000269,0.9986585000006016,0.012112790957512626,True,102,False,False
100,3,zipf,1000000,2,94.5525839999973,0.8671283000003314,0.009170857773705647,True,100,False,False
100,4,zipf,1000000,2,103.84796690000076,0.8620895999993081,0.008301458620075324,True,101,False,False
100,5,zipf,1000000,2,95.81571799999801,1.1060646999976598,0.011543666562073696,True,100,False,False
100,6,zipf,1000000,2,99.2435067999977,0.9650166999999783,0.009723726328461427,True,101,False,False
100,7,zipf,1000000,2,85.33786349999718,0.8488104999996722,0.009946470009759503,True,103,False,False
100,8,zipf,1000000,2,80.37658940000256,0.8588234999988344,0.010684995549199144,True,102,False,False
100,9,zipf,1000000,2,97.58852859999752,0.9034250000040629,0.009257491766343589,True,100,False,False
100,10,zipf,1000000,2,95.7619085999977,0.8796528999955626,0.009185832998274053,True,103,False,False
100,11,zipf,1000000,2,95.31676359999983,0.9752788000041619,0.010231975606063943,True,100,False,False
100,12,zipf,1000000,2,105.24680429999717,0.7509454999963054,0.007135090751599435,True,110,False,False
100,13,zipf,1000000,2,92.43061479999596,0.8447795999964001,0.00913960814633072,True,106,False,False
100,14,zipf,1000000,2,92.5807352999982,0.7810683000061545,0.00843661802290924,True,102,False,False
100,15,zipf,1000000,2,96.87001779999991,0.8899639000010211,0.009187196618859524,True,101,False,False
100,16,zipf,1000000,2,87.43495789999724,0.8868489000014961,0.010142955647280343,True,100,False,False
100,17,zipf,1000000,2,89.83035380000365,0.8760488999978406,0.009752259263592092,True,100,False,False
100,18,zipf,1000000,2,79.47825110000122,0.7892347000015434,0.009930197117806626,True,103,False,False
100,19,zipf,1000000,2,96.4001247999986,0.7598605999955907,0.007882361164698428,True,102,False,False
100,20,zipf,1000000,2,99.94319309999992,0.7589740000039455,0.0075940539466708935,True,103,False,False
100,21,zipf,1000000,2,77.31132570000045,0.7415830999962054,0.009592166390650848,True,100,False,False
100,22,zipf,1000000,2,95.06554360000155,0.9314366999969934,0.00979783699461198,True,102,False,False
100,23,zipf,1000000,2,86.62686009999743,0.8916221000035875,0.010292674800568167,True,101,False,False
100,24,zipf,1000000,2,123.29756229999475,0.9792830000005779,0.007942436020088449,True,100,False,False
100,25,zipf,1000000,2,162.5956645999977,1.6231183000054443,0.009982543532132205,True,100,False,False
100,26,zipf,1000000,2,187.52551590000076,1.5646836000014446,0.008343843729702483,True,101,False,False
100,27,zipf,1000000,2,163.17378259999532,1.6022985000017798,0.009819582989809453,True,102,False,False
100,28,zipf,1000000,2,179.62710319999314,1.6401407999946969,0.0091308091639634,True,102,False,False
100,29,zipf,1000000,2,172.09495250000327,1.52264920000016,0.008847727245226039,True,101,False,False
100,30,zipf,1000000,2,180.08206439999776,1.3798346999974456,0.00766225500909719,True,102,False,False
100,31,zipf,1000000,2,209.69661300000007,1.3856850000011036,0.006608046644993275,True,101,False,False
100,32,zipf,1000000,2,212.30373210000107,1.4715913999971235,0.00693153806313665,True,105,False,False
100,33,zipf,1000000,2,175.0990632999965,1.3947983999969438,0.007965767341697549,True,104,False,False
100,34,zipf,1000000,2,177.87107160000596,1.7080438999983016,0.009602707650175558,True,103,False,False
100,35,zipf,1000000,2,203.1298647999938,1.7649250000104075,0.008688653447134384,True,111,False,False
100,36,zipf,1000000,2,195.7626631999883,2.1224772999994457,0.01084209453071832,True,112,False,False
100,37,zipf,1000000,2,155.6457764000079,1.43564690000494,0.009223808915414087,True,106,False,False
100,38,zipf,1000000,2,135.56472320000466,1.713461899998947,0.012639437897652773,True,105,False,False
100,39,zipf,1000000,2,152.4981664999941,1.706409699996584,0.011189706336545691,True,100,False,False
100,40,zipf,1000000,2,189.36305039998842,1.949843199996394,0.01029685144951865,True,102,False,False
100,41,zipf,1000000,2,195.1690157000121,1.6977422000054503,0.00869883056957665,True,100,False,False
100,42,zipf,1000000,2,219.5922983999917,1.7606818999920506,0.008017958338342695,True,102,False,False
100,43,zipf,1000000,2,175.76219150000543,1.7231355000112671,0.009803789343461924,True,101,False,False
100,44,zipf,1000000,2,144.44889850000618,1.4646770000108518,0.010139758871271621,True,100,False,False
100,45,zipf,1000000,2,180.12608770000224,1.4694583999953466,0.008157943242750662,True,102,False,False
100,46,zipf,1000000,2,151.37976229999913,1.4546650999982376,0.009609376299028883,True,102,False,False
100,47,zipf,1000000,2,185.0076257999899,1.4763030000030994,0.007979687289209999,True,101,False,False
100,48,zipf,1000000,2,184.95106120000128,1.4538585999980569,0.00786077457769162,True,101,False,False
100,49,zipf,1000000,2,154.93237520000548,1.4350989000085974,0.009262743814235069,True,101,False,False
1000,0,zipf,1000000,2,1808.4777994000033,1.5140615999989677,0.0008372022042522647,True,1023,False,False
1000,1,zipf,1000000,2,1860.0166576000047,1.8655856000114,0.0010029940282462744,True,1007,False,False
1000,2,zipf,1000000,2,1674.4190310999984,1.6365668999933405,0.0009773938719020703,True,1018,False,False
1000,3,zipf,1000000,2,1722.5383429000067,1.9741064999980154,0.001146045026013457,True,1016,False,False
1000,4,zipf,1000000,2,1849.4904057000094,1.7612169999920297,0.0009522714984430702,True,1009,False,False
1000,5,zipf,1000000,2,1723.4292393000069,1.478141500003403,0.0008576746096078591,True,1020,False,False
1000,6,zipf,1000000,2,1536.951702099992,1.0995229999971343,0.0007153920311840748,True,1015,False,False
1000,7,zipf,1000000,2,930.4608535000007,0.9286897999991197,0.0009980965846180213,True,1015,False,False
1000,8,zipf,1000000,2,865.7903988000035,1.047276099998271,0.0012096185190431877,True,1018,False,False
1000,9,zipf,1000000,2,898.0016204999993,1.0428688999963924,0.0011613218464079523,True,1018,False,False
10000,0,zipf,1000000,2,9147.502946100009,1.731592999989516,0.0001892967960975374,True,10115,False,False
1,0,uniform,1000000,3,0.0028443000046536326,3.7095900000131223,1304.2189621150253,True,1,True,True
1,1,uniform,1000000,3,3.239999932702631e-05,2.8439497999934247,87776.2302180407,True,1,False,False
1,2,uniform,1000000,3,0.002962600003229454,1.7544315999984974,592.19320802202,True,1,False,False
1,3,uniform,1000000,3,0.0036294000019552186,1.417361499989056,390.5222624195458,True,1,False,False
1,4,uniform,1000000,3,0.033681299988529645,1.5270811999944272,45.339140725402025,True,2,False,False
1,5,uniform,1000000,3,4.630000330507755e-05,1.4508130000031088,31335.051758927268,True,1,False,False
1,6,uniform,1000000,3,4.150001041125506e-05,1.5264355999970576,36781.571495294826,True,1,False,False
1,7,uniform,1000000,3,0.0026614999951561913,1.494512899997062,561.530303481874,True,1,False,False
1,8,uniform,1000000,3,0.03681789999245666,1.4755134000006365,40.07597935523056,True,2,False,False
1,9,uniform,1000000,3,0.033899800007930025,1.3732430000090972,40.50888204909352,True,2,False,False
1,10,uniform,1000000,3,0.0027652999997371808,1.4977956999937305,541.639496668023,True,1,False,False
1,11,uniform,1000000,3,0.0027802999975392595,1.289562299993122,463.82127868735955,True,1,False,False
1,12,uniform,1000000,3,0.0033994999976130202,1.2749326000048313,375.035328989567,True,1,False,False
1,13,uniform,1000000,3,0.02940489999309648,1.3003503999934765,44.222235079825666,True,3,False,False
1,14,uniform,1000000,3,0.03185179999854881,1.4708682999917073,46.17849854823655,True,3,False,False
1,15,uniform,1000000,3,6.059999577701092e-05,1.3565642000030493,22385.54941480165,True,1,False,False
1,16,uniform,1000000,3,0.0032530999887967482,1.4003082999988692,430.4535073687708,True,1,False,False
1,17,uniform,1000000,3,0.003217899997252971,1.3608410000015283,422.8972314749493,True,1,False,False
1,18,uniform,1000000,3,0.003322799995657988,1.3889576000074157,418.00818641579764,True,1,False,False
1,19,uniform,1000000,3,4.050000279676169e-05,1.4416410000121687,35596.07161625776,True,1,False,False
1,20,uniform,1000000,3,0.002956099997390993,1.4286244000104489,483.2801330372214,True,1,False,False
1,21,uniform,1000000,3,0.002975899988086894,1.35244380000222,454.4654744501883,True,1,False,False
1,22,uniform,1000000,3,0.0026526000001467764,1.0858335999946576,409.3469048988069,True,1,False,False
1,23,uniform,1000000,3,3.880000440403819e-05,1.1085618999932194,28571.179746511665,True,1,False,False
1,24,uniform,1000000,3,4.430000262800604e-05,1.113907899998594,25144.646363844506,True,1,False,False
1,25,uniform,1000000,3,0.0028107999969506636,1.3105262000026414,466.2466918401823,True,1,False,False
1,26,uniform,1000000,3,0.0034340999991400167,1.1370299999980489,331.09985157182064,True,1,False,False
1,27,uniform,1000000,3,0.00262020000081975,0.9876053999905707,376.9198533247808,True,1,False,False
1,28,uniform,1000000,3,3.609999839682132e-05,1.0063932000048226,27877.929216014523,True,1,False,False
1,29,uniform,1000000,3,0.0030331999878399074,0.9811309000069741,323.46396674809637,True,1,False,False
1,30,uniform,1000000,3,0.002325699999346398,1.058226699999068,455.0142753994351,True,1,False,False
1,31,uniform,1000000,3,0.0032221000001300126,0.9229497999913292,286.4435616380894,True,1,False,False
1,32,uniform,1000000,3,0.031487700005527586,0.9116211999935331,28.951660484363746,True,2,False,False
1,33,uniform,1000000,3,0.002599200000986457,0.9333686999889323,359.0984532297235,True,1,False,False
1,34,uniform,1000000,3,0.002396500000031665,0.8762831999920309,365.65124138554245,True,1,False,False
1,35,uniform,1000000,3,0.029597599990665913,0.8686253000050783,29.347828887444035,True,2,False,False
1,36,uniform,1000000,3,0.002504500007489696,0.8533535000024131,340.72808842102745,True,1,False,False
1,37,uniform,1000000,3,3.640000068116933e-05,0.8339825000002747,22911.60671410964,True,1,False,False
1,38,uniform,1000000,3,0.0025554999883752316,0.9094012999994447,355.86042032331824,True,1,False,False
1,39,uniform,1000000,3,0.028536999991047196,0.8613732999947388,30.184437756771004,True,3,False,False
1,40,uniform,1000000,3,0.002354900003410876,0.883275300002424,375.0797480670405,True,1,False,False
1,41,uniform,1000000,3,4.730001091957092e-05,0.8854243999958271,18719.327602300247,True,1,False,False
1,42,uniform,1000000,3,0.002405999999609776,0.8805376000091201,365.9757274114433,True,1,False,False
1,43,uniform,1000000,3,0.0027821000112453476,0.8264921999943908,297.07494218528444,True,1,False,False
1,44,uniform,1000000,3,3.239999932702631e-05,0.8926221000001533,27550.06538705625,True,1,False,False
1,45,uniform,1000000,3,3.1400006264448166e-05,0.8760499999916647,27899.675962279962,True,1,False,False
1,46,uniform,1000000,3,0.00340330001199618,0.9267061999998987,272.29635845602286,True,1,False,False
1,47,uniform,1000000,3,0.0026382000069133937,0.8902298999892082,337.43836618010914,True,1,False,False
1,48,uniform,1000000,3,0.02805639999860432,0.8857553999987431,31.570529363810234,True,2,False,False
1,49,uniform,1000000,3,0.02906970000185538,0.8026332999870647,27.610649574499785,True,2,False,False
10,0,uniform,1000000,3,0.0967477000085637,1.0260879999987083,10.605812850412809,True,14,False,False
10,1,uniform,1000000,3,0.09477359999436885,0.9421060999884503,9.940596326871907,True,14,False,False
10,2,uniform,1000000,3,0.07207589999597985,0.9079613999929279,12.597295351755175,True,12,False,False
10,3,uniform,1000000,3,0.09999709999829065,0.9654270000028191,9.654549982142703,True,13,False,False
10,4,uniform,1000000,3,0.06940490000124555,0.9182585000089603,13.230456350956215,True,12,False,False
10,5,uniform,1000000,3,0.09405999998853076,0.9133576000022003,9.710372104120465,True,14,False,False
10,6,uniform,1000000,3,0.08315349998883903,1.0015645999956178,12.044767810495639,True,12,False,False
10,7,uniform,1000000,3,0.12196760000369977,0.940616299994872,7.712017781495572,True,15,False,False
10,8,uniform,1000000,3,0.04041000000142958,0.9427261999953771,23.329032416778677,True,11,False,False
10,9,uniform,1000000,3,0.12153780000517145,0.9355446000117809,7.697560758644416,True,15,False,False
10,10,uniform,1000000,3,0.009949700004654005,0.9059855999948923,91.05657452698217,True,10,False,False
10,11,uniform,1000000,3,0.06610809999983758,0.8443913999944925,12.77288864748143,True,12,False,False
10,12,uniform,1000000,3,0.06939499999862164,0.7953005999879679,11.460488507871814,True,12,False,False
10,13,uniform,1000000,3,0.12591919999977108,0.8713268999999855,6.919730271488141,True,15,False,False
10,14,uniform,1000000,3,0.04213200000231154,0.9449270000040997,22.42777461198749,True,11,False,False
10,15,uniform,1000000,3,0.008643299996037968,0.7873423999990337,91.09280024527048,True,10,False,False
10,16,uniform,1000000,3,0.12651699999696575,0.7490061999997124,5.9202020283256465,True,14,False,False
10,17,uniform,1000000,3,0.09243590000551194,0.9181359999929555,9.93267767110189,True,13,False,False
10,18,uniform,1000000,3,0.15944600000511855,0.7711087000061525,4.836174629538516,True,15,False,False
10,19,uniform,1000000,3,0.06826849999197293,0.8011879999976372,11.735837173686862,True,13,False,False
10,20,uniform,1000000,3,0.09711509999760892,0.759121299997787,7.816717482826846,True,13,False,False
10,21,uniform,1000000,3,0.10992479999549687,0.751674399987678,6.838078395580167,True,13,False,False
10,22,uniform,1000000,3,0.09928940000827424,0.7456840000086231,7.510207534202864,True,13,False,False
10,23,uniform,1000000,3,0.04126980000000913,0.781274900000426,18.93091073860918,True,12,False,False
10,24,uniform,1000000,3,0.09408880000410136,0.7722375000012107,8.207539047873377,True,13,False,False
10,25,uniform,1000000,3,0.0375081000092905,0.7745790000044508,20.65097938345565,True,11,False,False
10,26,uniform,1000000,3,0.0667200000025332,0.7521161000040593,11.272723320975768,True,12,False,False
10,27,uniform,1000000,3,0.09738150000339374,0.7612945000000764,7.8176501694217615,True,13,False,False
10,28,uniform,1000000,3,0.15214660001220182,0.7678465000062715,5.046754248499092,True,17,False,False
10,29,uniform,1000000,3,0.09603420000348706,0.7489544000127353,7.798829999995213,True,15,False,False
10,30,uniform,1000000,3,0.06640140000672545,0.7318757999892114,11.021993510906148,True,12,False,False
10,31,uniform,1000000,3,0.06486729999596719,0.7383105999906547,11.3818611231939,True,12,False,False
10,32,uniform,1000000,3,0.0672913000016706,0.7780562000116333,11.56250808042521,True,12,False,False
10,33,uniform,1000000,3,0.07508660000166856,0.7574407000065548,10.08756156211259,True,12,False,False
10,34,uniform,1000000,3,0.04429450001043733,0.7512807000020985,16.96103804817913,True,11,False,False
10,35,uniform,1000000,3,0.06759839999722317,0.8190615999919828,12.116582641388383,True,12,False,False
10,36,uniform,1000000,3,0.0945388000109233,0.7987227999983588,8.448624267560747,True,13,False,False
10,37,uniform,1000000,3,0.07287589999032207,0.7545832000032533,10.354358575378994,True,12,False,False
10,38,uniform,1000000,3,0.03995750000467524,0.743452900002012,18.606091470062545,True,11,False,False
10,39,uniform,1000000,3,0.04278360000171233,0.7307972999988124,17.08124842158125,True,11,False,False
10,40,uniform,1000000,3,0.09520470000279602,0.77817399999185,8.173693105161785,True,12,False,False
10,41,uniform,1000000,3,0.07057029999850783,0.788563999987673,11.17416250185059,True,13,False,False
10,42,uniform,1000000,3,0.12667019999935292,0.8108841000066604,6.401538009814485,True,14,False,False
10,43,uniform,1000000,3,0.06744469999102876,0.7515876999968896,11.143762224412933,True,13,False,False
10,44,uniform,1000000,3,0.06896310001320671,0.7227875999960816,10.480787549539752,True,12,False,False
10,45,uniform,1000000,3,0.12437130000034813,0.7265112000022782,5.841469856793687,True,14,False,False
10,46,uniform,1000000,3,0.06536880000203382,0.7116126999899279,10.886121513134515,True,13,False,False
10,47,uniform,1000000,3,0.010761799989268184,0.8073156000027666,75.01678165435456,True,10,False,False
10,48,uniform,1000000,3,0.06771000000298955,0.6952204999979585,10.267619258119376,True,12,False,False
10,49,uniform,1000000,3,0.09992730000521988,0.6997271000000183,7.002361716602638,True,13,False,False
100,0,uniform,1000000,3,0.9298646999959601,0.8621595000004163,0.9271881167272636,True,132,False,False
100,1,uniform,1000000,3,0.7358620000013616,0.7772645999939414,1.0562640821139062,True,126,False,False
100,2,uniform,1000000,3,0.7020352999970783,0.7571900999901118,1.07856414056852,True,123,False,False
100,3,uniform,1000000,3,0.7335955000016838,0.7656745999993291,1.0437285942969547,True,125,False,False
100,4,uniform,1000000,3,0.8038316000020131,0.7523704999912297,0.9359802475908455,True,124,False,False
100,5,uniform,1000000,3,0.8531137000099989,0.7534454999986337,0.8831712584029574,True,128,False,False
100,6,uniform,1000000,3,0.9399062999873422,0.7172099000017624,0.7630653183316477,True,133,False,False
100,7,uniform,1000000,3,0.9944779999932507,0.740390999999363,0.7445021408260292,True,131,False,False
100,8,uniform,1000000,3,0.8544920999993337,0.7825574000016786,0.9158158396107919,True,130,False,False
100,9,uniform,1000000,3,1.0158997000107775,0.8029512000066461,0.7903843263248604,True,131,False,False
100,10,uniform,1000000,3,0.7706519999919692,0.6862549999932526,0.8904862376278838,True,126,False,False
100,11,uniform,1000000,3,0.9826828999939607,0.6857063999923412,0.697790100953782,True,135,False,False
100,12,uniform,1000000,3,0.8781159999925876,0.6913923999964027,0.7873588455309308,True,129,False,False
100,13,uniform,1000000,3,0.8456717999943066,0.7753128000040306,0.9168010568748423,True,125,False,False
100,14,uniform,1000000,3,0.9049115999951027,0.7334637000021758,0.8105362999061402,True,130,False,False
100,15,uniform,1000000,3,0.7093203000113135,0.669831899998826,0.9443292402432897,True,125,False,False
100,16,uniform,1000000,3,1.0821958000015002,0.7824772000021767,0.7230458665623097,True,140,False,False
100,17,uniform,1000000,3,0.7410228999942774,0.7146790999977384,0.9644494117567184,True,123,False,False
100,18,uniform,1000000,3,0.9250783999887062,0.7056488999951398,0.7627990233084619,True,133,False,False
100,19,uniform,1000000,3,0.9899493000120856,0.6901520999963395,0.6971590363141971,True,137,False,False
100,20,uniform,1000000,3,0.9754838999942876,0.7023534999898402,0.7200052199671908,True,132,False,False
100,21,uniform,1000000,3,0.8402095000055851,0.7847808000078658,0.9340299056397828,True,128,False,False
100,22,uniform,1000000,3,0.6854413000110071,0.7211740000057034,1.0521309410362674,True,121,False,False
100,23,uniform,1000000,3,0.749863600009121,0.785658600012539,1.0477353481392917,True,125,False,False
100,24,uniform,1000000,3,0.8905760000052396,0.7701757999893744,0.8648063724879663,True,134,False,False
100,25,uniform,1000000,3,0.7676789999968605,0.7239163000049302,0.9429934907792069,True,124,False,False
100,26,uniform,1000000,3,0.9491438999975799,0.7384847999928752,0.7780535701643957,True,133,False,False
100,27,uniform,1000000,3,0.8727976000081981,0.6879860000044573,0.7882537715479455,True,130,False,False
100,28,uniform,1000000,3,0.7834707000001799,0.7353352000063751,0.9385611995524609,True,126,False,False
100,29,uniform,1000000,3,1.0772461000015028,0.7793148000055226,0.7234324635795251,True,136,False,False
100,30,uniform,1000000,3,0.5861261999962153,0.7663941999926465,1.3075583381148892,True,117,False,False
100,31,uniform,1000000,3,0.867602700003772,0.7412075999891385,0.8543168433960798,True,130,False,False
100,32,uniform,1000000,3,1.0751608999999007,0.7064768000127515,0.6570893714725087,True,135,False,False
100,33,uniform,1000000,3,0.7656336999934865,0.6976252000022214,0.9111735807973922,True,126,False,False
100,34,uniform,1000000,3,0.7246505000075558,0.6833927999978187,0.9430653811605636,True,124,False,False
100,35,uniform,1000000,3,0.5259578000113834,0.6908047000033548,1.3134222935535962,True,115,False,False
100,36,uniform,1000000,3,1.009521300002234,0.6965501000086078,0.6899805878361025,True,134,False,False
100,37,uniform,1000000,3,0.9035314999928232,0.6887353000056464,0.7622703801816728,True,135,False,False
100,38,uniform,1000000,3,0.7810143999959109,0.6795860999991419,0.8701326121550382,True,127,False,False
100,39,uniform,1000000,3,0.8074042999942321,0.629495200002566,0.7796530189485774,True,127,False,False
100,40,uniform,1000000,3,0.8953724000020884,0.7345023999951081,0.8203317412882003,True,133,False,False
100,41,uniform,1000000,3,0.7950394000072265,0.6968040999927325,0.8764397085055142,True,130,False,False
100,42,uniform,1000000,3,0.854169299986097,0.7153454999934183,0.8374750766681286,True,130,False,False
100,43,uniform,1000000,3,0.7063800000032643,0.6864466000115499,0.9717809111361841,True,123,False,False
100,44,uniform,1000000,3,0.8907457000022987,0.6895529000030365,0.7741299228289926,True,129,False,False
100,45,uniform,1000000,3,0.7047273000061978,0.6895640000002459,0.9784834502568319,True,123,False,False
100,46,uniform,1000000,3,0.8888490999961505,0.711650199998985,0.8006423137538949,True,131,False,False
100,47,uniform,1000000,3,0.823100900001009,0.717406600000686,0.8715901051739909,True,127,False,False
100,48,uniform,1000000,3,0.8073219000070821,0.6932467000006,0.858699237558796,True,129,False,False
100,49,uniform,1000000,3,0.7451591999997618,0.7157815999962622,0.9605754045531358,True,124,False,False
1000,0,uniform,1000000,3,8.412138200001209,0.6933488000067882,0.08242242144888783,True,1291,False,False
1000,1,uniform,1000000,3,8.641908499994315,0.7189949000021443,0.08319862447081189,True,1285,False,False
1000,2,uniform,1000000,3,8.288826499992865,0.7006712000002153,0.08453201427256542,True,1278,False,False
1000,3,uniform,1000000,3,9.008308100004797,0.6690256000001682,0.07426761968763168,True,1316,False,False
1000,4,uniform,1000000,3,7.968165699989186,0.7265956000046572,0.0911873105256387,True,1277,False,False
1000,5,uniform,1000000,3,7.7525209000014,0.6805012999975588,0.08777806713135541,True,1249,False,False
1000,6,uniform,1000000,3,8.322005900001386,0.6764667000097688,0.08128649608499511,True,1286,False,False
1000,7,uniform,1000000,3,8.12219819999882,0.6477745000011055,0.07975359429189989,True,1279,False,False
1000,8,uniform,1000000,3,7.920243000000482,0.6389063999959035,0.08066752497314345,True,1279,False,False
1000,9,uniform,1000000,3,8.45969519999926,0.7390274000063073,0.08735863202333483,True,1301,False,False
10000,0,uniform,1000000,3,82.7003643999924,0.7226321000052849,0.0087379554521691,True,12803,False,False
1,0,zipf,1000000,3,0.002216900000348687,1.420661399999517,640.8324235536411,True,1,False,False
1,1,zipf,1000000,3,1.8435368000064045,1.4514301999879535,0.7873074190777809,True,2,False,False
1,2,zipf,1000000,3,1.4501334000087809,1.4573728000104893,1.0049922303711263,True,1,False,False
1,3,zipf,1000000,3,0.002413099995465018,1.3502886999922339,559.5659949980753,True,1,False,False
1,4,zipf,1000000,3,3.330000618007034e-05,1.3522139999986393,40607.0194908229,True,1,False,False
1,5,zipf,1000000,3,1.9998164999997243,1.4308450000098674,0.7154881460424317,True,1,False,False
1,6,zipf,1000000,3,4.0799990529194474e-05,1.4287603000120725,35018.64293301053,True,1,False,False
1,7,zipf,1000000,3,0.0028400000010151416,0.9420327000116231,331.70165481510526,True,1,False,False
1,8,zipf,1000000,3,2.080743300000904,1.0250273999990895,0.4926255920173546,True,2,False,False
1,9,zipf,1000000,3,1.964819400003762,1.4643027999991318,0.7452607603509657,True,1,False,False
1,10,zipf,1000000,3,1.3828119999961928,1.4294912999903318,1.033756794122605,True,1,False,False
1,11,zipf,1000000,3,1.888185899995733,2.1173299999936717,1.1213567477643258,True,1,False,False
1,12,zipf,1000000,3,3.239999932702631e-05,2.090047899997444,64507.6525743641,True,1,False,False
1,13,zipf,1000000,3,3.15000070258975e-05,2.0110084999905666,63841.5254427477,True,1,False,False
1,14,zipf,1000000,3,1.6427262000070186,2.4212186000077054,1.4739027112353602,True,1,False,False
1,15,zipf,1000000,3,1.4357224999985192,2.07168009999441,1.4429530079778972,True,1,False,False
1,16,zipf,1000000,3,0.0017357999895466492,1.0189601000020048,587.0262162336651,True,1,False,False
1,17,zipf,1000000,3,0.0022719999979017302,0.9640803999936907,424.3311623609383,True,1,False,False
1,18,zipf,1000000,3,1.3949595000012778,0.8965530999994371,0.6427090535593442,True,1,False,False
1,19,zipf,1000000,3,2.0159830000047805,1.0109070999897085,0.5014462423479322,True,1,False,False
1,20,zipf,1000000,3,0.002913099990109913,1.0727595000062138,368.2535799142747,True,1,False,False
1,21,zipf,1000000,3,3.979999746661633e-05,1.0635887999960687,26723.33838433512,True,1,False,False
1,22,zipf,1000000,3,3.4200013033114374e-05,1.0021285000111675,29301.991757747295,True,1,False,False
1,23,zipf,1000000,3,2.025169900007313,1.5117640999960713,0.7464875416085397,True,1,False,False
1,24,zipf,1000000,3,5.599998985417187e-05,1.4804582000069786,26436.758361246164,True,1,False,False
1,25,zipf,1000000,3,0.0023032000026432797,0.9452596000046469,410.4114271100272,True,1,False,False
1,26,zipf,1000000,3,3.7300007534213364e-05,1.0452994999941438,28024.10962076468,True,1,False,False
1,27,zipf,1000000,3,0.0026826999965123832,0.9781555999943521,364.6160961963668,True,1,False,False
1,28,zipf,1000000,3,1.3859606999903917,1.014099799998803,0.7316944845592183,True,1,False,False
1,29,zipf,1000000,3,1.4506423999991966,0.9141499000106705,0.6301690202983015,True,1,False,False
1,30,zipf,1000000,3,2.0559286999923643,1.3080367000075057,0.6362266843263406,True,1,False,False
1,31,zipf,1000000,3,0.002856099992641248,1.275629800002207,446.63345236121705,True,1,False,False
1,32,zipf,1000000,3,0.004078499987372197,1.3309675000054995,326.3375025441768,True,1,False,False
1,33,zipf,1000000,3,1.4016439999977592,1.2887645000009798,0.9194663552250358,True,1,False,False
1,34,zipf,1000000,3,3.779999678954482e-05,1.2814463999966392,33900.701291886806,True,1,False,False
1,35,zipf,1000000,3,1.9488546999928076,1.313182699988829,0.673822784219714,True,1,False,False
1,36,zipf,1000000,3,1.4252322999964235,1.3212725000048522,0.9270576452752073,True,1,False,False
1,37,zipf,1000000,3,1.3896194000117248,1.2886510999960592,0.9273410402770617,True,1,False,False
1,38,zipf,1000000,3,1.3862790999992285,1.3268493000068702,0.9571299891974197,True,1,False,False
1,39,zipf,1000000,3,1.9306175999954576,1.3022877999901539,0.6745446638387727,True,2,False,False
1,40,zipf,1000000,3,1.5201745999947889,1.326352499992936,0.8725001062361406,True,1,False,False
1,41,zipf,1000000,3,1.41092569999455,1.3231952999922214,0.9378206804208985,True,1,False,False
1,42,zipf,1000000,3,4.0099999750964344e-05,1.272552700000233,31734.481493846644,True,1,False,False
1,43,zipf,1000000,3,0.002924400003394112,1.3478710999916075,460.90517659254675,True,1,False,False
1,44,zipf,1000000,3,0.00020260000019334257,1.2706714000087231,6271.823291195028,True,1,False,False
1,45,zipf,1000000,3,4.3199994252063334e-05,1.2900711000111187,29862.760918064287,True,1,False,False
1,46,zipf,1000000,3,2.014691899996251,1.3812264000007417,0.6855769857432354,True,1,False,False
1,47,zipf,1000000,3,1.9593486999947345,1.5608785999938846,0.7966313499981291,True,1,False,False
1,48,zipf,1000000,3,1.354799599997932,1.5195588000060525,1.1216114914769475,True,1,False,False
1,49,zipf,1000000,3,0.0034072999987984076,1.3506212999927811,396.3904852725269,True,1,False,False
10,0,zipf,1000000,3,12.067522299999837,1.0422905000013998,0.08637154124019426,True,12,False,False
10,1,zipf,1000000,3,13.350071299995761,1.6834340000059456,0.1260992516202127,True,12,False,False
10,2,zipf,1000000,3,10.476753599999938,0.9360565000097267,0.0893460451346047,True,10,False,False
10,3,zipf,1000000,3,12.326971300004516,0.847117099998286,0.06872061915143549,True,11,False,False
10,4,zipf,1000000,3,6.518274500005646,0.8224640999978874,0.12617819332358204,True,11,False,False
10,5,zipf,1000000,3,8.865186499999254,0.9299642999976641,0.10490070344236326,True,10,False,False
10,6,zipf,1000000,3,9.754102100007003,1.0059805999917444,0.10313410600766852,True,10,False,False
10,7,zipf,1000000,3,12.324387400003616,0.9959242000040831,0.08080922545519714,True,10,False,False
10,8,zipf,1000000,3,13.744287100009387,0.9688118000049144,0.07048832674662717,True,11,False,False
10,9,zipf,1000000,3,10.566245699999854,1.0982338000030722,0.10393793890322722,True,10,False,False
10,10,zipf,1000000,3,10.771566299998085,0.940293899999233,0.08729407347187754,True,11,False,False
10,11,zipf,1000000,3,8.667821999988519,1.0937883000005968,0.12618952027418717,True,10,False,False
10,12,zipf,1000000,3,12.647736900005839,1.0604941000055987,0.08384852629288242,True,11,False,False
10,13,zipf,1000000,3,4.130455800011987,1.1702057000075001,0.28331151734007276,True,10,False,False
10,14,zipf,1000000,3,7.778152099999716,0.9619415000051958,0.12367224086621179,True,10,False,False
10,15,zipf,1000000,3,12.426822499997797,1.0291502000036417,0.08281684235884307,True,10,False,False
10,16,zipf,1000000,3,15.302234699993278,1.0486904999997932,0.06853185306328193,True,11,False,False
10,17,zipf,1000000,3,9.678369499990367,1.0027320999943186,0.10360547817432643,True,10,False,False
10,18,zipf,1000000,3,7.948466399990139,1.0953440000012051,0.13780570299731834,True,10,False,False
10,19,zipf,1000000,3,14.493182000005618,1.05241410000599,0.0726144265631648,True,10,False,False
10,20,zipf,1000000,3,4.340638200010289,0.9802192000061041,0.22582375098753463,True,10,False,False
10,21,zipf,1000000,3,10.451329200004693,0.9945726000005379,0.09516230720204387,True,10,False,False
10,22,zipf,1000000,3,14.058218799997121,1.0378873000008753,0.0738277953108176,True,10,False,False
10,23,zipf,1000000,3,11.284655700001167,0.926438299997244,0.08209717023064764,True,10,False,False
10,24,zipf,1000000,3,10.916323700002977,0.9368346999981441,0.0858196152609407,True,10,False,False
10,25,zipf,1000000,3,7.168673100008164,0.9319835000060266,0.13000781134865325,True,10,False,False
10,26,zipf,1000000,3,6.735195700006443,0.9204497999890009,0.1366626659397767,True,10,False,False
10,27,zipf,1000000,3,12.25244169999496,1.3563674999895738,0.11070181219390186,True,10,False,False
10,28,zipf,1000000,3,14.776523499996983,0.989529800004675,0.06696634698986383,True,10,False,False
10,29,zipf,1000000,3,12.055575599995791,1.0384537000063574,0.08613887336965644,True,10,False,False
10,30,zipf,1000000,3,14.632381799994619,0.9320093999995152,0.06369498915069711,True,10,False,False
10,31,zipf,1000000,3,11.552441399995587,1.0755583999998635,0.09310225975266789,True,10,False,False
10,32,zipf,1000000,3,4.431521400008933,1.0263279999926453,0.23159721173648773,True,10,False,False
10,33,zipf,1000000,3,10.944178599995212,0.9466643000050681,0.08649934678564934,True,10,False,False
10,34,zipf,1000000,3,13.97340339999937,0.8876989999989746,0.06352775874194075,True,11,False,False
10,35,zipf,1000000,3,13.799250900003244,0.9536633000097936,0.06910978769213982,True,10,False,False
10,36,zipf,1000000,3,12.558522100007394,1.0158720000035828,0.080891046885444,True,10,False,False
10,37,zipf,1000000,3,8.728448299996671,0.933183300003293,0.10691285185290596,True,10,False,False
10,38,zipf,1000000,3,6.183897399998386,0.9993617000000086,0.16160709587456437,True,10,False,False
10,39,zipf,1000000,3,9.806450300005963,0.9353792999900179,0.09538408612435931,True,10,False,False
10,40,zipf,1000000,3,15.911992800000007,0.9767806999880122,0.061386446830720774,True,10,False,False
10,41,zipf,1000000,3,14.204948199985665,1.2706940999923972,0.08945432831593708,True,10,False,False
10,42,zipf,1000000,3,7.951473699999042,1.1298776000039652,0.14209662795012468,True,10,False,False
10,43,zipf,1000000,3,13.535772399991401,1.1157677999872249,0.08243104028462636,True,10,False,False
10,44,zipf,1000000,3,10.82632459999877,0.9041064999910304,0.08351001225209274,True,10,False,False
10,45,zipf,1000000,3,13.942900900001405,1.0961652000114555,0.07861815900960359,True,12,False,False
10,46,zipf,1000000,3,12.854290899995249,0.96811400000297,0.07531446172603172,True,12,False,False
10,47,zipf,1000000,3,9.989811399995233,0.9761189999990165,0.09771145429226845,True,10,False,False
10,48,zipf,1000000,3,14.132656600006158,1.0815533999993932,0.07652866906841294,True,10,False,False
10,49,zipf,1000000,3,9.46219839999685,0.9763627999927849,0.10318561910444721,True,10,False,False
100,0,zipf,1000000,3,98.8597160000063,1.2055953000090085,0.012195010756544472,True,109,False,False
100,1,zipf,1000000,3,95.6858052000025,1.043674300002749,0.010907305402522983,True,105,False,False
100,2,zipf,1000000,3,91.92173960000218,0.8388778000080492,0.009126000048067294,True,103,False,False
100,3,zipf,1000000,3,98.88961070000369,1.0845406000007642,0.010967184442568787,True,101,False,False
100,4,zipf,1000000,3,78.7068173000007,0.7620169000001624,0.00968171406417873,True,100,False,False
100,5,zipf,1000000,3,74.85289110000303,0.8240949000028195,0.011009526658119769,True,100,False,False
100,6,zipf,1000000,3,86.60883409999951,0.7985840999899665,0.009220584808564823,True,105,False,False
100,7,zipf,1000000,3,80.4282191000093,0.6762325000017881,0.008407900952785239,True,100,False,False
100,8,zipf,1000000,3,97.81752399999823,0.874176899989834,0.008936812794299004,True,100,False,False
100,9,zipf,1000000,3,89.79199460000382,0.8443758000066737,0.009403686862822376,True,101,False,False
100,10,zipf,1000000,3,108.38971439999295,0.8947803999908501,0.008255215035338338,True,106,False,False
100,11,zipf,1000000,3,92.13448789999529,1.1921925000060583,0.012939698555660167,True,103,False,False
100,12,zipf,1000000,3,76.7102057000011,0.7513350000081118,0.009794459461449483,True,103,False,False
100,13,zipf,1000000,3,90.39760520000709,0.715515999996569,0.007915209682971922,True,102,False,False
100,14,zipf,1000000,3,84.80739119999635,0.6852893000032054,0.008080537442628408,True,102,False,False
100,15,zipf,1000000,3,85.37549829999625,0.679392399993958,0.007957697624284176,True,100,False,False
100,16,zipf,1000000,3,77.84512949999771,0.7555602999927942,0.0097059418469182,True,100,False,False
100,17,zipf,1000000,3,103.92116549999628,0.9120164000050863,0.008776040911561167,True,101,False,False
100,18,zipf,1000000,3,100.90824799999245,0.6945918999990681,0.006883400651244287,True,102,False,False
100,19,zipf,1000000,3,98.42396069999086,0.7006273000006331,0.00711846277083115,True,103,False,False
100,20,zipf,1000000,3,79.7251963000017,0.7735138999996707,0.009702251432395084,True,100,False,False
100,21,zipf,1000000,3,76.0836219000048,0.7870695000019623,0.010344795375756324,True,105,False,False
100,22,zipf,1000000,3,89.3917608000047,0.8456011999951443,0.009459498195667042,True,100,False,False
100,23,zipf,1000000,3,85.84559840000293,0.8071386000083294,0.009402212985311334,True,101,False,False
100,24,zipf,1000000,3,93.72528410000086,0.9096415000094566,0.009705401362549172,True,100,False,False
100,25,zipf,1000000,3,88.60231479999493,0.8748026999965077,0.009873361683283672,True,104,False,False
100,26,zipf,1000000,3,102.21276029999717,0.8718098999961512,0.008529364606115381,True,106,False,False
100,27,zipf,1000000,3,84.6023678000056,0.8820970000087982,0.010426386671517483,True,110,False,False
100,28,zipf,1000000,3,85.80577969999285,0.9388200999965193,0.010941222179659274,True,108,False,False
100,29,zipf,1000000,3,89.8877674999967,1.062472199992044,0.011819986518099729,True,102,False,False
100,30,zipf,1000000,3,95.76418209999974,0.7843683999963105,0.008190623913826677,True,111,False,False
100,31,zipf,1000000,3,108.87869760001195,2.3080045000097016,0.021197943683057507,True,123,False,False
100,32,zipf,1000000,3,74.92401339999924,1.0750138000003062,0.014348054131338312,True,106,False,False
100,33,zipf,1000000,3,71.42030579999846,0.8597477000002982,0.012037860806811566,True,105,False,False
100,34,zipf,1000000,3,85.42147919999843,0.9879090999893378,0.011565113473115273,True,105,False,False
100,35,zipf,1000000,3,80.1640778999863,0.8289747999951942,0.010340975929760379,True,100,False,False
100,36,zipf,1000000,3,84.40866939999978,0.7963983999943594,0.00943503085234467,True,100,False,False
100,37,zipf,1000000,3,90.6958169999998,0.7370061000110582,0.008126131109343883,True,100,False,False
100,38,zipf,1000000,3,98.27418500000203,0.8038028000009945,0.008179185612182668,True,101,False,False
100,39,zipf,1000000,3,77.21458369999891,0.8007727999938652,0.010370745546011103,True,101,False,False
100,40,zipf,1000000,3,90.64112980000209,0.9522737999941455,0.010505978931367243,True,100,False,False
100,41,zipf,1000000,3,109.78015259999665,0.8942394999903627,0.008145730159883107,True,102,False,False
100,42,zipf,1000000,3,97.05749370000558,0.7967922999960138,0.008209487692509496,True,104,False,False
100,43,zipf,1000000,3,94.22655549999035,0.9338263999961782,0.009910437615394674,True,101,False,False
100,44,zipf,1000000,3,80.90574599998945,0.823344200005522,0.01017658498576392,True,102,False,False
100,45,zipf,1000000,3,71.38938980000967,0.9087311999901431,0.012729219321468692,True,103,False,False
100,46,zipf,1000000,3,108.89895499999693,0.8512637000094401,0.007817005222956126,True,103,False,False
100,47,zipf,1000000,3,72.76552049999009,0.8538191999978153,0.011733843091219717,True,101,False,False
100,48,zipf,1000000,3,92.15564140000788,0.6758498000126565,0.007333786513178115,True,102,False,False
100,49,zipf,1000000,3,92.60521449999942,0.6411776999884751,0.00692377533436283,True,100,False,False
1000,0,zipf,1000000,3,898.4759594000061,0.7957169999863254,0.0008856297062391049,True,1038,False,False
1000,1,zipf,1000000,3,883.3132980999944,0.8652982000057818,0.0009796050867421978,True,1009,False,False
1000,2,zipf,1000000,3,904.6641452999902,0.9287410999968415,0.00102661424664826,True,1017,False,False
1000,3,zipf,1000000,3,887.0275915000093,0.8782768000091892,0.0009901347020378226,True,1016,False,False
1000,4,zipf,1000000,3,898.7542189999949,0.6218023999972502,0.0006918492140032487,True,1013,False,False
1000,5,zipf,1000000,3,844.4836682000023,0.6574633999989601,0.0007785389164485896,True,1014,False,False
1000,6,zipf,1000000,3,835.5003959000023,0.6731719999952475,0.0008057111681797655,True,1017,False,False
1000,7,zipf,1000000,3,856.6865169000084,0.73148719999881,0.0008538563238344842,True,1009,False,False
1000,8,zipf,1000000,3,828.2804463999928,0.8054082000016933,0.0009723858670119395,True,1012,False,False
1000,9,zipf,1000000,3,781.9229551000026,0.6611241999926278,0.0008455106678740166,True,1014,False,False
10000,0,zipf,1000000,3,8551.74120260001,0.9104416000045603,0.0001064627165901321,True,10170,False,False
1,0,uniform,1000000,4,0.0024004000006243587,2.8432052999996813,1184.471462781264,True,1,True,True
1,1,uniform,1000000,4,0.028057399991666898,2.361103200004436,84.15260147788777,True,2,False,False
1,2,uniform,1000000,4,0.0022148000134620816,1.234518900004332,557.3952015986239,True,1,False,False
1,3,uniform,1000000,4,0.0021100000012665987,1.1943982999946456,566.0655446813591,True,1,False,False
1,4,uniform,1000000,4,0.0022613000037381425,1.2003079999994952,530.8044036683646,True,1,False,False
1,5,uniform,1000000,4,0.0022345000033965334,1.1816143999894848,528.8048324875281,True,1,False,False
1,6,uniform,1000000,4,3.9300008211284876e-05,1.416084900003625,36032.687127963516,True,1,False,False
1,7,uniform,1000000,4,0.0022976000036578625,0.8354848000017228,363.63370415720783,True,1,False,False
1,8,uniform,1000000,4,0.027986299988697283,0.8229299999948125,29.404744475945947,True,2,False,False
1,9,uniform,1000000,4,0.002275300008477643,0.831604500010144,365.49224142382593,True,1,False,False
1,10,uniform,1000000,4,0.0021506000048248097,0.8320883999986108,386.90988474465,True,1,False,False
1,11,uniform,1000000,4,3.720000677276403e-05,0.8795031000045128,23642.55214728726,True,1,False,False
1,12,uniform,1000000,4,0.02841269999044016,0.8426860000035958,29.658779358777203,True,2,False,False
1,13,uniform,1000000,4,0.028180900000734255,0.7928673999995226,28.134921169262316,True,2,False,False
1,14,uniform,1000000,4,0.027815400011604652,0.8006635000056121,28.78489971999588,True,3,False,False
1,15,uniform,1000000,4,0.0022987000120338053,0.7927577000082238,344.8721868265102,True,1,False,False
1,16,uniform,1000000,4,0.027736699994420633,0.7983090000052471,28.78168636376464,True,2,False,False
1,17,uniform,1000000,4,3.4900003811344504e-05,0.7825372999941465,22422.269757454207,True,1,False,False
1,18,uniform,1000000,4,0.0021320999949239194,0.8100852999923518,379.9471422170602,True,1,False,False
1,19,uniform,1000000,4,0.0023744000063743442,0.8722035999962827,367.33642084516254,True,1,False,False
1,20,uniform,1000000,4,3.0099996365606785e-05,0.8383122000086587,27850.907017601534,True,1,False,False
1,21,uniform,1000000,4,3.929999365936965e-05,0.8946756000077585,22765.286115878436,True,1,False,False
1,22,uniform,1000000,4,3.169999399688095e-05,0.8506736999988789,26835.137573924432,True,1,False,False
1,23,uniform,1000000,4,0.027097099999082275,0.8005152999976417,29.54247133548437,True,2,False,False
1,24,uniform,1000000,4,0.0022353999956976622,0.8203734999988228,366.99181425147424,True,1,False,False
1,25,uniform,1000000,4,0.02763960001175292,0.9129078999976628,33.02898376277066,True,2,False,False
1,26,uniform,1000000,4,0.0023962999985087663,0.9292585999937728,387.78892483080443,True,1,False,False
1,27,uniform,1000000,4,3.2099997042678297e-05,0.8115430000034394,25281.715724909845,True,1,False,False
1,28,uniform,1000000,4,0.02740289999928791,0.7843309999880148,28.622189622572662,True,2,False,False
1,29,uniform,1000000,4,0.0022643999982392415,0.7900126999884378,348.8838988706669,True,1,False,False
1,30,uniform,1000000,4,0.0024558000004617497,0.7915031000011368,322.2994950127515,True,1,False,False
1,31,uniform,1000000,4,3.330000618007034e-05,0.8112295999890193,24361.244727772173,True,1,False,False
1,32,uniform,1000000,4,3.470000228844583e-05,0.7985993000038434,23014.38753131597,True,1,False,False
1,33,uniform,1000000,4,0.027837799992994405,0.8208043999911752,29.485246686079247,True,2,False,False
1,34,uniform,1000000,4,0.02765699999872595,0.8089029999973718,29.247676900409836,True,2,False,False
1,35,uniform,1000000,4,0.0026184000016655773,0.8644946999993408,330.1614342535256,True,1,False,False
1,36,uniform,1000000,4,0.02931959999841638,0.8348000999976648,28.472424591152482,True,3,False,False
1,37,uniform,1000000,4,0.0027381999971112236,0.8243760999903316,301.06497000220617,True,1,False,False
1,38,uniform,1000000,4,0.029194200003985316,0.834673199991812,28.59037753656104,True,2,False,False
1,39,uniform,1000000,4,0.028219100000569597,0.8144021000043722,28.859960097520247,True,2,False,False
1,40,uniform,1000000,4,0.002203299998654984,0.8399109000019962,381.20587324228393,True,1,False,False
1,41,uniform,1000000,4,3.440000000409782e-05,0.8025043999950867,23328.61627614797,True,1,False,False
1,42,uniform,1000000,4,0.00221800000872463,0.7869657000119332,354.8087001426324,True,1,False,False
1,43,uniform,1000000,4,0.027534399996511638,0.7896732999943197,28.679517261838434,True,2,False,False
1,44,uniform,1000000,4,0.028061300006811507,0.799146400007885,28.478595069148714,True,2,False,False
1,45,uniform,1000000,4,0.002290999997057952,0.7902151000016602,344.9214757819449,True,1,False,False
1,46,uniform,1000000,4,0.0021782000112580135,0.7852836999954889,360.51955556732844,True,1,False,False
1,47,uniform,1000000,4,3.500000457279384e-05,0.7805313999997452,22300.8942292101,True,1,False,False
1,48,uniform,1000000,4,0.0023647000052733347,0.8238020999997389,348.3748882152668,True,1,False,False
1,49,uniform,1000000,4,0.0022733999940101057,0.810938000009628,356.70713563220994,True,1,False,False
10,0,uniform,1000000,4,0.06452569999964908,0.9988536000018939,15.479934351852458,True,12,False,False
10,1,uniform,1000000,4,0.09203270000580233,0.7535691999946721,8.188059243585837,True,13,False,False
10,2,uniform,1000000,4,0.06742859999940265,0.6881028000061633,10.204910082847029,True,12,False,False
10,3,uniform,1000000,4,0.06526040000608191,0.7172893000097247,10.99118761060118,True,12,False,False
10,4,uniform,1000000,4,0.09404869998979848,0.7060854000010295,7.5076572039551746,True,13,False,False
10,5,uniform,1000000,4,0.06737029999203514,0.7225574999902165,10.725163760227295,True,13,False,False
10,6,uniform,1000000,4,0.1717136999941431,0.6551428999955533,3.8153210839781524,True,17,False,False
10,7,uniform,1000000,4,0.005650999999488704,0.7033781000063755,124.46966909750775,True,10,False,False
10,8,uniform,1000000,4,0.03926510000019334,0.7054604000004474,17.96660138384911,True,11,False,False
10,9,uniform,1000000,4,0.06212999999115709,0.714579399995273,11.501358443537397,True,12,False,False
10,10,uniform,1000000,4,0.09464730000763666,0.688872500002617,7.2783111609843605,True,13,False,False
10,11,uniform,1000000,4,0.03605439999955706,0.7192770999972709,19.949773120787125,True,11,False,False
10,12,uniform,1000000,4,0.09092639999289531,0.7468018999934429,8.213257096418593,True,14,False,False
10,13,uniform,1000000,4,0.09410500001104083,0.7607314000051701,8.083857392443734,True,13,False,False
10,14,uniform,1000000,4,0.01155070000095293,0.6755815999931656,58.48836866488008,True,10,False,False
10,15,uniform,1000000,4,0.14341230000718497,0.7219967999990331,5.034413365958575,True,15,False,False
10,16,uniform,1000000,4,0.14218830000027083,0.7156532000080915,5.033137044375159,True,16,False,False
10,17,uniform,1000000,4,0.1465823000035016,0.746907699998701,5.095483560981501,True,15,False,False
10,18,uniform,1000000,4,0.09164110000710934,0.6691032000089763,7.301344047125891,True,13,False,False
10,19,uniform,1000000,4,0.09057240000402089,0.7068887000059476,7.8046811167040495,True,13,False,False
10,20,uniform,1000000,4,0.1163076000084402,0.7231112000008579,6.217230859792338,True,15,False,False
10,21,uniform,1000000,4,0.09543960000155494,0.7039528000022983,7.375898473912603,True,13,False,False
10,22,uniform,1000000,4,0.11513969999214169,0.6707433999981731,5.825474619474877,True,14,False,False
10,23,uniform,1000000,4,0.06695209999452345,0.7127212000050349,10.645240404159603,True,13,False,False
10,24,uniform,1000000,4,0.04111190000548959,0.7076334000012139,17.212374030553807,True,11,False,False
10,25,uniform,1000000,4,0.04195159999653697,0.7276855000091018,17.345834248733563,True,11,False,False
10,26,uniform,1000000,4,0.06284379999851808,0.7263478999957442,11.55798821861301,True,12,False,False
10,27,uniform,1000000,4,0.010714399992139079,0.7240657000074862,67.57874454367182,True,10,False,False
10,28,uniform,1000000,4,0.11681120000139344,0.7091114000068046,6.0705771364248085,True,14,False,False
10,29,uniform,1000000,4,0.09275869998964481,0.8061757999967085,8.69110714236731,True,13,False,False
10,30,uniform,1000000,4,0.06597479998890776,0.7138284999964526,10.81971449881572,True,12,False,False
10,31,uniform,1000000,4,0.036104500002693385,0.7496912000060547,20.764480880503207,True,12,False,False
10,32,uniform,1000000,4,0.12086370000906754,0.7542496000096435,6.240497353242185,True,15,False,False
10,33,uniform,1000000,4,0.12020059999485966,0.723999099995126,6.023256955673163,True,15,False,False
10,34,uniform,1000000,4,0.11915900000894908,0.6805790000071283,5.7115199016105835,True,14,False,False
10,35,uniform,1000000,4,0.06571189999522176,0.7592469999945024,11.554178163311532,True,12,False,False
10,36,uniform,1000000,4,0.15465939999558032,0.7379450000007637,4.7714202953189515,True,15,False,False
10,37,uniform,1000000,4,0.009126300006755628,0.7440582999988692,81.52902046262884,True,10,False,False
10,38,uniform,1000000,4,0.09000799999921583,0.6683649000042351,7.42561661196847,True,13,False,False
10,39,uniform,1000000,4,0.1186667000001762,0.7432809999882011,6.263602173036727,True,14,False,False
10,40,uniform,1000000,4,0.1183210000017425,0.8012167999986559,6.771551964459872,True,14,False,False
10,41,uniform,1000000,4,0.06048939999891445,0.8070311999908881,13.341696231163992,True,14,False,False
10,42,uniform,1000000,4,0.03865610000502784,0.7595892000099411,19.64991812187842,True,12,False,False
10,43,uniform,1000000,4,0.1251095999905374,0.7675963000074262,6.135390889791695,True,14,False,False
10,44,uniform,1000000,4,0.040529999998398125,0.7548501999990549,18.62448063234367,True,11,False,False
10,45,uniform,1000000,4,0.04429520000121556,0.769712499997695,17.376882821989117,True,11,False,False
10,46,uniform,1000000,4,0.04234590000123717,0.6928104999969946,16.360745667862854,True,11,False,False
10,47,uniform,1000000,4,0.06751210000948049,0.7732741000072565,11.45385938074313,True,13,False,False
10,48,uniform,1000000,4,0.08884660000330769,0.722165799990762,8.128232256089444,True,13,False,False
10,49,uniform,1000000,4,0.06539010000415146,0.7207806000078563,11.022778676926562,True,12,False,False
100,0,uniform,1000000,4,0.9140602999978,0.9929386000003433,1.0862944162466448,True,134,False,False
100,1,uniform,1000000,4,0.879775100009283,0.8592341000039596,0.9766519875305556,True,128,False,False
100,2,uniform,1000000,4,0.9572861999913584,0.8527700999984518,0.8908204254967321,True,135,False,False
100,3,uniform,1000000,4,0.5688215999980457,0.7984020000003511,1.403607036025169,True,118,False,False
100,4,uniform,1000000,4,0.595984799991129,0.7671796000067843,1.287246923106434,True,123,False,False
100,5,uniform,1000000,4,0.7357482999941567,0.7580848999932641,1.0303590235944613,True,125,False,False
100,6,uniform,1000000,4,0.9821142000000691,0.7183848999993643,0.7314677865357345,True,135,False,False
100,7,uniform,1000000,4,0.9705943000008119,0.6882285000028787,0.7090794784209046,True,135,False,False
100,8,uniform,1000000,4,0.758781699987594,0.7277012999984436,0.9590390754156846,True,129,False,False
100,9,uniform,1000000,4,0.7368808000028366,0.6966421999968588,0.945393339050464,True,126,False,False
100,10,uniform,1000000,4,0.9421226999984356,0.7106296999991173,0.7542857209578936,True,130,False,False
100,11,uniform,1000000,4,0.9008668000024045,0.7096523999935016,0.7877439816758787,True,131,False,False
100,12,uniform,1000000,4,0.6182671999995364,0.7168254999996861,1.1594105267111432,True,120,False,False
100,13,uniform,1000000,4,1.0325299999967683,0.7017368999950122,0.6796285822176679,True,137,False,False
100,14,uniform,1000000,4,0.8362004999944475,0.692777100004605,0.8284820446880924,True,135,False,False
100,15,uniform,1000000,4,0.8823933999956353,0.7003529999929015,0.7936970063424836,True,130,False,False
100,16,uniform,1000000,4,0.6903588999994099,0.7407863999978872,1.0730453391685404,True,125,False,False
100,17,uniform,1000000,4,0.621104000005289,0.68315199999779,1.0998995337205566,True,121,False,False
100,18,uniform,1000000,4,0.9249830999906408,0.7466241999936756,0.8071760446231181,True,133,False,False
100,19,uniform,1000000,4,0.6724498999974458,0.8103568000078667,1.2050813004968024,True,124,False,False
100,20,uniform,1000000,4,1.0022510999988299,0.6854476000007708,0.6839080545799062,True,134,False,False
100,21,uniform,1000000,4,1.0715523000108078,0.705248099999153,0.6581555561889418,True,138,False,False
100,22,uniform,1000000,4,0.9461142000072869,0.6867067999992287,0.7258180883385322,True,133,False,False
100,23,uniform,1000000,4,0.8885334999940824,0.6788225999916904,0.7639808740989634,True,131,False,False
100,24,uniform,1000000,4,1.0109844999969937,0.6887649999989662,0.6812814637623172,True,138,False,False
100,25,uniform,1000000,4,0.7136304000014206,0.7371947999927215,1.0330204542733241,True,124,False,False
100,26,uniform,1000000,4,0.7595004000031622,0.74361730000237,0.9790874369510193,True,125,False,False
100,27,uniform,1000000,4,0.9882675999979256,0.7851108000031672,0.7944313868073943,True,135,False,False
100,28,uniform,1000000,4,0.5745127000118373,0.6548293000087142,1.139799520524476,True,118,False,False
100,29,uniform,1000000,4,0.6733489000034751,0.7217798000056064,1.071925416380544,True,124,False,False
100,30,uniform,1000000,4,0.8396704000042519,0.6990748999960488,0.8325587039777856,True,129,False,False
100,31,uniform,1000000,4,0.9194071000092663,0.7105089999968186,0.7727904211199345,True,132,False,False
100,32,uniform,1000000,4,0.8281992999982322,0.747182300008717,0.9021769277157224,True,128,False,False
100,33,uniform,1000000,4,0.8214214999898104,0.8243625000031898,1.0035803786648096,True,129,False,False
100,34,uniform,1000000,4,0.7879997999989428,0.7622119000006933,0.9672742302748248,True,128,False,False
100,35,uniform,1000000,4,0.9637336000014329,0.7711917999986326,0.8002126313718708,True,134,False,False
100,36,uniform,1000000,4,0.7087057000026107,0.6897113000013633,0.9731984658777579,True,127,False,False
100,37,uniform,1000000,4,0.7493021999980556,0.6471879999880912,0.8637209392816018,True,125,False,False
100,38,uniform,1000000,4,0.9408699000050547,0.7907546000060393,0.8404505235014863,True,135,False,False
100,39,uniform,1000000,4,0.9688446999934968,0.7447981000004802,0.7687486962621353,True,136,False,False
100,40,uniform,1000000,4,0.7012244000070496,0.7589167000114685,1.0822736630440113,True,122,False,False
100,41,uniform,1000000,4,0.8448723000037717,0.7734685000032187,0.9154856893755018,True,129,False,False
100,42,uniform,1000000,4,0.7463656000036281,0.7904344999988098,1.059044655856282,True,126,False,False
100,43,uniform,1000000,4,0.8202267000015127,0.6971573000046192,0.8499568473000616,True,131,False,False
100,44,uniform,1000000,4,0.7967046999983722,0.7062434999970719,0.8864557972339248,True,127,False,False
100,45,uniform,1000000,4,0.6637025000090944,0.7928683000063756,1.1946140025018912,True,123,False,False
100,46,uniform,1000000,4,0.7042902999965008,0.6742832000018097,0.9573938474023564,True,126,False,False
100,47,uniform,1000000,4,0.7801005999936024,0.6727458999957889,0.8623835182299644,True,129,False,False
100,48,uniform,1000000,4,0.7957298999972409,0.702361200004816,0.8826628231605366,True,128,False,False
100,49,uniform,1000000,4,0.7289920000039274,0.6242966999998316,0.8563834719674129,True,126,False,False
1000,0,uniform,1000000,4,7.939914200003841,0.6815826999954879,0.08584257749223011,True,1280,False,False
1000,1,uniform,1000000,4,7.432100999998511,0.6651273999887053,0.08949385913738774,True,1268,False,False
1000,2,uniform,1000000,4,7.922486399998888,0.6781358000007458,0.085596335009277,True,1266,False,False
1000,3,uniform,1000000,4,7.5245829000050435,0.7638800999993691,0.10151793264166936,True,1263,False,False
1000,4,uniform,1000000,4,7.125411299988627,0.8093950000038603,0.11359274095590133,True,1262,False,False
1000,5,uniform,1000000,4,7.886075200003688,0.6654111000098055,0.0843779805713106,True,1280,False,False
1000,6,uniform,1000000,4,8.22536169999512,0.7079766000097152,0.08607239727951846,True,1292,False,False
1000,7,uniform,1000000,4,7.615288700006204,0.6509513999917544,0.08547954327604469,True,1275,False,False
1000,8,uniform,1000000,4,7.963593599997694,0.6678517000109423,0.08386310672748741,True,1295,False,False
1000,9,uniform,1000000,4,8.140216999992845,0.7364862999966135,0.09047502050587361,True,1290,False,False
10000,0,uniform,1000000,4,79.5877901000058,0.6745296000008238,0.008475289980451092,True,12831,False,False
1,0,zipf,1000000,4,1.508591499994509,2.7009816999925533,1.7903996542486051,True,1,True,True
1,1,zipf,1000000,4,1.7953094999975292,2.0288319000101183,1.130073616840389,True,2,False,False
1,2,zipf,1000000,4,1.5048870999889914,1.9068951999943238,1.267135056183466,True,1,False,False
1,3,zipf,1000000,4,0.0024606999941170216,1.2571600999945076,510.89531556065094,True,1,False,False
1,4,zipf,1000000,4,3.260000084992498e-05,1.2120341999980155,37178.96222081861,True,1,False,False
1,5,zipf,1000000,4,0.002547500000218861,0.9748995999980252,382.68875364642577,True,1,False,False
1,6,zipf,1000000,4,0.0021985999919706956,0.9902142000064487,450.38397326604144,True,1,False,False
1,7,zipf,1000000,4,1.2537454000121215,0.9882014000031631,0.7881994223018557,True,1,False,False
1,8,zipf,1000000,4,3.199999628122896e-05,1.0015895000105957,31299.67551271633,True,1,False,False
1,9,zipf,1000000,4,1.984908099999302,1.0320576999947662,0.5199523846948526,True,2,False,False
1,10,zipf,1000000,4,3.3800009987317026e-05,0.9932641999912448,29386.506109434675,True,1,False,False
1,11,zipf,1000000,4,3.510000533424318e-05,1.0120017000008374,28831.95288331024,True,1,False,False
1,12,zipf,1000000,4,3.3500007702969015e-05,0.9401944999990519,28065.501009294545,True,1,False,False
1,13,zipf,1000000,4,1.885985899993102,1.0709652000077767,0.567854298386692,True,1,False,False
1,14,zipf,1000000,4,1.8996960000076797,1.1080612000077963,0.5832834306138018,True,1,False,False
1,15,zipf,1000000,4,3.440000000409782e-05,1.1103326000011293,32277.11046130417,True,1,False,False
1,16,zipf,1000000,4,5.60000044060871e-05,1.1825233999988995,21116.48762424671,True,1,False,False
1,17,zipf,1000000,4,3.3200005418621004e-05,1.06936599999608,32209.814019979076,True,1,False,False
1,18,zipf,1000000,4,1.911180900002364,1.1107125999988057,0.5811656028989364,True,2,False,False
1,19,zipf,1000000,4,1.4502099999954225,1.1240090999926906,0.7750664386511185,True,1,False,False
1,20,zipf,1000000,4,0.0023896000056993216,1.1300747000059346,472.9137501299996,True,1,False,False
1,21,zipf,1000000,4,0.0025929000112228096,0.7555704999977024,291.3997827634611,True,1,False,False
1,22,zipf,1000000,4,1.9940082000102848,0.773324900001171,0.38782433291757895,True,1,False,False
1,23,zipf,1000000,4,0.0022887000086484477,0.7765433999884408,339.2945327277799,True,1,False,False
1,24,zipf,1000000,4,0.002585799986263737,0.8060200000036275,311.71011071442473,True,1,False,False
1,25,zipf,1000000,4,0.0024911000073188916,0.7746822000044631,310.97996777665867,True,1,False,False
1,26,zipf,1000000,4,1.4301758999936283,0.7179908999969484,0.5020297852873533,True,1,False,False
1,27,zipf,1000000,4,0.0024896000104490668,0.6660206999949878,267.5211669343032,True,1,False,False
1,28,zipf,1000000,4,3.339999238960445e-05,0.7259540999948513,21735.157646946056,True,1,False,False
1,29,zipf,1000000,4,3.429999924264848e-05,0.7143151999916881,20825.516494575062,True,1,False,False
1,30,zipf,1000000,4,0.0023409999994328246,0.7462436000059824,318.77129439845436,True,1,False,False
1,31,zipf,1000000,4,3.070000093430281e-05,0.7274976000044262,23696.989506979233,True,1,False,False
1,32,zipf,1000000,4,1.47646179998992,0.7577110999991419,0.5131938394913534,True,1,False,False
1,33,zipf,1000000,4,2.9799994081258774e-05,0.7973716999986209,26757.444911711853,True,1,False,False
1,34,zipf,1000000,4,1.4779782999976305,0.7452014000009513,0.5042032078563982,True,1,False,False
1,35,zipf,1000000,4,1.972966000001179,0.7111309000028996,0.3604374834652369,True,2,False,False
1,36,zipf,1000000,4,1.3827591999870492,0.7114245999982813,0.5144963779701806,True,1,False,False
1,37,zipf,1000000,4,1.8940807999897515,0.7355267999955686,0.3883291568129239,True,1,False,False
1,38,zipf,1000000,4,1.4016709999996237,0.7452889999985928,0.5317146463034427,True,1,False,False
1,39,zipf,1000000,4,1.9075105999945663,0.706931299995631,0.37060412665473247,True,1,False,False
1,40,zipf,1000000,4,1.394796900000074,0.7323297999973875,0.5250440404601907,True,1,False,False
1,41,zipf,1000000,4,0.00248759999522008,0.7085768999968423,284.8435847235777,True,1,False,False
1,42,zipf,1000000,4,1.8801793000020552,0.7175047000055201,0.38161504065316315,True,1,False,False
1,43,zipf,1000000,4,0.002228199999080971,0.7131590000062715,320.0605871557385,True,1,False,False
1,44,zipf,1000000,4,3.229999856557697e-05,0.7177932999911718,22222.703773000925,True,1,False,False
1,45,zipf,1000000,4,0.0021707999985665083,0.7198929000005592,331.62562210979445,True,1,False,False
1,46,zipf,1000000,4,0.002297700004419312,0.7079942999989726,308.1317398429918,True,1,False,False
1,47,zipf,1000000,4,1.381787299993448,0.7092401999980211,0.5132774052861712,True,1,False,False
1,48,zipf,1000000,4,1.4500037999969209,0.7092965000047116,0.4891687180448891,True,1,False,False
1,49,zipf,1000000,4,4.440000338945538e-05,0.786892899996019,17722.811710030168,True,1,False,False
10,0,zipf,1000000,4,8.917865800001891,0.781930499986629,0.08768134860096943,True,10,False,False
10,1,zipf,1000000,4,11.566470999998273,1.1460195000108797,0.09908117177755002,True,11,False,False
10,2,zipf,1000000,4,9.202294300004723,1.1668708999932278,0.1268021714968004,True,10,False,False
10,3,zipf,1000000,4,1.9785912000079406,1.1574257999891415,0.5849747032052384,True,10,False,False
10,4,zipf,1000000,4,5.182089100009762,1.107197500008624,0.213658522391392,True,10,False,False
10,5,zipf,1000000,4,5.463477900004364,0.8894197000045097,0.16279368495364452,True,11,False,False
10,6,zipf,1000000,4,7.722058300001663,0.9094937999907415,0.11777867566611686,True,11,False,False
10,7,zipf,1000000,4,9.174380199998268,2.2055168000078993,0.24039954219559329,True,10,False,False
10,8,zipf,1000000,4,11.732001599986688,2.0791157000057865,0.17721747497955895,True,12,False,False
10,9,zipf,1000000,4,11.855261300006532,1.0457249000028241,0.08820766354616308,True,14,False,False
10,10,zipf,1000000,4,5.7503536000003805,0.938125200002105,0.16314217616148735,True,10,False,False
10,11,zipf,1000000,4,9.10434219999297,1.9386751999991247,0.21293962346896644,True,10,False,False
10,12,zipf,1000000,4,1.9035196000040742,0.9625868999864906,0.5056879372213611,True,10,False,False
10,13,zipf,1000000,4,8.127707299994654,0.7600108000042383,0.09350863311782133,True,10,False,False
10,14,zipf,1000000,4,4.8356010999996215,0.859203100000741,0.17768279108068039,True,10,False,False
10,15,zipf,1000000,4,10.842187300004298,0.9545979000104126,0.08804477118837765,True,12,False,False
10,16,zipf,1000000,4,7.788409799992223,0.9938417000084883,0.12760521409768147,True,10,False,False
10,17,zipf,1000000,4,10.489528500009328,0.9133058000006713,0.087068336770319,True,10,False,False
10,18,zipf,1000000,4,11.098692100000335,1.039520000005723,0.09366148647422083,True,10,False,False
10,19,zipf,1000000,4,10.670134700005292,0.768622100003995,0.07203490130294361,True,12,False,False
10,20,zipf,1000000,4,8.846916299997247,1.0159312000032514,0.11483449888675533,True,12,False,False
10,21,zipf,1000000,4,7.723134100000607,0.8748150000028545,0.11327201996955948,True,10,False,False
10,22,zipf,1000000,4,11.319302799995057,0.9211098999949172,0.08137514441219112,True,10,False,False
10,23,zipf,1000000,4,6.122720100000151,0.9256395999982487,0.15118110658010087,True,10,False,False
10,24,zipf,1000000,4,8.52447740000207,0.8912160999898333,0.10454788700473497,True,10,False,False
10,25,zipf,1000000,4,4.7765937999938615,0.9239270999969449,0.19342802396095146,True,10,False,False
10,26,zipf,1000000,4,6.906289799997467,0.9487389999994775,0.13737318118330707,True,10,False,False
10,27,zipf,1000000,4,6.971921199990902,0.7492100999952527,0.10746106826282407,True,10,False,False
10,28,zipf,1000000,4,10.951413999995566,1.0094091999926604,0.09217158624384661,True,10,False,False
10,29,zipf,1000000,4,6.727635699993698,0.9443136999907438,0.14036338204097887,True,10,False,False
10,30,zipf,1000000,4,7.254635000004782,0.9822807000018656,0.13540043020789028,True,10,False,False
10,31,zipf,1000000,4,6.166412599995965,0.9092667999939295,0.147454745404893,True,10,False,False
10,32,zipf,1000000,4,5.271249699988402,0.9251373000006424,0.17550625613555698,True,10,False,False
10,33,zipf,1000000,4,7.488411000013002,0.8412011000036728,0.11233372473842744,True,10,False,False
10,34,zipf,1000000,4,7.36974390000978,0.9227272999996785,0.12520479850031885,True,10,False,False
10,35,zipf,1000000,4,4.75014309999824,0.7963073999999324,0.16763861282415415,True,10,False,False
10,36,zipf,1000000,4,8.61484150000615,0.7281402000080561,0.0845216014720104,True,10,False,False
10,37,zipf,1000000,4,9.808194299999741,0.6953224000026239,0.07089198875297997,True,10,False,False
10,38,zipf,1000000,4,6.124158899998292,0.7047132999869063,0.11507103448721796,True,12,False,False
10,39,zipf,1000000,4,6.518962300004205,0.8359976000065217,0.12824090116397552,True,10,False,False
10,40,zipf,1000000,4,8.225502100001904,0.82381690001057,0.10015399546373945,True,10,False,False
10,41,zipf,1000000,4,11.173138999991352,0.8413342999992892,0.07529972552923045,True,10,False,False
10,42,zipf,1000000,4,10.350238400002127,0.809294199993019,0.07819087529354422,True,10,False,False
10,43,zipf,1000000,4,9.282967799998005,0.8528028000000631,0.09186747367584819,True,11,False,False
10,44,zipf,1000000,4,8.78370050000376,0.7953140000026906,0.09054429849951624,True,10,False,False
10,45,zipf,1000000,4,9.89248910000606,0.890994099987438,0.09006773633815701,True,10,False,False
10,46,zipf,1000000,4,10.398829399986425,0.794891400000779,0.07644046934761874,True,10,False,False
10,47,zipf,1000000,4,8.89866589999292,0.8226633000012953,0.09244793649371079,True,10,False,False
10,48,zipf,1000000,4,4.997668399999384,0.8155257000034908,0.16318123467407147,True,10,False,False
10,49,zipf,1000000,4,12.39786230000027,0.8188101000123424,0.06604445832668464,True,10,False,False
100,0,zipf,1000000,4,84.8701471999957,0.7311483999947086,0.008614906702963108,True,105,False,False
100,1,zipf,1000000,4,88.9857398000022,0.9305004000052577,0.010456736125322798,True,100,False,False
100,2,zipf,1000000,4,93.79286400000274,0.8682552000100259,0.009257156280140892,True,116,False,False
100,3,zipf,1000000,4,98.98894429999928,1.1058698999986518,0.011171650610265775,True,113,False,False
100,4,zipf,1000000,4,75.72591690000263,0.6375320000079228,0.008418940649471365,True,104,False,False
100,5,zipf,1000000,4,80.46835419999843,0.6182296000042697,0.00768289107128628,True,100,False,False
100,6,zipf,1000000,4,73.91421040000569,0.665106200001901,0.00899835358319474,True,103,False,False
100,7,zipf,1000000,4,79.96600970000145,0.6334406000096351,0.007921373123231178,True,101,False,False
100,8,zipf,1000000,4,89.50818800000707,0.6675952999939909,0.007458483016033552,True,100,False,False
100,9,zipf,1000000,4,82.41514959999768,0.7124286000034772,0.00864438884672603,True,101,False,False
100,10,zipf,1000000,4,91.90334209999128,0.7059925000066869,0.007681902353872655,True,101,False,False
100,11,zipf,1000000,4,91.32467129999714,0.748303999993368,0.008193886595389164,True,100,False,False
100,12,zipf,1000000,4,84.90688980001141,0.7800668999989284,0.009187321568794805,True,101,False,False
100,13,zipf,1000000,4,90.97846019999997,0.8025633000070229,0.00882146497360727,True,101,False,False
100,14,zipf,1000000,4,82.94020050000108,0.7797391000058269,0.009401220340741962,True,101,False,False
100,15,zipf,1000000,4,84.68065709999064,0.7377143999910913,0.008711722667905146,True,101,False,False
100,16,zipf,1000000,4,96.85083749999467,0.7796908000018448,0.008050429094140645,True,101,False,False
100,17,zipf,1000000,4,93.31836329998623,0.7597724000079324,0.008141724448868945,True,101,False,False
100,18,zipf,1000000,4,96.53464820000227,0.8345628999959445,0.00864521615355019,True,104,False,False
100,19,zipf,1000000,4,77.8681241000013,0.6513874000083888,0.008365263803862176,True,101,False,False
100,20,zipf,1000000,4,92.31829710000602,0.7199479999981122,0.007798540729344381,True,103,False,False
100,21,zipf,1000000,4,72.3554210000002,0.7201887000119314,0.009953486415508927,True,102,False,False
100,22,zipf,1000000,4,80.03899850000744,0.7406961000087904,0.009254190005997158,True,101,False,False
100,23,zipf,1000000,4,98.93070009999792,0.720941200008383,0.00728733547098792,True,101,False,False
100,24,zipf,1000000,4,92.94292560000031,0.7290150000044378,0.007843684662369132,True,101,False,False
100,25,zipf,1000000,4,73.71106479999435,0.7461318999994546,0.010122386673208278,True,102,False,False
100,26,zipf,1000000,4,80.06322060000093,0.7485081000049831,0.00934896316180634,True,100,False,False
100,27,zipf,1000000,4,79.17301550001139,0.740873200003989,0.009357647871879813,True,103,False,False
100,28,zipf,1000000,4,89.89855810000154,0.6982686999981524,0.007767295880556959,True,100,False,False
100,29,zipf,1000000,4,76.29523980000522,0.7547693999949843,0.009892745628344335,True,107,False,False
100,30,zipf,1000000,4,78.93927430000622,0.7984887000056915,0.010115227269141852,True,101,False,False
100,31,zipf,1000000,4,84.54065789999731,0.7462085000006482,0.008826622817193286,True,100,False,False
100,32,zipf,1000000,4,83.81431309999607,0.6690906000003451,0.007983011197646819,True,102,False,False
100,33,zipf,1000000,4,92.73142300000472,0.7153803999972297,0.007714541380403418,True,101,False,False
100,34,zipf,1000000,4,75.13246680000157,0.764027500001248,0.010169072473489344,True,101,False,False
100,35,zipf,1000000,4,90.1113944999961,0.7175854999950388,0.007963315893364296,True,100,False,False
100,36,zipf,1000000,4,69.95232179999584,0.8566748999874108,0.012246554194966858,True,101,False,False
100,37,zipf,1000000,4,87.97924620000413,0.6994551999960095,0.007950229516696822,True,101,False,False
100,38,zipf,1000000,4,89.57779999999912,0.7387606999982381,0.00824714047451763,True,103,False,False
100,39,zipf,1000000,4,87.05156920000445,0.7433336000103736,0.008539002878885905,True,104,False,False
100,40,zipf,1000000,4,73.71338160001324,0.7446850999986054,0.01010244115565676,True,100,False,False
100,41,zipf,1000000,4,104.7147330000007,0.7207785999926273,0.006883258729147716,True,102,False,False
100,42,zipf,1000000,4,78.95368790000794,0.7880892999964999,0.009981665466907477,True,102,False,False
100,43,zipf,1000000,4,73.38177740000538,0.6982407000032254,0.009515178355480583,True,104,False,False
100,44,zipf,1000000,4,88.55582709998998,0.7937192999961553,0.008962925715774214,True,103,False,False
100,45,zipf,1000000,4,75.30616870000085,0.8401147999975365,0.011155989137414807,True,100,False,False
100,46,zipf,1000000,4,85.22929909999948,0.7165195999987191,0.008406963421792629,True,100,False,False
100,47,zipf,1000000,4,84.32153939999989,0.6874475999939023,0.008152692715117855,True,101,False,False
100,48,zipf,1000000,4,86.33039659999486,0.7714554999984102,0.008936081963956323,True,102,False,False
100,49,zipf,1000000,4,82.6176298000064,0.7161178999958793,0.00866785820083916,True,102,False,False
1000,0,zipf,1000000,4,878.69586539999,0.8121351000008872,0.0009242505080312358,True,1047,False,False
1000,1,zipf,1000000,4,838.6162412000122,0.8093009000003804,0.0009650431988323012,True,1009,False,False
1000,2,zipf,1000000,4,808.6219321000099,0.7780108999868389,0.0009621441975563618,True,1023,False,False
1000,3,zipf,1000000,4,874.252711100009,0.7197643999970751,0.0008232910128370635,True,1017,False,False
1000,4,zipf,1000000,4,848.9868948000076,0.8089640000107465,0.0009528580534818631,True,1035,False,False
1000,5,zipf,1000000,4,824.6936470999935,0.7724126999964938,0.0009366056143546832,True,1023,False,False
1000,6,zipf,1000000,4,776.644561699999,0.6286242999922251,0.0008094105476206876,True,1006,False,False
1000,7,zipf,1000000,4,866.0072314999998,0.7308473000011873,0.000843927479376005,True,1011,False,False
1000,8,zipf,1000000,4,833.716132600006,0.741010700003244,0.0008888045595235717,True,1016,False,False
1000,9,zipf,1000000,4,848.0974255000037,0.872939499997301,0.0010292915339091514,True,1013,False,False
10000,0,zipf,1000000,4,8509.647944200013,0.7247019999776967,8.516239505203473e-05,True,10173,False,False
1,0,uniform,1000000,5,0.0039225000073201954,2.783597700006794,709.6488705703061,True,1,True,True
1,1,uniform,1000000,5,3.4500000765547156e-05,2.0118012000166345,58313.07696739781,True,1,False,False
1,2,uniform,1000000,5,0.027359700005035847,2.0597211999993306,75.28303306031195,True,2,False,False
1,3,uniform,1000000,5,2.9099988751113415e-05,1.9321721000014804,66397.69233338801,True,1,False,False
1,4,uniform,1000000,5,0.0018152999982703477,0.8668223000131547,477.5091174125927,True,1,False,False
1,5,uniform,1000000,5,0.002396500000031665,0.8304097000218462,346.50936783262006,True,1,False,False
1,6,uniform,1000000,5,3.170000854879618e-05,0.9352020999940578,29501.635576990167,True,1,False,False
1,7,uniform,1000000,5,0.002425799990305677,0.916194000019459,377.68736238802967,True,1,False,False
1,8,uniform,1000000,5,0.0022287000028882176,0.8457104999979492,379.46358814644225,True,1,False,False
1,9,uniform,1000000,5,0.026779000007081777,0.8793446999916341,32.83709995739532,True,2,False,False
1,10,uniform,1000000,5,3.100000321865082e-05,0.863098900008481,27841.89710952052,True,1,False,False
1,11,uniform,1000000,5,3.290001768618822e-05,0.8650999999954365,26294.818691195254,True,1,False,False
1,12,uniform,1000000,5,0.002340599981835112,0.8748371000110637,373.7661739726927,True,1,False,False
1,13,uniform,1000000,5,0.026797099999384955,0.8339549999800511,31.121091461359324,True,2,False,False
1,14,uniform,1000000,5,0.0024298999924212694,0.9525825000018813,392.0253932149208,True,1,False,False
1,15,uniform,1000000,5,3.5600009141489863e-05,0.8233157999929972,23126.84237582028,True,1,False,False
1,16,uniform,1000000,5,0.0022320999996736646,0.8273421000048984,370.656377458831,True,1,False,False
1,17,uniform,1000000,5,0.0022969999990891665,0.8339049000060186,363.0408795545008,True,1,False,False
1,18,uniform,1000000,5,0.002341799990972504,0.8244138000009116,352.0427889567753,True,1,False,False
1,19,uniform,1000000,5,0.0023193999950308353,0.8144508000114001,351.14719399685623,True,1,False,False
1,20,uniform,1000000,5,0.0025702999846544117,0.8461189000227023,329.19071901113784,True,1,False,False
1,21,uniform,1000000,5,0.002431000000797212,0.8775919000036083,361.0003701011166,True,1,False,False
1,22,uniform,1000000,5,0.00221800000872463,0.8461461999977473,381.49062068051524,True,1,False,False
1,23,uniform,1000000,5,3.5900011425837874e-05,0.8152245999954175,22708.198900702464,True,1,False,False
1,24,uniform,1000000,5,0.002234000014141202,0.8520745999994688,381.412083529921,True,1,False,False
1,25,uniform,1000000,5,2.9799994081258774e-05,0.876476300007198,29411.96221775139,True,1,False,False
1,26,uniform,1000000,5,0.028508599993074313,0.8603322999842931,30.177991910977614,True,2,False,False
1,27,uniform,1000000,5,0.0025337999977637082,0.8565861000097357,338.0638174937821,True,1,False,False
1,28,uniform,1000000,5,0.0022511999995913357,0.8554056999855675,379.9776564236189,True,1,False,False
1,29,uniform,1000000,5,0.027635599981294945,0.8240388999984134,29.81802097859866,True,2,False,False
1,30,uniform,1000000,5,0.00222540000686422,0.8144009999814443,365.9571301651092,True,1,False,False
1,31,uniform,1000000,5,0.0022438999731093645,0.822877900005551,366.71772800339755,True,1,False,False
1,32,uniform,1000000,5,3.170000854879618e-05,0.8312772999925073,26223.251603005498,True,1,False,False
1,33,uniform,1000000,5,0.0032731000101193786,0.8244149000092875,251.8758661392748,True,1,False,False
1,34,uniform,1000000,5,0.02813570000580512,0.8554308000020683,30.40375038920556,True,2,False,False
1,35,uniform,1000000,5,0.028080199990654364,0.8562977999972645,30.494718708636587,True,2,False,False
1,36,uniform,1000000,5,3.6500015994533896e-05,0.8706728999968618,23854.041601714653,True,1,False,False
1,37,uniform,1000000,5,0.02828830000362359,0.8309267000004184,29.3735113065819,True,2,False,False
1,38,uniform,1000000,5,3.160000778734684e-05,0.8288829999801237,26230.468218809176,True,1,False,False
1,39,uniform,1000000,5,0.02731609999318607,0.8517028000205755,31.179516850246944,True,2,False,False
1,40,uniform,1000000,5,0.028604600025573745,0.8463045000098646,29.586307770541517,True,3,False,False
1,41,uniform,1000000,5,0.0025742999860085547,0.818780900008278,318.0596295918859,True,1,False,False
1,42,uniform,1000000,5,0.002256200008559972,0.8696185999724548,385.4350663385965,True,1,False,False
1,43,uniform,1000000,5,3.229998401366174e-05,0.8781395000114571,27186.99488024624,True,1,False,False
1,44,uniform,1000000,5,5.020000389777124e-05,0.8331260000122711,16596.134169807505,True,1,False,False
1,45,uniform,1000000,5,0.027828299993416294,0.8341229000070598,29.973907863735807,True,2,False,False
1,46,uniform,1000000,5,0.002758899994660169,0.855170700000599,309.96799509071576,True,1,False,False
1,47,uniform,1000000,5,3.2199983252212405e-05,0.8576442000048701,26634.926896924484,True,1,False,False
1,48,uniform,1000000,5,0.027753100002883002,0.8110318000253756,29.22310660578909,True,2,False,False
1,49,uniform,1000000,5,0.0021843999857082963,0.857236500014551,392.43568285255697,True,1,False,False
10,0,uniform,1000000,5,0.0903808000148274,1.2219698999833781,13.52023770295138,True,14,False,False
10,1,uniform,1000000,5,0.0617457999906037,0.9941956000111531,16.101428763777406,True,13,False,False
10,2,uniform,1000000,5,0.09446950000710785,0.9748228999960702,10.31891668657847,True,14,False,False
10,3,uniform,1000000,5,0.06096629999228753,1.0213304000208154,16.752376315276106,True,12,False,False
10,4,uniform,1000000,5,0.06650570000056177,0.9008296999963932,13.545150265146955,True,12,False,False
10,5,uniform,1000000,5,0.039395200001308694,0.9083155999833252,23.056504344517894,True,11,False,False
10,6,uniform,1000000,5,0.1203924999863375,0.9020822999882512,7.492844654697113,True,15,False,False
10,7,uniform,1000000,5,0.06425860000308603,0.7720451000204775,12.014657959921317,True,12,False,False
10,8,uniform,1000000,5,0.11908269999548793,0.724470699991798,6.083761117435601,True,14,False,False
10,9,uniform,1000000,5,0.04155429999809712,0.7958817000035197,19.152812104642965,True,11,False,False
10,10,uniform,1000000,5,0.03719450000789948,0.7529701000021305,20.244124799156126,True,11,False,False
10,11,uniform,1000000,5,0.0905479000066407,0.7589308999886271,8.381540598213407,True,13,False,False
10,12,uniform,1000000,5,0.09385750000365078,0.6695928999979515,7.134143781497549,True,13,False,False
10,13,uniform,1000000,5,0.06832130000111647,0.6943264000001363,10.162663766479708,True,12,False,False
10,14,uniform,1000000,5,0.11781579998205416,0.7953782000113279,6.751031696363992,True,15,False,False
10,15,uniform,1000000,5,0.036549100012052804,0.7014538000221364,19.19209501166425,True,11,False,False
10,16,uniform,1000000,5,0.09649450000142679,0.6666190999967512,6.908363688986361,True,13,False,False
10,17,uniform,1000000,5,0.09079300001030788,0.8581080000149086,9.45125725460648,True,13,False,False
10,18,uniform,1000000,5,0.11824799998430535,0.7449097000062466,6.299554327389181,True,15,False,False
10,19,uniform,1000000,5,0.15060689998790622,0.7076939000107814,4.6989473926334675,True,15,False,False
10,20,uniform,1000000,5,0.0929125000257045,0.7337386000144761,7.8970924236403635,True,13,False,False
10,21,uniform,1000000,5,0.11838800000259653,0.7203100000042468,6.084315977873169,True,14,False,False
10,22,uniform,1000000,5,0.06915909997769631,0.7535283000033814,10.895577013674165,True,12,False,False
10,23,uniform,1000000,5,0.06324839999433607,0.7283863000047859,11.516280254836696,True,12,False,False
10,24,uniform,1000000,5,0.09165610000491142,0.7564784999995027,8.253444123838637,True,14,False,False
10,25,uniform,1000000,5,0.04175350000150502,0.7136248000024352,17.09137677025189,True,11,False,False
10,26,uniform,1000000,5,0.1191615000134334,0.6863550999842118,5.759872944758476,True,14,False,False
10,27,uniform,1000000,5,0.041749500000150874,0.7017023999942467,16.8074444003332,True,11,False,False
10,28,uniform,1000000,5,0.06369230002746917,0.7291183000197634,11.447510918985651,True,12,False,False
10,29,uniform,1000000,5,0.06674059998476878,0.6879881999921054,10.308390996621467,True,12,False,False
10,30,uniform,1000000,5,0.12115620000986382,0.6912296999944374,5.705277154104879,True,14,False,False
10,31,uniform,1000000,5,0.03947920000064187,0.6966962000005879,17.64717116834335,True,11,False,False
10,32,uniform,1000000,5,0.038376899989089,0.6882359000155702,17.933598081430333,True,11,False,False
10,33,uniform,1000000,5,0.09634339998592623,0.6913309000083245,7.175695482091286,True,13,False,False
10,34,uniform,1000000,5,0.036954699986381456,0.6803582000138704,18.410600012030837,True,11,False,False
10,35,uniform,1000000,5,0.1749569999810774,0.6995749000052456,3.9985533592877602,True,16,False,False
10,36,uniform,1000000,5,0.0633568000048399,0.6854079999902751,10.818223141603049,True,12,False,False
10,37,uniform,1000000,5,0.010254000022541732,0.6968779000162613,67.96156607024477,True,10,False,False
10,38,uniform,1000000,5,0.08944270000210963,0.7102904999919701,7.941290904402673,True,13,False,False
10,39,uniform,1000000,5,0.11463369999546558,0.7021168999781366,6.1248734011543675,True,14,False,False
10,40,uniform,1000000,5,0.11671309999655932,0.7148697999946307,6.125017671672717,True,14,False,False
10,41,uniform,1000000,5,0.0915042000124231,0.7394432000000961,8.080975516967586,True,13,False,False
10,42,uniform,1000000,5,0.14549379999516532,0.7471483999979682,5.135259372033692,True,16,False,False
10,43,uniform,1000000,5,0.14067929997690953,0.7028235000034329,4.995926906935073,True,15,False,False
10,44,uniform,1000000,5,0.06725720001850277,0.6890698000206612,10.24529418160576,True,12,False,False
10,45,uniform,1000000,5,0.008001100010005757,0.6871196999854874,85.87815414458154,True,10,False,False
10,46,uniform,1000000,5,0.03900140000041574,0.692717999976594,17.76136241184188,True,11,False,False
10,47,uniform,1000000,5,0.08941149999736808,0.6936574999999721,7.758034481251188,True,13,False,False
10,48,uniform,1000000,5,0.036729600018588826,0.7006778000213671,19.076652064459036,True,11,False,False
10,49,uniform,1000000,5,0.08315859999856912,0.6984180999861564,8.39862744199847,True,12,False,False
100,0,uniform,1000000,5,0.7565559999784455,0.7655940999975428,1.0119463727990456,True,129,False,False
100,1,uniform,1000000,5,0.8634770000062417,0.6927895999979228,0.8023254817359523,True,130,False,False
100,2,uniform,1000000,5,0.8734751000010874,0.7312374000030104,0.8371588383024313,True,130,False,False
100,3,uniform,1000000,5,0.8099086000001989,0.7334401999833062,0.9055839140158853,True,126,False,False
100,4,uniform,1000000,5,0.7849424000014551,0.6931602000258863,0.8830714203037081,True,127,False,False
100,5,uniform,1000000,5,1.0338365000206977,0.702867799991509,0.6798635954306482,True,137,False,False
100,6,uniform,1000000,5,0.713427499984391,0.7190739999932703,1.007914609415817,True,124,False,False
100,7,uniform,1000000,5,0.665469600004144,0.7674485000025015,1.1532435140504127,True,121,False,False
100,8,uniform,1000000,5,0.7936022999929264,0.7586688000010327,0.9559811003670161,True,125,False,False
100,9,uniform,1000000,5,0.9317944000067655,0.7694030999846291,0.8257219618180176,True,132,False,False
100,10,uniform,1000000,5,0.8404658999934327,0.7883272999897599,0.9379646455566131,True,129,False,False
100,11,uniform,1000000,5,0.6983398000011221,0.7199061999854166,1.0308823870331605,True,126,False,False
100,12,uniform,1000000,5,0.6939921000157483,0.6937652000051457,0.9996730510180196,True,122,False,False
100,13,uniform,1000000,5,0.7495733000105247,0.7143923999974504,0.9530654306755852,True,128,False,False
100,14,uniform,1000000,5,0.7569058000226505,0.7001170000003185,0.9249724337947568,True,125,False,False
100,15,uniform,1000000,5,1.0367074999958277,0.8324390999914613,0.8029642883791344,True,137,False,False
100,16,uniform,1000000,5,0.9573825999977998,0.6956743000191636,0.7266418880192332,True,135,False,False
100,17,uniform,1000000,5,0.8279718999983743,0.7914744000008795,0.9559193977506164,True,131,False,False
100,18,uniform,1000000,5,0.7034862000145949,0.7686175999988336,1.0925837635235593,True,125,False,False
100,19,uniform,1000000,5,0.6774686000135262,0.7146003999805544,1.0548096250752976,True,125,False,False
100,20,uniform,1000000,5,0.7934632000105921,0.7081075000169221,0.8924263910506114,True,126,False,False
100,21,uniform,1000000,5,0.8649370000057388,0.7218965000065509,0.8346232153344824,True,129,False,False
100,22,uniform,1000000,5,0.6304919999965932,0.7033863999822643,1.115615106910262,True,122,False,False
100,23,uniform,1000000,5,0.7422040000092238,0.7564090999949258,1.0191390776464764,True,123,False,False
100,24,uniform,1000000,5,0.9889971000084188,0.8155153999978211,0.8245882621808285,True,136,False,False
100,25,uniform,1000000,5,0.6638725999800954,0.7211415000201669,1.0862648948635454,True,124,False,False
100,26,uniform,1000000,5,1.1023906999907922,0.7230521000165027,0.6558945934708466,True,138,False,False
100,27,uniform,1000000,5,0.9684461999859195,0.696993299992755,0.7197026535938588,True,135,False,False
100,28,uniform,1000000,5,0.7283165999979246,0.6966335000179242,0.956498176781786,True,126,False,False
100,29,uniform,1000000,5,0.8182586999901105,0.6896970999951009,0.8428839192341452,True,129,False,False
100,30,uniform,1000000,5,0.68458400000236,0.6914192000112962,1.009984457727485,True,125,False,False
100,31,uniform,1000000,5,1.069759800011525,0.7353891000093427,0.6874338519744526,True,136,False,False
100,32,uniform,1000000,5,0.5663074000040069,0.6777695000055246,1.1968226090648455,True,118,False,False
100,33,uniform,1000000,5,1.0057700999896042,0.7068616999895312,0.7028064365771436,True,136,False,False
100,34,uniform,1000000,5,0.9625140999851283,0.6781011999992188,0.7045104066628178,True,133,False,False
100,35,uniform,1000000,5,0.8778713000065181,0.6735346000059508,0.7672361540933732,True,132,False,False
100,36,uniform,1000000,5,0.6618737999815494,0.6802621000097133,1.0277821845020554,True,124,False,False
100,37,uniform,1000000,5,0.8118402999825776,0.6615654999914113,0.8148961070368259,True,128,False,False
100,38,uniform,1000000,5,0.7705322000256274,0.6782773000013549,0.8802711943495624,True,128,False,False
100,39,uniform,1000000,5,0.6288601000269409,0.7025568000099156,1.1171909300332736,True,123,False,False
100,40,uniform,1000000,5,0.779766199993901,0.6841342000116128,0.8773581106964676,True,128,False,False
100,41,uniform,1000000,5,0.7855289000144694,0.6884372999775223,0.8763997097558618,True,127,False,False
100,42,uniform,1000000,5,0.7503995000151917,0.6916783999768086,0.9217468827775147,True,124,False,False
100,43,uniform,1000000,5,0.6217631000035908,0.660090899997158,1.061643735360535,True,119,False,False
100,44,uniform,1000000,5,0.7310604999947827,0.6719562000071164,0.9191526556446585,True,126,False,False
100,45,uniform,1000000,5,0.8595756999857258,0.7421338999993168,0.8633723591902851,True,128,False,False
100,46,uniform,1000000,5,0.6789913999964483,0.699918099999195,1.0308202725437408,True,121,False,False
100,47,uniform,1000000,5,0.6913100999954622,0.7544869999983348,1.091387208147671,True,123,False,False
100,48,uniform,1000000,5,0.8043216000078246,0.7147925999888685,0.8886900463470269,True,129,False,False
100,49,uniform,1000000,5,0.8073946999793407,0.779716399993049,0.9657189971806851,True,128,False,False
1000,0,uniform,1000000,5,7.952884999976959,0.7746547000133432,0.09740549498899928,True,1276,False,False
1000,1,uniform,1000000,5,8.059317699982785,0.7504271999932826,0.09311299391943384,True,1285,False,False
1000,2,uniform,1000000,5,8.072909399983473,0.6941624000028241,0.08598664565766652,True,1274,False,False
1000,3,uniform,1000000,5,8.345285699993838,0.6607302000047639,0.07917406590468817,True,1300,False,False
1000,4,uniform,1000000,5,7.706821300002048,0.7325648999831174,0.09505409188389027,True,1284,False,False
1000,5,uniform,1000000,5,7.521539600013057,0.6637641999986954,0.08824844849551057,True,1261,False,False
1000,6,uniform,1000000,5,8.165429400018184,0.6588515000184998,0.08068791826392285,True,1284,False,False
1000,7,uniform,1000000,5,7.809810899983859,0.6951150000095367,0.08900535607219036,True,1281,False,False
1000,8,uniform,1000000,5,7.418860499979928,0.6747235000075307,0.09094705312350275,True,1268,False,False
1000,9,uniform,1000000,5,7.459966299997177,0.6544199000054505,0.0877242434735527,True,1257,False,False
10000,0,uniform,1000000,5,75.89999639999587,0.6982004000165034,0.009198951688178754,True,12695,False,False
1,0,zipf,1000000,5,1.8099992303177714e-05,1.9279334000020754,106515.70275328786,True,1,False,False
1,1,zipf,1000000,5,1.3697884999855887,1.9179128000105266,1.400152505317941,True,1,False,False
1,2,zipf,1000000,5,1.288528499979293,1.9933747999893967,1.5470164610417472,True,1,False,False
1,3,zipf,1000000,5,0.0018299999937880784,1.5377207999990787,840.2845930157708,True,1,False,False
1,4,zipf,1000000,5,1.9060429999954067,1.4123304999957327,0.7409751511372703,True,2,False,False
1,5,zipf,1000000,5,1.4225042999896687,1.3112287000112701,0.9217748586213717,True,1,False,False
1,6,zipf,1000000,5,0.0025134000170510262,0.7609376999898814,302.75232546655667,True,1,False,False
1,7,zipf,1000000,5,1.2967511999886483,0.7639281000010669,0.5891092292860453,True,1,False,False
1,8,zipf,1000000,5,3.029999788850546e-05,0.765432599990163,25261.80374027471,True,1,False,False
1,9,zipf,1000000,5,0.002449999999953434,0.9092566999897826,371.12518367635283,True,1,False,False
1,10,zipf,1000000,5,1.923448300018208,0.7710640000004787,0.40087586445301365,True,1,False,False
1,11,zipf,1000000,5,0.002676400006748736,0.7638899000012316,285.41693994732776,True,1,False,False
1,12,zipf,1000000,5,3.300001844763756e-05,0.7716799000045285,23384.226321842325,True,1,False,False
1,13,zipf,1000000,5,1.423251900007017,0.8062943999830168,0.5665155971188527,True,1,False,False
1,14,zipf,1000000,5,0.0024535999982617795,0.7447573999816086,303.5365994902275,True,1,False,False
1,15,zipf,1000000,5,3.0399998649954796e-05,0.7581015000178013,24937.55045015203,True,1,False,False
1,16,zipf,1000000,5,1.4070651000074577,0.8359410999983083,0.5941026467033244,True,1,False,False
1,17,zipf,1000000,5,0.0024930999788921326,0.79034400000819,317.0125573381128,True,1,False,False
1,18,zipf,1000000,5,3.600001218728721e-05,0.8113002999743912,22536.11181445344,True,1,False,False
1,19,zipf,1000000,5,1.4268441000021994,0.7941164000076242,0.5565544266583855,True,1,False,False
1,20,zipf,1000000,5,1.3794861999922432,0.8326414000184741,0.6035880605570074,True,1,False,False
1,21,zipf,1000000,5,1.9977887999848463,0.781411100004334,0.391137992169273,True,1,False,False
1,22,zipf,1000000,5,3.3899996196851134e-05,0.7797006000182591,23000.020279963428,True,1,False,False
1,23,zipf,1000000,5,1.3856401999946684,0.7688304999901447,0.554855798780306,True,1,False,False
1,24,zipf,1000000,5,1.415012499986915,0.7637670999974944,0.5397599667879663,True,1,False,False
1,25,zipf,1000000,5,0.002242900023702532,0.79486850000103,354.39319256365155,True,1,False,False
1,26,zipf,1000000,5,1.9531754000054207,0.8010821000207216,0.41014345153973286,True,1,False,False
1,27,zipf,1000000,5,1.9076331999967806,0.7608562000095844,0.3988482691593271,True,1,False,False
1,28,zipf,1000000,5,0.0024596000148449093,0.7781802999961656,316.384898072638,True,1,False,False
1,29,zipf,1000000,5,0.0029681000160053372,0.8046193999762181,271.0890453951506,True,1,False,False
1,30,zipf,1000000,5,1.94072210000013,0.8013142999843694,0.41289492193875454,True,1,False,False
1,31,zipf,1000000,5,0.0022511999995913357,0.9154453999944963,406.6477434971032,True,1,False,False
1,32,zipf,1000000,5,2.018705400027102,0.7920566000102554,0.3923586869087593,True,1,False,False
1,33,zipf,1000000,5,1.9817600999958813,0.8995975000143517,0.453938647778922,True,2,False,False
1,34,zipf,1000000,5,2.0859956999775022,0.9335697999922559,0.4475415745115508,True,1,False,False
1,35,zipf,1000000,5,3.929997910745442e-05,0.8285170000162907,21081.868714254295,True,1,False,False
1,36,zipf,1000000,5,3.3899996196851134e-05,0.8417780000017956,24831.212225327203,True,1,False,False
1,37,zipf,1000000,5,2.045560700003989,1.2519547000119928,0.6120349789715609,True,1,False,False
1,38,zipf,1000000,5,1.5506098000041675,1.2612604999740142,0.8133964456890601,True,1,False,False
1,39,zipf,1000000,5,1.4326006999763194,1.5621412000036798,1.0904233119734632,True,1,False,False
1,40,zipf,1000000,5,1.3172745000047144,1.2168706999800634,0.9237791363726454,True,1,False,False
1,41,zipf,1000000,5,3.580001066438854e-05,1.1769704000034835,32876.25836308074,True,1,False,False
1,42,zipf,1000000,5,0.00244470001780428,1.0376376000058372,424.4437323389054,True,1,False,False
1,43,zipf,1000000,5,1.9797019000106957,1.290065599983791,0.6516463918011197,True,1,False,False
1,44,zipf,1000000,5,0.0026566000015009195,0.8413244000112172,316.6921627403026,True,1,False,False
1,45,zipf,1000000,5,1.4799550999887288,0.8357719000196084,0.564727875883514,True,1,False,False
1,46,zipf,1000000,5,3.29999893438071e-05,0.8450001000019256,25606.07190500507,True,1,False,False
1,47,zipf,1000000,5,1.3980066000076476,0.860604899993632,0.6155943040533028,True,1,False,False
1,48,zipf,1000000,5,1.4859654000028968,0.9127063000050839,0.6142177334703114,True,1,False,False
1,49,zipf,1000000,5,3.2499985536560416e-05,0.8933190000243485,27486.750694686354,True,1,False,False
10,0,zipf,1000000,5,11.98792179999873,1.890844500012463,0.15772913200123337,True,13,False,False
10,1,zipf,1000000,5,6.437355000001844,0.9746110999840312,0.15139930918579944,True,11,False,False
10,2,zipf,1000000,5,10.426969799998915,0.9579697999870405,0.09187422792642405,True,10,False,False
10,3,zipf,1000000,5,10.472540499991737,0.731717499991646,0.06987010458371809,True,11,False,False
10,4,zipf,1000000,5,7.684905700007221,0.7519151000014972,0.09784311341657591,True,11,False,False
10,5,zipf,1000000,5,12.657929700013483,0.7433377000270411,0.05872506149455462,True,12,False,False
10,6,zipf,1000000,5,10.458195299986983,0.7281675999984145,0.06962650620985447,True,10,False,False
10,7,zipf,1000000,5,5.927683399990201,0.7825912999978755,0.13202312728091536,True,10,False,False
10,8,zipf,1000000,5,8.788309800002025,0.858649499976309,0.09770359938564195,True,11,False,False
10,9,zipf,1000000,5,13.354746199998772,0.7549863000167534,0.05653318218932703,True,11,False,False
10,10,zipf,1000000,5,6.503276500006905,0.7603569000202697,0.11691904842420008,True,10,False,False
10,11,zipf,1000000,5,5.953721099998802,0.7480624000017997,0.12564619461297075,True,10,False,False
10,12,zipf,1000000,5,5.338525900006061,0.719666800025152,0.13480627677095935,True,10,False,False
10,13,zipf,1000000,5,10.840624799981015,0.669437900010962,0.06175270451313235,True,10,False,False
10,14,zipf,1000000,5,9.505376299988711,0.7300270999839995,0.07680149390665013,True,10,False,False
10,15,zipf,1000000,5,5.45712409997941,0.9084258000075351,0.16646603290750941,True,10,False,False
10,16,zipf,1000000,5,12.368047900003148,0.9032479999877978,0.07303076502376482,True,11,False,False
10,17,zipf,1000000,5,9.498952800000552,0.8497602000134066,0.08945830323668491,True,10,False,False
10,18,zipf,1000000,5,8.446577900002012,0.8229331999900751,0.09742800098840965,True,10,False,False
10,19,zipf,1000000,5,3.9448388000018895,0.8297861000173725,0.21034727705907147,True,10,False,False
10,20,zipf,1000000,5,8.048450000002049,0.8921344000264071,0.11084549199239356,True,10,False,False
10,21,zipf,1000000,5,4.285412600002019,0.9264575999986846,0.2161886582398736,True,10,False,False
10,22,zipf,1000000,5,8.50257650000276,0.8523927000060212,0.1002511062388847,True,10,False,False
10,23,zipf,1000000,5,8.003983500006143,0.9138714000000618,0.11417707195415389,True,11,False,False
10,24,zipf,1000000,5,11.349377800012007,0.7643436000216752,0.06734674036675972,True,10,False,False
10,25,zipf,1000000,5,5.380206000001635,0.6504924999899231,0.1209047571765329,True,10,False,False
10,26,zipf,1000000,5,12.138002299994696,0.6580167000065558,0.05421128483447753,True,10,False,False
10,27,zipf,1000000,5,9.733475499990163,0.6838871999934781,0.07026135731211007,True,10,False,False
10,28,zipf,1000000,5,12.45251949998783,0.7399265000130981,0.0594198226321847,True,12,False,False
10,29,zipf,1000000,5,5.563042299996596,0.836764999985462,0.15041499863949875,True,10,False,False
10,30,zipf,1000000,5,8.294442600017646,0.8489925999892876,0.10235679971882394,True,10,False,False
10,31,zipf,1000000,5,8.779840400005924,0.7384763000009116,0.08411044692798895,True,10,False,False
10,32,zipf,1000000,5,12.031191100017168,0.7349897000240162,0.06109035206189747,True,10,False,False
10,33,zipf,1000000,5,7.895198999991408,0.7245948999770917,0.09177664805888747,True,10,False,False
10,34,zipf,1000000,5,12.18662089999998,0.7390904999920167,0.06064769767245471,True,11,False,False
10,35,zipf,1000000,5,6.352336699987063,0.8615562000195496,0.1356282326818892,True,10,False,False
10,36,zipf,1000000,5,7.017520299996249,0.6803435000183526,0.096949274235618,True,10,False,False
10,37,zipf,1000000,5,13.176862499996787,0.8272363000141922,0.06277945907186888,True,10,False,False
10,38,zipf,1000000,5,5.37930190001498,0.7267156999732833,0.13509479733257945,True,11,False,False
10,39,zipf,1000000,5,5.423655800026609,0.7878933000029065,0.1452697827909804,True,10,False,False
10,40,zipf,1000000,5,8.275940799998352,0.7454370999766979,0.09007279268803449,True,11,False,False
10,41,zipf,1000000,5,7.880352599982871,0.6874065000156406,0.08723042418395527,True,10,False,False
10,42,zipf,1000000,5,9.863355799985584,0.855594699998619,0.08674478720516901,True,10,False,False
10,43,zipf,1000000,5,7.60895170000731,0.7532322999904864,0.0989929138319754,True,10,False,False
10,44,zipf,1000000,5,10.46521880000364,0.7299160999828018,0.06974685517158494,True,10,False,False
10,45,zipf,1000000,5,4.902645499998471,0.8221032999863382,0.16768565053022794,True,10,False,False
10,46,zipf,1000000,5,3.443419899995206,0.7301149000122678,0.21203191048912862,True,10,False,False
10,47,zipf,1000000,5,9.474397099984344,0.7680967000196688,0.08107077336044295,True,11,False,False
10,48,zipf,1000000,5,11.393057700013742,0.8501012999913655,0.07461572848791419,True,11,False,False
10,49,zipf,1000000,5,6.149086399993394,0.7729250999982469,0.1256975507774744,True,10,False,False
100,0,zipf,1000000,5,80.19759570001042,0.7735315999889281,0.009645321574008577,True,106,False,False
100,1,zipf,1000000,5,85.54665400000522,0.7835916000185534,0.009159815882670357,True,101,False,False
100,2,zipf,1000000,5,70.19147540000267,0.788505799981067,0.011233640488215709,True,100,False,False
100,3,zipf,1000000,5,71.07873780000955,0.7307282999972813,0.010280546934489643,True,100,False,False
100,4,zipf,1000000,5,76.21999439998763,0.7220315000158735,0.009472993349052132,True,100,False,False
100,5,zipf,1000000,5,77.94402340002125,0.7659280999796465,0.009826643103202158,True,100,False,False
100,6,zipf,1000000,5,90.91748819997883,0.7071258000214584,0.007777665375731564,True,100,False,False
100,7,zipf,1000000,5,92.24951150000561,0.752599499974167,0.008158303363743246,True,100,False,False
100,8,zipf,1000000,5,79.31903239997337,0.7148479000024963,0.009012312409432977,True,100,False,False
100,9,zipf,1000000,5,83.49695230001817,0.716572500008624,0.00858201982551246,True,101,False,False
100,10,zipf,1000000,5,75.97036539998953,0.8266782000137027,0.010881587783093862,True,100,False,False
100,11,zipf,1000000,5,86.92758570000296,0.7931084999872837,0.009123783820758485,True,100,False,False
100,12,zipf,1000000,5,94.05869090001215,0.7777905999973882,0.008269205030975906,True,100,False,False
100,13,zipf,1000000,5,98.32544859999325,0.7187764999980573,0.007310177682709363,True,102,False,False
100,14,zipf,1000000,5,85.73440830002073,0.7328716999909375,0.008548163036552505,True,100,False,False
100,15,zipf,1000000,5,89.71479989998625,0.7140987000020687,0.007959653265661223,True,103,False,False
100,16,zipf,1000000,5,71.95184390002396,0.6572462000185624,0.009134528934821967,True,100,False,False
100,17,zipf,1000000,5,65.30719760002103,0.7913770999875851,0.012117762345805055,True,100,False,False
100,18,zipf,1000000,5,95.90528770000674,0.8052962000074331,0.008396786239007095,True,100,False,False
100,19,zipf,1000000,5,103.77701479999814,0.7305943999963347,0.007040040623681033,True,100,False,False
100,20,zipf,1000000,5,80.37393920001341,0.7231770999787841,0.008997656543610885,True,100,False,False
100,21,zipf,1000000,5,66.36343170001055,0.733224199997494,0.01104861790921185,True,101,False,False
100,22,zipf,1000000,5,102.37603559999843,0.8327924000041094,0.008134642009952201,True,100,False,False
100,23,zipf,1000000,5,81.7617409999948,0.738700499990955,0.009034794158688499,True,101,False,False
100,24,zipf,1000000,5,97.15833720000228,0.7312420000089332,0.007526291835395018,True,100,False,False
100,25,zipf,1000000,5,99.46342069999082,0.8244285999971908,0.008288761779909977,True,101,False,False
100,26,zipf,1000000,5,107.60152260001632,0.7810165999981109,0.007258415876709837,True,100,False,False
100,27,zipf,1000000,5,88.71648390000337,0.8364628000126686,0.009428493592639291,True,103,False,False
100,28,zipf,1000000,5,84.64685240000836,0.7385192000074312,0.008724709532227785,True,100,False,False
100,29,zipf,1000000,5,106.46244040000602,0.7267577000020538,0.006826423452923334,True,102,False,False
100,30,zipf,1000000,5,70.20220430000336,0.7361621999880299,0.010486311752293434,True,102,False,False
100,31,zipf,1000000,5,86.94117860001279,0.792298699991079,0.009113043010794455,True,101,False,False
100,32,zipf,1000000,5,88.18125710001914,0.7447115000104532,0.008445235694085966,True,102,False,False
100,33,zipf,1000000,5,75.38613669999177,0.6997363999835216,0.009282030232802711,True,100,False,False
100,34,zipf,1000000,5,83.91281799998251,0.7222737999982201,0.008607431107823964,True,101,False,False
100,35,zipf,1000000,5,99.49785429998883,0.8643839000142179,0.008687462720633915,True,102,False,False
100,36,zipf,1000000,5,80.25941849997616,0.7736185000103433,0.009638974645830172,True,101,False,False
100,37,zipf,1000000,5,81.75943090001238,0.8767082999984268,0.010723023513588255,True,101,False,False
100,38,zipf,1000000,5,103.83018689998426,0.6899989999947138,0.006645456592111927,True,100,False,False
100,39,zipf,1000000,5,92.33881359998486,0.7769286000111606,0.008413889779620126,True,101,False,False
100,40,zipf,1000000,5,93.83370319998357,0.729988000006415,0.007779592780758361,True,100,False,False
100,41,zipf,1000000,5,95.1230417000188,0.9432004999835044,0.009915583891419211,True,100,False,False
100,42,zipf,1000000,5,86.53597530000843,0.7795771999808494,0.009008706463157797,True,100,False,False
100,43,zipf,1000000,5,110.13985110001522,0.7625639000034425,0.0069235966127371784,True,100,False,False
100,44,zipf,1000000,5,114.33193929999834,0.7925879000104032,0.006932340209245579,True,103,False,False
100,45,zipf,1000000,5,90.1799694999936,0.8454913999885321,0.009375600864320452,True,100,False,False
100,46,zipf,1000000,5,89.49485749998712,1.0500124999962281,0.011732657376390362,True,100,False,False
100,47,zipf,1000000,5,98.34811180000543,0.8113525999942794,0.00824980353099402,True,100,False,False
100,48,zipf,1000000,5,108.3416595000017,0.767144699988421,0.007080791484354262,True,103,False,False
100,49,zipf,1000000,5,98.04130200002692,0.8294209000014234,0.008459913149676406,True,100,False,False
1000,0,zipf,1000000,5,905.2976052000013,0.7723003000137396,0.000853089962436298,True,1029,False,False
1000,1,zipf,1000000,5,944.5051627000212,0.8553024000138976,0.0009055560877707402,True,1034,False,False
1000,2,zipf,1000000,5,1573.026027099986,1.411883900000248,0.000897559147576968,True,1021,False,False
1000,3,zipf,1000000,5,1735.3237926999864,1.4004509999940637,0.0008070257584696083,True,1009,False,False
1000,4,zipf,1000000,5,1773.8902447000146,1.4482153999852017,0.0008164064289276881,True,1009,False,False
1000,5,zipf,1000000,5,1862.7613974999986,1.390186700009508,0.0007463042244032272,True,1009,False,False
1000,6,zipf,1000000,5,1841.3766835000133,1.4095049999887124,0.0007654626088289459,True,1017,False,False
1000,7,zipf,1000000,5,1735.3041165999894,1.3661042999883648,0.0007872420095821567,True,1013,False,False
1000,8,zipf,1000000,5,1813.1468747999752,1.3471133999992162,0.0007429698160265304,True,1016,False,False
1000,9,zipf,1000000,5,1793.178576700011,1.3546984999848064,0.0007554732794532153,True,1010,False,False
10000,0,zipf,1000000,5,17012.952498999977,1.3968148000130896,8.210302121840371e-05,True,10405,False,False
