experiment,param_name,param_value,algorithm,n,seed,rep,conflict_ratio,fd_count,candidate_key_width,skew,deleted_count,raw_fd_index_count,bcnf_index_count,compression_ratio,index_count,build_time_sec,check_time_sec,total_time_sec,python_peak_mb,rss_peak_mb,result
A_conflict_ratio,conflict_ratio,0.01,FD-Hash,1000000,1,0,0.01,4,1,uniform,10000,4,1,0.75,4,18.576038500001232,0.07478809999884106,19.18649369999912,630.1335735321045,428.859375,True
A_conflict_ratio,conflict_ratio,0.01,FD-Hash,1000000,1,1,0.01,4,1,uniform,10000,4,1,0.75,4,18.23416179999913,0.07880990000012389,18.84402020000016,629.1002349853516,431.65234375,True
A_conflict_ratio,conflict_ratio,0.01,FD-Hash,1000000,1,2,0.01,4,1,uniform,10000,4,1,0.75,4,18.06842979999965,0.07829660000061267,18.675951399998667,629.1001739501953,433.0390625,True
A_conflict_ratio,conflict_ratio,0.01,FD-Hash,1000000,1,3,0.01,4,1,uniform,10000,4,1,0.75,4,18.55166250000002,0.07957139999962237,19.165001200000916,629.1002960205078,436.375,True
A_conflict_ratio,conflict_ratio,0.01,FD-Hash,1000000,1,4,0.01,4,1,uniform,10000,4,1,0.75,4,18.19030440000097,0.08148739999887766,18.800984499999686,629.1002349853516,437.72265625,True
A_conflict_ratio,conflict_ratio,0.01,BCNF-Index,1000000,1,0,0.01,4,1,uniform,10000,4,1,0.75,1,2.373170699998809,0.6716981000008673,3.577073800001017,165.77794647216797,443.05078125,True
A_conflict_ratio,conflict_ratio,0.01,BCNF-Index,1000000,1,1,0.01,4,1,uniform,10000,4,1,0.75,1,2.33829440000045,0.6664110000001529,3.5615354999990814,165.77764892578125,444.76953125,True
A_conflict_ratio,conflict_ratio,0.01,BCNF-Index,1000000,1,2,0.01,4,1,uniform,10000,4,1,0.75,1,2.328483499999493,0.6869356000006519,3.5422693000000436,165.77758026123047,444.76953125,True
A_conflict_ratio,conflict_ratio,0.01,BCNF-Index,1000000,1,3,0.01,4,1,uniform,10000,4,1,0.75,1,2.4066820000007283,0.6842245000007097,3.627172200000132,165.77757263183594,446.7890625,True
A_conflict_ratio,conflict_ratio,0.01,BCNF-Index,1000000,1,4,0.01,4,1,uniform,10000,4,1,0.75,1,2.3656080000000657,0.6612024000005476,3.5765310999995563,165.7775650024414,447.7109375,True
A_conflict_ratio,conflict_ratio,0.01,FD-Hash,1000000,2,0,0.01,4,1,uniform,10000,4,1,0.75,4,18.198363999999856,0.07750749999831896,18.819106299999476,629.1004638671875,437.33984375,True
A_conflict_ratio,conflict_ratio,0.01,FD-Hash,1000000,2,1,0.01,4,1,uniform,10000,4,1,0.75,4,18.131948800000828,0.0782705999990867,18.783423300001232,629.1001739501953,440.2734375,True
A_conflict_ratio,conflict_ratio,0.01,FD-Hash,1000000,2,2,0.01,4,1,uniform,10000,4,1,0.75,4,18.120644200000243,0.08096579999983078,18.736493899999914,629.1002960205078,443.48046875,True
A_conflict_ratio,conflict_ratio,0.01,FD-Hash,1000000,2,3,0.01,4,1,uniform,10000,4,1,0.75,4,18.069585799999913,0.07818649999899208,18.71502209999926,629.1002349853516,445.68359375,True
A_conflict_ratio,conflict_ratio,0.01,FD-Hash,1000000,2,4,0.01,4,1,uniform,10000,4,1,0.75,4,18.137060799999745,0.07681699999920966,18.782914999999775,629.1002960205078,446.68359375,True
A_conflict_ratio,conflict_ratio,0.01,BCNF-Index,1000000,2,0,0.01,4,1,uniform,10000,4,1,0.75,1,2.2771099000001414,0.6515262000011717,3.4489223000000493,165.77787017822266,452.95703125,True
A_conflict_ratio,conflict_ratio,0.01,BCNF-Index,1000000,2,1,0.01,4,1,uniform,10000,4,1,0.75,1,2.3077145000006567,0.6843083000003389,3.523350000001301,165.77759552001953,454.8046875,True
A_conflict_ratio,conflict_ratio,0.01,BCNF-Index,1000000,2,2,0.01,4,1,uniform,10000,4,1,0.75,1,2.402400899998611,0.6701727999989089,3.58839799999987,165.77752685546875,454.8046875,True
A_conflict_ratio,conflict_ratio,0.01,BCNF-Index,1000000,2,3,0.01,4,1,uniform,10000,4,1,0.75,1,2.371564600000056,0.6639617000000726,3.556674600000406,165.77751922607422,453.67578125,True
A_conflict_ratio,conflict_ratio,0.01,BCNF-Index,1000000,2,4,0.01,4,1,uniform,10000,4,1,0.75,1,2.3071932999991986,0.661117199999353,3.5269235000014305,165.7777862548828,534.625,True
A_conflict_ratio,conflict_ratio,0.01,FD-Hash,1000000,3,0,0.01,4,1,uniform,10000,4,1,0.75,4,18.413569700000153,0.08230720000028668,19.04582880000089,629.1004638671875,445.921875,True
A_conflict_ratio,conflict_ratio,0.01,FD-Hash,1000000,3,1,0.01,4,1,uniform,10000,4,1,0.75,4,18.214768800000456,0.07792279999921448,18.83786549999968,629.1001739501953,449.55859375,True
A_conflict_ratio,conflict_ratio,0.01,FD-Hash,1000000,3,2,0.01,4,1,uniform,10000,4,1,0.75,4,18.252141199998732,0.076125100000354,18.86218430000008,629.1002960205078,452.0859375,True
A_conflict_ratio,conflict_ratio,0.01,FD-Hash,1000000,3,3,0.01,4,1,uniform,10000,4,1,0.75,4,18.214034900000115,0.08306319999974221,18.809994399998686,629.1002349853516,642.78125,True
A_conflict_ratio,conflict_ratio,0.01,FD-Hash,1000000,3,4,0.01,4,1,uniform,10000,4,1,0.75,4,18.265892400000666,0.0780730999995285,18.87486600000011,629.1002960205078,660.078125,True
A_conflict_ratio,conflict_ratio,0.01,BCNF-Index,1000000,3,0,0.01,4,1,uniform,10000,4,1,0.75,1,2.2601067000014154,0.6634749999993801,3.4575951999995596,165.77782440185547,666.16796875,True
A_conflict_ratio,conflict_ratio,0.01,BCNF-Index,1000000,3,1,0.01,4,1,uniform,10000,4,1,0.75,1,2.355215400000816,0.6694704000001366,3.570048900000984,165.77754974365234,666.171875,True
A_conflict_ratio,conflict_ratio,0.01,BCNF-Index,1000000,3,2,0.01,4,1,uniform,10000,4,1,0.75,1,2.31419249999999,0.6525921000011294,3.51460969999971,165.77774810791016,543.67578125,True
A_conflict_ratio,conflict_ratio,0.01,BCNF-Index,1000000,3,3,0.01,4,1,uniform,10000,4,1,0.75,1,2.2871490999987145,0.6505550999991101,3.476323400000183,165.7774658203125,545.35546875,True
A_conflict_ratio,conflict_ratio,0.01,BCNF-Index,1000000,3,4,0.01,4,1,uniform,10000,4,1,0.75,1,2.372449399999823,0.6593632999993133,3.5463187000004837,165.77745819091797,545.35546875,True
A_conflict_ratio,conflict_ratio,0.01,FD-Hash,1000000,4,0,0.01,4,1,uniform,10000,4,1,0.75,4,18.201987600001303,0.07682709999971848,18.796047300000282,629.1004638671875,658.57421875,True
A_conflict_ratio,conflict_ratio,0.01,FD-Hash,1000000,4,1,0.01,4,1,uniform,10000,4,1,0.75,4,17.99275900000066,0.07724389999930281,18.620251599999392,629.1001739501953,659.50390625,True
A_conflict_ratio,conflict_ratio,0.01,FD-Hash,1000000,4,2,0.01,4,1,uniform,10000,4,1,0.75,4,18.080838400001085,0.07619390000036219,18.68123209999976,629.1002960205078,676.3203125,True
A_conflict_ratio,conflict_ratio,0.01,FD-Hash,1000000,4,3,0.01,4,1,uniform,10000,4,1,0.75,4,18.14486509999915,0.0766354000006686,18.76602509999975,629.1002349853516,676.3203125,True
A_conflict_ratio,conflict_ratio,0.01,FD-Hash,1000000,4,4,0.01,4,1,uniform,10000,4,1,0.75,4,18.204781799999182,0.07661690000168164,18.8290563999999,629.1002960205078,677.78125,True
A_conflict_ratio,conflict_ratio,0.01,BCNF-Index,1000000,4,0,0.01,4,1,uniform,10000,4,1,0.75,1,2.330303200000344,0.6640310000002501,3.538390800000343,165.77777099609375,682.921875,True
A_conflict_ratio,conflict_ratio,0.01,BCNF-Index,1000000,4,1,0.01,4,1,uniform,10000,4,1,0.75,1,2.3209200000001147,0.6657362999994803,3.5182043999993766,165.77749633789062,684.7734375,True
A_conflict_ratio,conflict_ratio,0.01,BCNF-Index,1000000,4,2,0.01,4,1,uniform,10000,4,1,0.75,1,2.2914344999990135,0.6515357999996922,3.497272200000225,165.77742767333984,684.7734375,True
A_conflict_ratio,conflict_ratio,0.01,BCNF-Index,1000000,4,3,0.01,4,1,uniform,10000,4,1,0.75,1,2.3568866999994498,0.6700161000007938,3.55444819999866,165.77742767333984,683.79296875,True
A_conflict_ratio,conflict_ratio,0.01,BCNF-Index,1000000,4,4,0.01,4,1,uniform,10000,4,1,0.75,1,2.374893800000791,0.6578017000010732,3.545248399999764,165.77742767333984,685.44921875,True
A_conflict_ratio,conflict_ratio,0.01,FD-Hash,1000000,5,0,0.01,4,1,uniform,10000,4,1,0.75,4,18.364738000000216,0.07734829999935755,18.973028300000806,629.1004638671875,675.3125,True
A_conflict_ratio,conflict_ratio,0.01,FD-Hash,1000000,5,1,0.01,4,1,uniform,10000,4,1,0.75,4,18.319052799999554,0.08041090000006079,18.922831199999564,629.1001739501953,694.171875,True
A_conflict_ratio,conflict_ratio,0.01,FD-Hash,1000000,5,2,0.01,4,1,uniform,10000,4,1,0.75,4,18.332124000000476,0.07599659999868891,18.933108899998842,629.1002960205078,694.171875,True
A_conflict_ratio,conflict_ratio,0.01,FD-Hash,1000000,5,3,0.01,4,1,uniform,10000,4,1,0.75,4,18.15549210000063,0.07754279999971914,18.77110900000116,629.1002349853516,690.2890625,True
A_conflict_ratio,conflict_ratio,0.01,FD-Hash,1000000,5,4,0.01,4,1,uniform,10000,4,1,0.75,4,18.246127000000342,0.08074479999959294,18.85629449999942,629.1002960205078,689.13671875,True
A_conflict_ratio,conflict_ratio,0.01,BCNF-Index,1000000,5,0,0.01,4,1,uniform,10000,4,1,0.75,1,2.332184299999426,0.6494686000005458,3.514750100001038,165.7777557373047,691.671875,True
A_conflict_ratio,conflict_ratio,0.01,BCNF-Index,1000000,5,1,0.01,4,1,uniform,10000,4,1,0.75,1,2.2783763999996154,0.6581153999995877,3.478695699999662,165.7774887084961,694.5859375,True
A_conflict_ratio,conflict_ratio,0.01,BCNF-Index,1000000,5,2,0.01,4,1,uniform,10000,4,1,0.75,1,2.373821400000452,0.6760047999996459,3.5822078000001056,165.77770233154297,696.6171875,True
A_conflict_ratio,conflict_ratio,0.01,BCNF-Index,1000000,5,3,0.01,4,1,uniform,10000,4,1,0.75,1,2.348823900001662,0.6550507000010839,3.536524899998767,165.77742767333984,696.6484375,True
A_conflict_ratio,conflict_ratio,0.01,BCNF-Index,1000000,5,4,0.01,4,1,uniform,10000,4,1,0.75,1,2.2565173000002687,0.6585006000004796,3.4419015999992553,165.77770233154297,697.65625,True
A_conflict_ratio,conflict_ratio,0.05,FD-Hash,1000000,1,0,0.05,4,1,uniform,50000,4,1,0.75,4,18.662485999999262,0.4103871999996045,19.636680099998557,629.1005630493164,675.00390625,True
A_conflict_ratio,conflict_ratio,0.05,FD-Hash,1000000,1,1,0.05,4,1,uniform,50000,4,1,0.75,4,18.39164189999974,0.39889489999950456,19.35739029999968,629.1001739501953,675.00390625,True
A_conflict_ratio,conflict_ratio,0.05,FD-Hash,1000000,1,2,0.05,4,1,uniform,50000,4,1,0.75,4,18.448085200001515,0.38713710000047286,19.40012349999961,629.1002349853516,687.1875,True
A_conflict_ratio,conflict_ratio,0.05,FD-Hash,1000000,1,3,0.05,4,1,uniform,50000,4,1,0.75,4,18.274857299998985,0.40304869999999937,19.234160399999382,629.1001739501953,692.69921875,True
A_conflict_ratio,conflict_ratio,0.05,FD-Hash,1000000,1,4,0.05,4,1,uniform,50000,4,1,0.75,4,18.200988799999323,0.3852143999993132,19.16533210000125,629.1002960205078,697.3671875,True
A_conflict_ratio,conflict_ratio,0.05,BCNF-Index,1000000,1,0,0.05,4,1,uniform,50000,4,1,0.75,1,2.373377599999003,3.2512670999985858,6.190227799999775,165.7777557373047,723.91796875,True
A_conflict_ratio,conflict_ratio,0.05,BCNF-Index,1000000,1,1,0.05,4,1,uniform,50000,4,1,0.75,1,2.277811700001621,3.1636567000023206,6.004087799999979,165.7778778076172,725.42578125,True
A_conflict_ratio,conflict_ratio,0.05,BCNF-Index,1000000,1,2,0.05,4,1,uniform,50000,4,1,0.75,1,2.38519720000113,3.2416211999989173,6.164198599999509,165.77742767333984,725.42578125,True
A_conflict_ratio,conflict_ratio,0.05,BCNF-Index,1000000,1,3,0.05,4,1,uniform,50000,4,1,0.75,1,2.288692699999956,3.1453956000004837,5.988330799998948,165.77742767333984,724.42578125,True
A_conflict_ratio,conflict_ratio,0.05,BCNF-Index,1000000,1,4,0.05,4,1,uniform,50000,4,1,0.75,1,2.3863615000009304,3.207883999999467,6.125847499999509,165.77742767333984,726.42578125,True
A_conflict_ratio,conflict_ratio,0.05,FD-Hash,1000000,2,0,0.05,4,1,uniform,50000,4,1,0.75,4,18.31951190000109,0.38407530000040424,19.26516569999876,629.1005096435547,750.5859375,True
A_conflict_ratio,conflict_ratio,0.05,FD-Hash,1000000,2,1,0.05,4,1,uniform,50000,4,1,0.75,4,18.149041799999395,0.3859583000012208,19.09947330000068,629.1001739501953,757.984375,True
A_conflict_ratio,conflict_ratio,0.05,FD-Hash,1000000,2,2,0.05,4,1,uniform,50000,4,1,0.75,4,18.093504500000563,0.3966455000008864,19.074929899998097,629.1002349853516,757.984375,True
A_conflict_ratio,conflict_ratio,0.05,FD-Hash,1000000,2,3,0.05,4,1,uniform,50000,4,1,0.75,4,18.03615130000253,0.38795410000238917,18.988921699998173,629.1001739501953,760.4375,True
A_conflict_ratio,conflict_ratio,0.05,FD-Hash,1000000,2,4,0.05,4,1,uniform,50000,4,1,0.75,4,18.211275900001056,0.3869722000017646,19.1693531000019,629.1002960205078,760.4375,True
A_conflict_ratio,conflict_ratio,0.05,BCNF-Index,1000000,2,0,0.05,4,1,uniform,50000,4,1,0.75,1,2.2613507000023674,3.1454393999993044,5.950544800001808,165.7777557373047,758.56640625,True
A_conflict_ratio,conflict_ratio,0.05,BCNF-Index,1000000,2,1,0.05,4,1,uniform,50000,4,1,0.75,1,2.328162699999666,3.2028675000001385,6.085118599999987,165.7774887084961,780.3515625,True
A_conflict_ratio,conflict_ratio,0.05,BCNF-Index,1000000,2,2,0.05,4,1,uniform,50000,4,1,0.75,1,2.3031104000001505,3.174188699998922,6.023631399999431,165.77742767333984,780.3515625,True
A_conflict_ratio,conflict_ratio,0.05,BCNF-Index,1000000,2,3,0.05,4,1,uniform,50000,4,1,0.75,1,2.3794463999984146,3.1620919999986654,6.092536399999517,165.77742767333984,780.3515625,True
A_conflict_ratio,conflict_ratio,0.05,BCNF-Index,1000000,2,4,0.05,4,1,uniform,50000,4,1,0.75,1,2.2734142000008433,3.1369599999998172,5.9544141999977,165.77742767333984,780.3515625,True
A_conflict_ratio,conflict_ratio,0.05,FD-Hash,1000000,3,0,0.05,4,1,uniform,50000,4,1,0.75,4,18.420422099999996,0.4008584000002884,19.415242099999887,629.1005096435547,719.5078125,True
A_conflict_ratio,conflict_ratio,0.05,FD-Hash,1000000,3,1,0.05,4,1,uniform,50000,4,1,0.75,4,18.3933999999972,0.40052880000075675,19.353512599998794,629.1001739501953,719.5078125,True
A_conflict_ratio,conflict_ratio,0.05,FD-Hash,1000000,3,2,0.05,4,1,uniform,50000,4,1,0.75,4,18.468245600000955,0.3874848000014026,19.398457399998733,629.1002349853516,724.80078125,True
A_conflict_ratio,conflict_ratio,0.05,FD-Hash,1000000,3,3,0.05,4,1,uniform,50000,4,1,0.75,4,18.382131899998058,0.40247780000208877,19.345661699997436,629.1001739501953,729.953125,True
A_conflict_ratio,conflict_ratio,0.05,FD-Hash,1000000,3,4,0.05,4,1,uniform,50000,4,1,0.75,4,18.38280990000203,0.3976699999984703,19.368783199999598,629.1002960205078,729.953125,True
A_conflict_ratio,conflict_ratio,0.05,BCNF-Index,1000000,3,0,0.05,4,1,uniform,50000,4,1,0.75,1,2.3567961000007926,3.136888299999555,6.050159499998699,165.7777557373047,595.08984375,True
A_conflict_ratio,conflict_ratio,0.05,BCNF-Index,1000000,3,1,0.05,4,1,uniform,50000,4,1,0.75,1,2.3263698000009754,3.22413349999988,6.127063799998723,165.7774887084961,596.6640625,True
A_conflict_ratio,conflict_ratio,0.05,BCNF-Index,1000000,3,2,0.05,4,1,uniform,50000,4,1,0.75,1,2.330407199999172,3.1124615000007907,6.02394540000023,165.77742767333984,596.6640625,True
A_conflict_ratio,conflict_ratio,0.05,BCNF-Index,1000000,3,3,0.05,4,1,uniform,50000,4,1,0.75,1,2.284456699999282,3.2145474000026297,6.0512305999982345,165.77742767333984,598.6640625,True
A_conflict_ratio,conflict_ratio,0.05,BCNF-Index,1000000,3,4,0.05,4,1,uniform,50000,4,1,0.75,1,2.433358499998576,3.1214005000001634,6.098659700001008,165.77742767333984,600.6875,True
A_conflict_ratio,conflict_ratio,0.05,FD-Hash,1000000,4,0,0.05,4,1,uniform,50000,4,1,0.75,4,18.301370700002735,0.40236519999962184,19.240190799999255,629.1005096435547,790.453125,True
A_conflict_ratio,conflict_ratio,0.05,FD-Hash,1000000,4,1,0.05,4,1,uniform,50000,4,1,0.75,4,18.083264799999597,0.3879162000012002,19.022833600000013,629.1001739501953,796.54296875,True
A_conflict_ratio,conflict_ratio,0.05,FD-Hash,1000000,4,2,0.05,4,1,uniform,50000,4,1,0.75,4,18.307139699998515,0.3895539999975881,19.2452796999969,629.1002349853516,796.54296875,True
A_conflict_ratio,conflict_ratio,0.05,FD-Hash,1000000,4,3,0.05,4,1,uniform,50000,4,1,0.75,4,18.175921399997605,0.3885848999998416,19.11862359999941,629.1001739501953,785.99609375,True
A_conflict_ratio,conflict_ratio,0.05,FD-Hash,1000000,4,4,0.05,4,1,uniform,50000,4,1,0.75,4,18.268874699999287,0.39530890000241925,19.20986940000148,629.1002960205078,803.71875,True
A_conflict_ratio,conflict_ratio,0.05,BCNF-Index,1000000,4,0,0.05,4,1,uniform,50000,4,1,0.75,1,2.271311100001185,3.227353199999925,6.0845584999988205,165.7777557373047,805.89453125,True
A_conflict_ratio,conflict_ratio,0.05,BCNF-Index,1000000,4,1,0.05,4,1,uniform,50000,4,1,0.75,1,2.3476306999982626,3.1124643000002834,6.0035532000001695,165.7774887084961,805.89453125,True
A_conflict_ratio,conflict_ratio,0.05,BCNF-Index,1000000,4,2,0.05,4,1,uniform,50000,4,1,0.75,1,2.3549469000026875,3.2572559000000183,6.182174300000042,165.77742767333984,630.484375,True
A_conflict_ratio,conflict_ratio,0.05,BCNF-Index,1000000,4,3,0.05,4,1,uniform,50000,4,1,0.75,1,2.3787136999999348,3.1397412000005716,6.062434399998892,165.77742767333984,638.640625,True
A_conflict_ratio,conflict_ratio,0.05,BCNF-Index,1000000,4,4,0.05,4,1,uniform,50000,4,1,0.75,1,2.3242755999999645,3.227211900000839,6.08532600000035,165.77742767333984,638.640625,True
A_conflict_ratio,conflict_ratio,0.05,FD-Hash,1000000,5,0,0.05,4,1,uniform,50000,4,1,0.75,4,18.591565900002024,0.39058360000126413,19.541105099997367,629.1005096435547,746.68359375,True
A_conflict_ratio,conflict_ratio,0.05,FD-Hash,1000000,5,1,0.05,4,1,uniform,50000,4,1,0.75,4,18.295975400000316,0.3965336000001116,19.253719100001035,629.1001739501953,752.33203125,True
A_conflict_ratio,conflict_ratio,0.05,FD-Hash,1000000,5,2,0.05,4,1,uniform,50000,4,1,0.75,4,18.189837000001717,0.3956390999992436,19.159236200001033,629.1002349853516,754.4921875,True
A_conflict_ratio,conflict_ratio,0.05,FD-Hash,1000000,5,3,0.05,4,1,uniform,50000,4,1,0.75,4,18.444955099999788,0.38475520000065444,19.396058499998617,629.1001739501953,754.4921875,True
A_conflict_ratio,conflict_ratio,0.05,FD-Hash,1000000,5,4,0.05,4,1,uniform,50000,4,1,0.75,4,18.328285999999935,0.40110959999947227,19.282797600000777,629.1002960205078,749.59765625,True
A_conflict_ratio,conflict_ratio,0.05,BCNF-Index,1000000,5,0,0.05,4,1,uniform,50000,4,1,0.75,1,2.296364400001039,3.122457999998005,5.98487180000302,165.7777557373047,776.125,True
A_conflict_ratio,conflict_ratio,0.05,BCNF-Index,1000000,5,1,0.05,4,1,uniform,50000,4,1,0.75,1,2.3385199999975157,3.2366958999991766,6.126818299999286,165.7774887084961,777.54296875,True
A_conflict_ratio,conflict_ratio,0.05,BCNF-Index,1000000,5,2,0.05,4,1,uniform,50000,4,1,0.75,1,2.30303069999718,3.110106000000087,5.966080899997905,165.77742767333984,777.55078125,True
A_conflict_ratio,conflict_ratio,0.05,BCNF-Index,1000000,5,3,0.05,4,1,uniform,50000,4,1,0.75,1,2.3430258000007598,3.2640702000026067,6.159846200000175,165.77742767333984,778.55078125,True
A_conflict_ratio,conflict_ratio,0.05,BCNF-Index,1000000,5,4,0.05,4,1,uniform,50000,4,1,0.75,1,2.3018254000016896,3.1249179000005824,5.962963099998888,165.77742767333984,779.55078125,True
A_conflict_ratio,conflict_ratio,0.1,FD-Hash,1000000,1,0,0.1,4,1,uniform,100000,4,1,0.75,4,19.027995200001897,0.9296167000029527,20.584261699998024,629.1005630493164,741.4765625,True
A_conflict_ratio,conflict_ratio,0.1,FD-Hash,1000000,1,1,0.1,4,1,uniform,100000,4,1,0.75,4,18.36814090000189,0.8082377999999153,19.7868077000021,629.1001739501953,754.16015625,True
A_conflict_ratio,conflict_ratio,0.1,FD-Hash,1000000,1,2,0.1,4,1,uniform,100000,4,1,0.75,4,18.2437256000012,0.7845087999994576,19.60677719999876,629.1002349853516,754.16015625,True
A_conflict_ratio,conflict_ratio,0.1,FD-Hash,1000000,1,3,0.1,4,1,uniform,100000,4,1,0.75,4,18.351067100000364,0.7834650999975565,19.71764880000046,629.1001739501953,769.234375,True
A_conflict_ratio,conflict_ratio,0.1,FD-Hash,1000000,1,4,0.1,4,1,uniform,100000,4,1,0.75,4,18.176620000002004,0.8006727000029059,19.538691600002494,629.1002960205078,769.234375,True
A_conflict_ratio,conflict_ratio,0.1,BCNF-Index,1000000,1,0,0.1,4,1,uniform,100000,4,1,0.75,1,2.3678421000004164,6.2947171999985585,9.22903579999911,165.7777557373047,819.9140625,True
A_conflict_ratio,conflict_ratio,0.1,BCNF-Index,1000000,1,1,0.1,4,1,uniform,100000,4,1,0.75,1,2.3325130000011995,6.317891900001996,9.232544499998767,165.7774887084961,819.9140625,True
A_conflict_ratio,conflict_ratio,0.1,BCNF-Index,1000000,1,2,0.1,4,1,uniform,100000,4,1,0.75,1,2.2985801000031643,6.4549334999974235,9.325422800000524,165.77770233154297,821.81640625,True
A_conflict_ratio,conflict_ratio,0.1,BCNF-Index,1000000,1,3,0.1,4,1,uniform,100000,4,1,0.75,1,2.254798400001164,6.40669710000293,9.249847999999474,165.77770233154297,823.8203125,True
A_conflict_ratio,conflict_ratio,0.1,BCNF-Index,1000000,1,4,0.1,4,1,uniform,100000,4,1,0.75,1,2.3022291000015684,6.329279800000222,9.209783199999947,165.77742767333984,823.8203125,True
A_conflict_ratio,conflict_ratio,0.1,FD-Hash,1000000,2,0,0.1,4,1,uniform,100000,4,1,0.75,4,18.391478499997902,0.7691468999983044,19.732247500000085,629.1005096435547,863.26953125,True
A_conflict_ratio,conflict_ratio,0.1,FD-Hash,1000000,2,1,0.1,4,1,uniform,100000,4,1,0.75,4,18.119395600002463,0.7976767000000109,19.47099900000103,629.1001739501953,863.26953125,True
A_conflict_ratio,conflict_ratio,0.1,FD-Hash,1000000,2,2,0.1,4,1,uniform,100000,4,1,0.75,4,18.200815399999556,0.7821188999987498,19.54483700000128,629.1002960205078,861.34375,True
A_conflict_ratio,conflict_ratio,0.1,FD-Hash,1000000,2,3,0.1,4,1,uniform,100000,4,1,0.75,4,18.304777599998488,0.7768030999977782,19.63989650000076,629.1001739501953,863.65234375,True
A_conflict_ratio,conflict_ratio,0.1,FD-Hash,1000000,2,4,0.1,4,1,uniform,100000,4,1,0.75,4,18.309273999999277,0.7853801000019303,19.658382900001016,629.1002960205078,869.95703125,True
A_conflict_ratio,conflict_ratio,0.1,BCNF-Index,1000000,2,0,0.1,4,1,uniform,100000,4,1,0.75,1,2.3333816999984265,6.332182100002683,9.21019829999932,165.7777557373047,874.58984375,True
A_conflict_ratio,conflict_ratio,0.1,BCNF-Index,1000000,2,1,0.1,4,1,uniform,100000,4,1,0.75,1,2.3487655999997514,6.289322999997239,9.203925500001787,165.7778778076172,898.90625,True
A_conflict_ratio,conflict_ratio,0.1,BCNF-Index,1000000,2,2,0.1,4,1,uniform,100000,4,1,0.75,1,2.302844100002403,6.296142200000759,9.151998299999832,165.77770233154297,898.90625,True
A_conflict_ratio,conflict_ratio,0.1,BCNF-Index,1000000,2,3,0.1,4,1,uniform,100000,4,1,0.75,1,2.2791479000006802,6.409459100003005,9.291779700000916,165.77742767333984,898.9296875,True
A_conflict_ratio,conflict_ratio,0.1,BCNF-Index,1000000,2,4,0.1,4,1,uniform,100000,4,1,0.75,1,2.2655595999967773,6.307897899998352,9.162961900001392,165.77770233154297,898.9296875,True
A_conflict_ratio,conflict_ratio,0.1,FD-Hash,1000000,3,0,0.1,4,1,uniform,100000,4,1,0.75,4,18.87954130000071,0.7952657999994699,20.278371000000334,629.1005096435547,789.53125,True
A_conflict_ratio,conflict_ratio,0.1,FD-Hash,1000000,3,1,0.1,4,1,uniform,100000,4,1,0.75,4,18.573571299999458,0.7874233999973512,19.9304564999984,629.1001739501953,789.53125,True
A_conflict_ratio,conflict_ratio,0.1,FD-Hash,1000000,3,2,0.1,4,1,uniform,100000,4,1,0.75,4,18.097753099998954,0.790951099999802,19.446770800001104,629.1002349853516,777.125,True
A_conflict_ratio,conflict_ratio,0.1,FD-Hash,1000000,3,3,0.1,4,1,uniform,100000,4,1,0.75,4,18.083820300002117,0.7704494999998133,19.44982119999986,629.1001739501953,791.98828125,True
A_conflict_ratio,conflict_ratio,0.1,FD-Hash,1000000,3,4,0.1,4,1,uniform,100000,4,1,0.75,4,18.146694700000808,0.774862000002031,19.540580100001534,629.1002960205078,791.98828125,True
A_conflict_ratio,conflict_ratio,0.1,BCNF-Index,1000000,3,0,0.1,4,1,uniform,100000,4,1,0.75,1,2.254046300000482,6.367399000002479,9.192052099999273,165.7777557373047,841.07421875,True
A_conflict_ratio,conflict_ratio,0.1,BCNF-Index,1000000,3,1,0.1,4,1,uniform,100000,4,1,0.75,1,2.286405699996976,6.368238899998687,9.241577400000097,165.7778778076172,842.08984375,True
A_conflict_ratio,conflict_ratio,0.1,BCNF-Index,1000000,3,2,0.1,4,1,uniform,100000,4,1,0.75,1,2.3222535000022617,6.248615399999835,9.140490499998123,165.77742767333984,842.22265625,True
A_conflict_ratio,conflict_ratio,0.1,BCNF-Index,1000000,3,3,0.1,4,1,uniform,100000,4,1,0.75,1,2.3055577000013727,6.287515699998039,9.162774000000354,165.77770233154297,843.24609375,True
A_conflict_ratio,conflict_ratio,0.1,BCNF-Index,1000000,3,4,0.1,4,1,uniform,100000,4,1,0.75,1,2.2875486000011733,6.345263999999588,9.231704500001797,165.77742767333984,845.2421875,True
A_conflict_ratio,conflict_ratio,0.1,FD-Hash,1000000,4,0,0.1,4,1,uniform,100000,4,1,0.75,4,18.202953199997864,0.7803735999987111,19.550301499999478,629.1005096435547,878.73046875,True
A_conflict_ratio,conflict_ratio,0.1,FD-Hash,1000000,4,1,0.1,4,1,uniform,100000,4,1,0.75,4,18.10773689999769,0.7678754000007757,19.436973500000022,629.1001739501953,878.73046875,True
A_conflict_ratio,conflict_ratio,0.1,FD-Hash,1000000,4,2,0.1,4,1,uniform,100000,4,1,0.75,4,17.97073239999736,0.7928603000000294,19.34644549999939,629.1002349853516,877.6484375,True
A_conflict_ratio,conflict_ratio,0.1,FD-Hash,1000000,4,3,0.1,4,1,uniform,100000,4,1,0.75,4,17.949490300001344,0.7847399000020232,19.305914600001415,629.1001739501953,875.41015625,True
A_conflict_ratio,conflict_ratio,0.1,FD-Hash,1000000,4,4,0.1,4,1,uniform,100000,4,1,0.75,4,18.131019500000548,0.7646399000004749,19.47993100000167,629.1002960205078,890.77734375,True
A_conflict_ratio,conflict_ratio,0.1,BCNF-Index,1000000,4,0,0.1,4,1,uniform,100000,4,1,0.75,1,2.242576900000131,6.310331900000165,9.13776019999932,165.7777557373047,895.5546875,True
A_conflict_ratio,conflict_ratio,0.1,BCNF-Index,1000000,4,1,0.1,4,1,uniform,100000,4,1,0.75,1,2.2565443000021332,6.267813500002376,9.088987399998587,165.7774887084961,904.90625,True
A_conflict_ratio,conflict_ratio,0.1,BCNF-Index,1000000,4,2,0.1,4,1,uniform,100000,4,1,0.75,1,2.3196434999990743,6.179083899998659,9.056178800001362,165.77770233154297,904.90625,True
A_conflict_ratio,conflict_ratio,0.1,BCNF-Index,1000000,4,3,0.1,4,1,uniform,100000,4,1,0.75,1,2.3878750999974727,6.268215899999632,9.195993000001181,165.77742767333984,905.01171875,True
A_conflict_ratio,conflict_ratio,0.1,BCNF-Index,1000000,4,4,0.1,4,1,uniform,100000,4,1,0.75,1,2.2812683999982255,6.29311830000006,9.139817899998889,165.77742767333984,905.01171875,True
A_conflict_ratio,conflict_ratio,0.1,FD-Hash,1000000,5,0,0.1,4,1,uniform,100000,4,1,0.75,4,18.10826680000173,0.7947313999975449,19.472527699999773,629.1005096435547,800.0625,True
A_conflict_ratio,conflict_ratio,0.1,FD-Hash,1000000,5,1,0.1,4,1,uniform,100000,4,1,0.75,4,18.119009499998356,0.782480800000485,19.50395220000064,629.1001739501953,795.171875,True
A_conflict_ratio,conflict_ratio,0.1,FD-Hash,1000000,5,2,0.1,4,1,uniform,100000,4,1,0.75,4,18.088242500001797,0.7857059000016307,19.440804500001832,629.1002960205078,803.69140625,True
A_conflict_ratio,conflict_ratio,0.1,FD-Hash,1000000,5,3,0.1,4,1,uniform,100000,4,1,0.75,4,18.0805134000002,0.8098107000005257,19.48016809999899,629.1001739501953,817.4765625,True
A_conflict_ratio,conflict_ratio,0.1,FD-Hash,1000000,5,4,0.1,4,1,uniform,100000,4,1,0.75,4,18.21289660000184,0.7764255000001867,19.5484183999979,629.1002960205078,817.4765625,True
A_conflict_ratio,conflict_ratio,0.1,BCNF-Index,1000000,5,0,0.1,4,1,uniform,100000,4,1,0.75,1,2.322969299999386,6.422193200000038,9.320318499998393,165.7777557373047,686.01953125,True
A_conflict_ratio,conflict_ratio,0.1,BCNF-Index,1000000,5,1,0.1,4,1,uniform,100000,4,1,0.75,1,2.25132179999855,6.360016099999484,9.183982600003219,165.7778778076172,689.12109375,True
A_conflict_ratio,conflict_ratio,0.1,BCNF-Index,1000000,5,2,0.1,4,1,uniform,100000,4,1,0.75,1,2.3637640999986615,6.279881599999499,9.200293600002624,165.77742767333984,689.12109375,True
A_conflict_ratio,conflict_ratio,0.1,BCNF-Index,1000000,5,3,0.1,4,1,uniform,100000,4,1,0.75,1,2.350902900001529,6.294947399997909,9.21064419999675,165.77770233154297,691.04296875,True
A_conflict_ratio,conflict_ratio,0.1,BCNF-Index,1000000,5,4,0.1,4,1,uniform,100000,4,1,0.75,1,2.3164593999972567,6.3775784999997995,9.243150800000876,165.77770233154297,691.04296875,True
A_conflict_ratio,conflict_ratio,0.2,FD-Hash,1000000,1,0,0.2,4,1,uniform,200000,4,1,0.75,4,18.538455299996713,1.6106829999989714,20.801131099997292,629.1005630493164,808.375,True
A_conflict_ratio,conflict_ratio,0.2,FD-Hash,1000000,1,1,0.2,4,1,uniform,200000,4,1,0.75,4,18.120302700001048,1.5536160000010568,20.304163699998753,629.1001739501953,818.5546875,True
A_conflict_ratio,conflict_ratio,0.2,FD-Hash,1000000,1,2,0.2,4,1,uniform,200000,4,1,0.75,4,18.255803500000184,1.5497181999999157,20.436525699999038,629.1002960205078,818.5546875,True
A_conflict_ratio,conflict_ratio,0.2,FD-Hash,1000000,1,3,0.2,4,1,uniform,200000,4,1,0.75,4,18.197981599998457,1.5948518000004697,20.424542600001587,629.1001739501953,827.60546875,True
A_conflict_ratio,conflict_ratio,0.2,FD-Hash,1000000,1,4,0.2,4,1,uniform,200000,4,1,0.75,4,18.227031599999464,1.6211351999991166,20.462607299999945,629.1002960205078,828.30859375,True
A_conflict_ratio,conflict_ratio,0.2,BCNF-Index,1000000,1,0,0.2,4,1,uniform,200000,4,1,0.75,1,2.306064399999741,12.548915199997282,15.532228799998848,195.9487829208374,933.83984375,True
A_conflict_ratio,conflict_ratio,0.2,BCNF-Index,1000000,1,1,0.2,4,1,uniform,200000,4,1,0.75,1,2.278842400002759,12.543926800000918,15.464277700000821,195.949294090271,933.83984375,True
A_conflict_ratio,conflict_ratio,0.2,BCNF-Index,1000000,1,2,0.2,4,1,uniform,200000,4,1,0.75,1,2.360142800000176,12.73423990000083,15.751651599999605,195.94923305511475,793.71875,True
A_conflict_ratio,conflict_ratio,0.2,BCNF-Index,1000000,1,3,0.2,4,1,uniform,200000,4,1,0.75,1,2.3770191999974486,12.787218500001472,15.819072399997822,195.94923305511475,796.80078125,True
A_conflict_ratio,conflict_ratio,0.2,BCNF-Index,1000000,1,4,0.2,4,1,uniform,200000,4,1,0.75,1,2.2651296999974875,12.582646700000623,15.499273000001267,195.94923305511475,798.84765625,True
A_conflict_ratio,conflict_ratio,0.2,FD-Hash,1000000,2,0,0.2,4,1,uniform,200000,4,1,0.75,4,18.537749600000097,1.5680539999993925,20.73492619999888,629.1005096435547,977.296875,True
A_conflict_ratio,conflict_ratio,0.2,FD-Hash,1000000,2,1,0.2,4,1,uniform,200000,4,1,0.75,4,17.876720500000374,1.5805986000013945,20.08576620000167,629.1001739501953,977.296875,True
A_conflict_ratio,conflict_ratio,0.2,FD-Hash,1000000,2,2,0.2,4,1,uniform,200000,4,1,0.75,4,18.08332739999969,1.5741751000023214,20.281683799999882,629.1002960205078,977.30859375,True
A_conflict_ratio,conflict_ratio,0.2,FD-Hash,1000000,2,3,0.2,4,1,uniform,200000,4,1,0.75,4,18.38517040000079,1.564634999998816,20.637880499998573,629.1001739501953,981.79296875,True
A_conflict_ratio,conflict_ratio,0.2,FD-Hash,1000000,2,4,0.2,4,1,uniform,200000,4,1,0.75,4,18.583892599999672,1.5881434000002628,20.81319050000093,629.1002960205078,981.79296875,True
A_conflict_ratio,conflict_ratio,0.2,BCNF-Index,1000000,2,0,0.2,4,1,uniform,200000,4,1,0.75,1,2.3376080999987607,13.045567299999675,16.047694999997475,195.94841480255127,985.42578125,True
A_conflict_ratio,conflict_ratio,0.2,BCNF-Index,1000000,2,1,0.2,4,1,uniform,200000,4,1,0.75,1,2.3916384000003745,12.743384699999297,15.802866400001221,195.94892597198486,1062.6015625,True
A_conflict_ratio,conflict_ratio,0.2,BCNF-Index,1000000,2,2,0.2,4,1,uniform,200000,4,1,0.75,1,2.4099305999989156,12.917383800002426,15.971571899997798,195.9488649368286,1062.6015625,True
A_conflict_ratio,conflict_ratio,0.2,BCNF-Index,1000000,2,3,0.2,4,1,uniform,200000,4,1,0.75,1,2.336721600000601,13.428883600001427,16.50210800000059,195.9488649368286,1062.63671875,True
A_conflict_ratio,conflict_ratio,0.2,BCNF-Index,1000000,2,4,0.2,4,1,uniform,200000,4,1,0.75,1,2.475107999998727,13.376705700000457,16.52158849999978,195.9488649368286,1062.63671875,True
A_conflict_ratio,conflict_ratio,0.2,FD-Hash,1000000,3,0,0.2,4,1,uniform,200000,4,1,0.75,4,18.465394099999685,1.5946785000014643,20.72274860000107,629.1005096435547,838.8828125,True
A_conflict_ratio,conflict_ratio,0.2,FD-Hash,1000000,3,1,0.2,4,1,uniform,200000,4,1,0.75,4,18.178422599998157,1.5366388999973424,20.343790799997805,629.1001739501953,844.140625,True
A_conflict_ratio,conflict_ratio,0.2,FD-Hash,1000000,3,2,0.2,4,1,uniform,200000,4,1,0.75,4,18.097598699998343,1.5120065999981307,20.228628000000754,629.1002960205078,844.140625,True
A_conflict_ratio,conflict_ratio,0.2,FD-Hash,1000000,3,3,0.2,4,1,uniform,200000,4,1,0.75,4,17.931177400001616,1.5953019999979006,20.157936999999947,629.1001739501953,852.38671875,True
A_conflict_ratio,conflict_ratio,0.2,FD-Hash,1000000,3,4,0.2,4,1,uniform,200000,4,1,0.75,4,18.058038099999976,1.5711440000013681,20.269319600000017,629.1002960205078,855.91796875,True
A_conflict_ratio,conflict_ratio,0.2,BCNF-Index,1000000,3,0,0.2,4,1,uniform,200000,4,1,0.75,1,2.284947199997987,12.532687199996872,15.447362399998383,195.9480791091919,960.7265625,True
A_conflict_ratio,conflict_ratio,0.2,BCNF-Index,1000000,3,1,0.2,4,1,uniform,200000,4,1,0.75,1,2.2669476000010036,12.449235899999621,15.35931139999957,195.9485902786255,962.74609375,True
A_conflict_ratio,conflict_ratio,0.2,BCNF-Index,1000000,3,2,0.2,4,1,uniform,200000,4,1,0.75,1,2.303547899999103,12.555857000003016,15.484474799999589,195.94852924346924,963.8515625,True
A_conflict_ratio,conflict_ratio,0.2,BCNF-Index,1000000,3,3,0.2,4,1,uniform,200000,4,1,0.75,1,2.3013379000003624,12.563758000000234,15.495222800000192,195.94852924346924,966.859375,True
A_conflict_ratio,conflict_ratio,0.2,BCNF-Index,1000000,3,4,0.2,4,1,uniform,200000,4,1,0.75,1,2.30498770000122,12.624166500001593,15.560270900001342,195.94852924346924,969.86328125,True
A_conflict_ratio,conflict_ratio,0.2,FD-Hash,1000000,4,0,0.2,4,1,uniform,200000,4,1,0.75,4,18.40963080000074,1.5793683000010788,20.631996999996773,629.1005096435547,994.37890625,True
A_conflict_ratio,conflict_ratio,0.2,FD-Hash,1000000,4,1,0.2,4,1,uniform,200000,4,1,0.75,4,17.955000499998278,1.5656627999997,20.137607199998456,629.1001739501953,996.33984375,True
A_conflict_ratio,conflict_ratio,0.2,FD-Hash,1000000,4,2,0.2,4,1,uniform,200000,4,1,0.75,4,18.181286099999852,1.546138300000166,20.389234700000088,629.1002960205078,996.33984375,True
A_conflict_ratio,conflict_ratio,0.2,FD-Hash,1000000,4,3,0.2,4,1,uniform,200000,4,1,0.75,4,18.248746700002812,1.5202315999995335,20.407532600002014,629.1001739501953,1002.42578125,True
A_conflict_ratio,conflict_ratio,0.2,FD-Hash,1000000,4,4,0.2,4,1,uniform,200000,4,1,0.75,4,18.004880000000412,1.5750200999973458,20.19326530000035,629.1002960205078,1002.42578125,True
A_conflict_ratio,conflict_ratio,0.2,BCNF-Index,1000000,4,0,0.2,4,1,uniform,200000,4,1,0.75,1,2.2665569000018877,12.541439000000537,15.4367908000022,195.94884777069092,1007.9453125,True
A_conflict_ratio,conflict_ratio,0.2,BCNF-Index,1000000,4,1,0.2,4,1,uniform,200000,4,1,0.75,1,2.2727176999978838,12.48966350000046,15.429044699998485,195.9493589401245,1067.23828125,True
A_conflict_ratio,conflict_ratio,0.2,BCNF-Index,1000000,4,2,0.2,4,1,uniform,200000,4,1,0.75,1,2.3110536000021966,12.338171899998997,15.260482599998795,195.94929790496826,1067.23828125,True
A_conflict_ratio,conflict_ratio,0.2,BCNF-Index,1000000,4,3,0.2,4,1,uniform,200000,4,1,0.75,1,2.291414100000111,12.345189600000595,15.276919100000669,195.94929790496826,1068.01171875,True
A_conflict_ratio,conflict_ratio,0.2,BCNF-Index,1000000,4,4,0.2,4,1,uniform,200000,4,1,0.75,1,2.2617998999994597,12.577510299997812,15.491767499999696,195.94929790496826,1068.01171875,True
A_conflict_ratio,conflict_ratio,0.2,FD-Hash,1000000,5,0,0.2,4,1,uniform,200000,4,1,0.75,4,18.479508200001874,1.5497004999997444,20.673534099998506,629.1005096435547,864.73046875,True
A_conflict_ratio,conflict_ratio,0.2,FD-Hash,1000000,5,1,0.2,4,1,uniform,200000,4,1,0.75,4,18.1663910999996,1.5956466000025102,20.438891599998897,629.1001739501953,864.73046875,True
A_conflict_ratio,conflict_ratio,0.2,FD-Hash,1000000,5,2,0.2,4,1,uniform,200000,4,1,0.75,4,18.339473300002282,1.5757158999986132,20.531089599997358,629.1002960205078,863.125,True
A_conflict_ratio,conflict_ratio,0.2,FD-Hash,1000000,5,3,0.2,4,1,uniform,200000,4,1,0.75,4,18.28283459999875,1.5378784000022279,20.455291099999158,629.1001739501953,863.125,True
A_conflict_ratio,conflict_ratio,0.2,FD-Hash,1000000,5,4,0.2,4,1,uniform,200000,4,1,0.75,4,18.289924599997903,1.5595996000010928,20.468515199998365,629.1002960205078,882.09765625,True
A_conflict_ratio,conflict_ratio,0.2,BCNF-Index,1000000,5,0,0.2,4,1,uniform,200000,4,1,0.75,1,2.2518400000008114,12.554506299999048,15.429500099999132,195.9482126235962,983.91015625,True
A_conflict_ratio,conflict_ratio,0.2,BCNF-Index,1000000,5,1,0.2,4,1,uniform,200000,4,1,0.75,1,2.3333464000024833,12.47803550000026,15.446938299999601,195.94872379302979,986.96875,True
A_conflict_ratio,conflict_ratio,0.2,BCNF-Index,1000000,5,2,0.2,4,1,uniform,200000,4,1,0.75,1,2.2888175000007323,12.480509700002585,15.412259900000208,195.94866275787354,986.96875,True
A_conflict_ratio,conflict_ratio,0.2,BCNF-Index,1000000,5,3,0.2,4,1,uniform,200000,4,1,0.75,1,2.253039200000785,12.473636700000498,15.347735999999713,195.94866275787354,986.9765625,True
A_conflict_ratio,conflict_ratio,0.2,BCNF-Index,1000000,5,4,0.2,4,1,uniform,200000,4,1,0.75,1,2.2641078000015114,12.437335800001165,15.309157100000448,195.94866275787354,987.98046875,True
A_conflict_ratio,conflict_ratio,0.4,FD-Hash,1000000,1,0,0.4,4,1,uniform,400000,4,1,0.75,4,18.606349699999555,3.1078292000020156,22.50137790000008,669.1007232666016,949.02734375,True
A_conflict_ratio,conflict_ratio,0.4,FD-Hash,1000000,1,1,0.4,4,1,uniform,400000,4,1,0.75,4,18.041408600001887,3.105256599999848,21.9970229999999,669.1003341674805,949.02734375,True
A_conflict_ratio,conflict_ratio,0.4,FD-Hash,1000000,1,2,0.4,4,1,uniform,400000,4,1,0.75,4,18.382491899999877,3.1536545000017213,22.389501000001474,669.100456237793,937.71875,True
A_conflict_ratio,conflict_ratio,0.4,FD-Hash,1000000,1,3,0.4,4,1,uniform,400000,4,1,0.75,4,18.48675269999876,3.0968562999987626,22.395526100001007,669.1003952026367,941.6484375,True
A_conflict_ratio,conflict_ratio,0.4,FD-Hash,1000000,1,4,0.4,4,1,uniform,400000,4,1,0.75,4,18.21446730000025,3.072642699997232,22.10564069999964,669.100456237793,948.8671875,True
A_conflict_ratio,conflict_ratio,0.4,BCNF-Index,1000000,1,0,0.4,4,1,uniform,400000,4,1,0.75,1,2.258926899998187,25.231159200000548,28.300714900000457,306.8617105484009,1161.1015625,True
A_conflict_ratio,conflict_ratio,0.4,BCNF-Index,1000000,1,1,0.4,4,1,uniform,400000,4,1,0.75,1,2.353951400000369,24.971122499999183,28.11328290000165,306.8622217178345,1163.296875,True
A_conflict_ratio,conflict_ratio,0.4,BCNF-Index,1000000,1,2,0.4,4,1,uniform,400000,4,1,0.75,1,2.2423902999980783,25.066698499998893,28.13794870000129,306.8621606826782,1163.296875,True
A_conflict_ratio,conflict_ratio,0.4,BCNF-Index,1000000,1,3,0.4,4,1,uniform,400000,4,1,0.75,1,2.2918124999996508,24.82132019999699,27.91535769999973,306.8621606826782,1164.296875,True
A_conflict_ratio,conflict_ratio,0.4,BCNF-Index,1000000,1,4,0.4,4,1,uniform,400000,4,1,0.75,1,2.312976900000649,24.9803021000007,28.11135690000083,306.8621606826782,1166.296875,True
A_conflict_ratio,conflict_ratio,0.4,FD-Hash,1000000,2,0,0.4,4,1,uniform,400000,4,1,0.75,4,18.386238999999478,3.2357644000003347,22.447571900000185,669.1006698608398,1144.1875,True
A_conflict_ratio,conflict_ratio,0.4,FD-Hash,1000000,2,1,0.4,4,1,uniform,400000,4,1,0.75,4,18.199964600000385,3.2074452999986534,22.231809499997325,669.1003341674805,1144.1875,True
A_conflict_ratio,conflict_ratio,0.4,FD-Hash,1000000,2,2,0.4,4,1,uniform,400000,4,1,0.75,4,17.882725600000413,3.158433699998568,21.849576900000102,669.100456237793,1143.8671875,True
A_conflict_ratio,conflict_ratio,0.4,FD-Hash,1000000,2,3,0.4,4,1,uniform,400000,4,1,0.75,4,18.05037799999991,3.1437688000005437,21.97122209999725,669.1003952026367,1148.2109375,True
A_conflict_ratio,conflict_ratio,0.4,FD-Hash,1000000,2,4,0.4,4,1,uniform,400000,4,1,0.75,4,18.03535760000159,3.1003410999983316,21.942749699999695,669.100456237793,1149.921875,True
A_conflict_ratio,conflict_ratio,0.4,BCNF-Index,1000000,2,0,0.4,4,1,uniform,400000,4,1,0.75,1,2.2692410000017844,24.794802000000345,27.859660399997665,306.8603868484497,1197.12109375,True
A_conflict_ratio,conflict_ratio,0.4,BCNF-Index,1000000,2,1,0.4,4,1,uniform,400000,4,1,0.75,1,2.264347300002555,24.89831239999694,27.962703799999872,306.8608980178833,1361.3359375,True
A_conflict_ratio,conflict_ratio,0.4,BCNF-Index,1000000,2,2,0.4,4,1,uniform,400000,4,1,0.75,1,2.2752804000010656,24.767439700000978,27.84472370000003,306.86083698272705,1361.3359375,True
A_conflict_ratio,conflict_ratio,0.4,BCNF-Index,1000000,2,3,0.4,4,1,uniform,400000,4,1,0.75,1,2.330178699998214,24.98857019999923,28.106034000000363,306.86083698272705,1361.4140625,True
A_conflict_ratio,conflict_ratio,0.4,BCNF-Index,1000000,2,4,0.4,4,1,uniform,400000,4,1,0.75,1,2.2737271999976656,24.729454799999075,27.813250600000174,306.86083698272705,1361.4140625,True
A_conflict_ratio,conflict_ratio,0.4,FD-Hash,1000000,3,0,0.4,4,1,uniform,400000,4,1,0.75,4,18.34159539999746,3.080720100002509,22.24963729999945,669.1006698608398,965.94140625,True
A_conflict_ratio,conflict_ratio,0.4,FD-Hash,1000000,3,1,0.4,4,1,uniform,400000,4,1,0.75,4,18.06169790000058,3.1072813000027963,22.00062590000016,669.1003341674805,963.12890625,True
A_conflict_ratio,conflict_ratio,0.4,FD-Hash,1000000,3,2,0.4,4,1,uniform,400000,4,1,0.75,4,18.018787600001815,3.077761399999872,21.879204400000162,669.100456237793,963.12890625,True
A_conflict_ratio,conflict_ratio,0.4,FD-Hash,1000000,3,3,0.4,4,1,uniform,400000,4,1,0.75,4,17.88948999999775,3.1480248000007123,21.836663200003386,669.1003952026367,973.6953125,True
A_conflict_ratio,conflict_ratio,0.4,FD-Hash,1000000,3,4,0.4,4,1,uniform,400000,4,1,0.75,4,18.35093010000128,3.197600399998919,22.337910800000827,669.100456237793,974.91796875,True
A_conflict_ratio,conflict_ratio,0.4,BCNF-Index,1000000,3,0,0.4,4,1,uniform,400000,4,1,0.75,1,2.2642486999975517,25.084638699998322,28.13969670000006,306.86074447631836,1185.19140625,True
A_conflict_ratio,conflict_ratio,0.4,BCNF-Index,1000000,3,1,0.4,4,1,uniform,400000,4,1,0.75,1,2.322812399997929,24.929309600000124,28.04766430000018,306.86125564575195,1187.390625,True
A_conflict_ratio,conflict_ratio,0.4,BCNF-Index,1000000,3,2,0.4,4,1,uniform,400000,4,1,0.75,1,2.309891400000197,24.802856500002235,27.9083821000022,306.8611946105957,1187.390625,True
A_conflict_ratio,conflict_ratio,0.4,BCNF-Index,1000000,3,3,0.4,4,1,uniform,400000,4,1,0.75,1,2.2586422999993374,24.816681499996776,27.86141409999982,306.8611946105957,1190.390625,True
A_conflict_ratio,conflict_ratio,0.4,BCNF-Index,1000000,3,4,0.4,4,1,uniform,400000,4,1,0.75,1,2.3783584000011615,25.083215700000437,28.240069700001186,306.8611946105957,1192.390625,True
A_conflict_ratio,conflict_ratio,0.4,FD-Hash,1000000,4,0,0.4,4,1,uniform,400000,4,1,0.75,4,18.189028400000097,3.207161400001496,22.22142420000091,669.1006698608398,1163.8828125,True
A_conflict_ratio,conflict_ratio,0.4,FD-Hash,1000000,4,1,0.4,4,1,uniform,400000,4,1,0.75,4,17.825543599999946,3.117097599999397,21.758198999999877,669.1003341674805,1169.4609375,True
A_conflict_ratio,conflict_ratio,0.4,FD-Hash,1000000,4,2,0.4,4,1,uniform,400000,4,1,0.75,4,17.860724899997876,3.116219200001069,21.82011500000226,669.100456237793,1169.4609375,True
A_conflict_ratio,conflict_ratio,0.4,FD-Hash,1000000,4,3,0.4,4,1,uniform,400000,4,1,0.75,4,18.094714200000453,3.0657294999982696,21.944475399999646,669.1003952026367,1173.87890625,True
A_conflict_ratio,conflict_ratio,0.4,FD-Hash,1000000,4,4,0.4,4,1,uniform,400000,4,1,0.75,4,17.85627899999963,3.058569000000716,21.744965000001685,669.100456237793,1173.87890625,True
A_conflict_ratio,conflict_ratio,0.4,BCNF-Index,1000000,4,0,0.4,4,1,uniform,400000,4,1,0.75,1,2.27352609999798,25.063014100000146,28.130087500001537,306.86141872406006,1203.06640625,True
A_conflict_ratio,conflict_ratio,0.4,BCNF-Index,1000000,4,1,0.4,4,1,uniform,400000,4,1,0.75,1,2.344160299999203,24.985802899998816,28.125292799999443,306.86192989349365,1383.2265625,True
A_conflict_ratio,conflict_ratio,0.4,BCNF-Index,1000000,4,2,0.4,4,1,uniform,400000,4,1,0.75,1,2.2525509999977658,25.166406699998333,28.22518289999789,306.8618688583374,1383.2265625,True
A_conflict_ratio,conflict_ratio,0.4,BCNF-Index,1000000,4,3,0.4,4,1,uniform,400000,4,1,0.75,1,2.351886699998431,24.93063980000079,28.06482699999833,306.8618688583374,1384.29296875,True
A_conflict_ratio,conflict_ratio,0.4,BCNF-Index,1000000,4,4,0.4,4,1,uniform,400000,4,1,0.75,1,2.3074588000017684,24.84258950000003,27.953599100001156,306.8618688583374,1384.29296875,True
A_conflict_ratio,conflict_ratio,0.4,FD-Hash,1000000,5,0,0.4,4,1,uniform,400000,4,1,0.75,4,17.92432650000046,3.121774799998093,21.895806699998502,669.1006698608398,993.20703125,True
A_conflict_ratio,conflict_ratio,0.4,FD-Hash,1000000,5,1,0.4,4,1,uniform,400000,4,1,0.75,4,17.840511800000968,3.1201225999975577,21.761690600000293,669.1003341674805,1001.83984375,True
A_conflict_ratio,conflict_ratio,0.4,FD-Hash,1000000,5,2,0.4,4,1,uniform,400000,4,1,0.75,4,17.72002180000345,3.1090684000009787,21.641159999999218,669.100456237793,1008.46484375,True
A_conflict_ratio,conflict_ratio,0.4,FD-Hash,1000000,5,3,0.4,4,1,uniform,400000,4,1,0.75,4,17.718975699997827,3.1262315999993007,21.633185899998352,669.1003952026367,1008.46484375,True
A_conflict_ratio,conflict_ratio,0.4,FD-Hash,1000000,5,4,0.4,4,1,uniform,400000,4,1,0.75,4,18.1161022999986,3.1094731999983196,22.062429599998723,669.100456237793,1008.93359375,True
A_conflict_ratio,conflict_ratio,0.4,BCNF-Index,1000000,5,0,0.4,4,1,uniform,400000,4,1,0.75,1,2.3183294000009482,25.020811599999433,28.142953899998247,306.86133670806885,1212.35546875,True
A_conflict_ratio,conflict_ratio,0.4,BCNF-Index,1000000,5,1,0.4,4,1,uniform,400000,4,1,0.75,1,2.3119111000014527,25.250538599997526,28.385477399999218,306.86184787750244,1219.4609375,True
A_conflict_ratio,conflict_ratio,0.4,BCNF-Index,1000000,5,2,0.4,4,1,uniform,400000,4,1,0.75,1,2.3218382999984897,24.846764199999598,27.98046460000114,306.8617868423462,1219.4609375,True
A_conflict_ratio,conflict_ratio,0.4,BCNF-Index,1000000,5,3,0.4,4,1,uniform,400000,4,1,0.75,1,2.371490300000005,25.018639599999005,28.208166100001108,306.8617868423462,1216.34375,True
A_conflict_ratio,conflict_ratio,0.4,BCNF-Index,1000000,5,4,0.4,4,1,uniform,400000,4,1,0.75,1,2.2464981000011903,24.76725989999977,27.817660100001376,306.8617868423462,1216.34375,True
B_fd_count,fd_count,1,FD-Hash,1000000,1,0,0.1,1,1,uniform,100000,1,1,0.0,1,4.892909900001541,0.8043201000000408,6.2659420000018144,257.33058166503906,784.03125,True
B_fd_count,fd_count,1,FD-Hash,1000000,1,1,0.1,1,1,uniform,100000,1,1,0.0,1,4.840610499999457,0.7967924000004132,6.2168443000009574,257.3299789428711,784.578125,True
B_fd_count,fd_count,1,FD-Hash,1000000,1,2,0.1,1,1,uniform,100000,1,1,0.0,1,4.7497416000005614,0.8024224000000686,6.1393411999997625,257.3300018310547,784.578125,True
B_fd_count,fd_count,1,FD-Hash,1000000,1,3,0.1,1,1,uniform,100000,1,1,0.0,1,4.843152499997814,0.7775571000020136,6.203860800000257,257.3299789428711,784.59375,True
B_fd_count,fd_count,1,FD-Hash,1000000,1,4,0.1,1,1,uniform,100000,1,1,0.0,1,4.80232149999938,0.8135332999991078,6.199429599997529,257.3300018310547,785.02734375,True
B_fd_count,fd_count,1,BCNF-Index,1000000,1,0,0.1,1,1,uniform,100000,1,1,0.0,1,2.253571000001102,6.2126897999987705,9.029490000000806,165.7777099609375,837.39453125,True
B_fd_count,fd_count,1,BCNF-Index,1000000,1,1,0.1,1,1,uniform,100000,1,1,0.0,1,2.3186277999993763,6.305353199997626,9.207024800001818,165.77753448486328,839.3359375,True
B_fd_count,fd_count,1,BCNF-Index,1000000,1,2,0.1,1,1,uniform,100000,1,1,0.0,1,2.2382766000009724,6.2784616999997525,9.06794219999938,165.77765655517578,840.3359375,True
B_fd_count,fd_count,1,BCNF-Index,1000000,1,3,0.1,1,1,uniform,100000,1,1,0.0,1,2.2626648000004934,6.297693199998321,9.120570899998711,165.77765655517578,842.09375,True
B_fd_count,fd_count,1,BCNF-Index,1000000,1,4,0.1,1,1,uniform,100000,1,1,0.0,1,2.3103059999994002,6.247767199998634,9.122784900002443,165.77747344970703,844.2890625,True
B_fd_count,fd_count,1,FD-Hash,1000000,2,0,0.1,1,1,uniform,100000,1,1,0.0,1,4.954212899996492,0.8078170999979193,6.333279100002983,257.33058166503906,1016.78515625,True
B_fd_count,fd_count,1,FD-Hash,1000000,2,1,0.1,1,1,uniform,100000,1,1,0.0,1,4.831985100001475,0.8059619999985443,6.218395599997166,257.3299789428711,1016.703125,True
B_fd_count,fd_count,1,FD-Hash,1000000,2,2,0.1,1,1,uniform,100000,1,1,0.0,1,4.899640799998451,0.8075346000005084,6.2897591999972065,257.3300018310547,1016.703125,True
B_fd_count,fd_count,1,FD-Hash,1000000,2,3,0.1,1,1,uniform,100000,1,1,0.0,1,4.907235300001048,0.8076704000013706,6.265267399998265,257.3299789428711,1015.6796875,True
B_fd_count,fd_count,1,FD-Hash,1000000,2,4,0.1,1,1,uniform,100000,1,1,0.0,1,4.848290099998849,0.7975122999996529,6.200853400001506,257.3300018310547,1015.671875,True
B_fd_count,fd_count,1,BCNF-Index,1000000,2,0,0.1,1,1,uniform,100000,1,1,0.0,1,2.3233126000013726,6.319016499997815,9.19927910000115,165.7777099609375,825.41796875,True
B_fd_count,fd_count,1,BCNF-Index,1000000,2,1,0.1,1,1,uniform,100000,1,1,0.0,1,2.2414850999994087,6.288869600000908,9.089638699999341,165.77783203125,826.078125,True
B_fd_count,fd_count,1,BCNF-Index,1000000,2,2,0.1,1,1,uniform,100000,1,1,0.0,1,2.2275650999981735,6.234611500000028,9.015710400002718,165.77765655517578,826.34375,True
B_fd_count,fd_count,1,BCNF-Index,1000000,2,3,0.1,1,1,uniform,100000,1,1,0.0,1,2.382842699997127,6.123007399997732,9.09266320000097,165.77747344970703,827.11328125,True
B_fd_count,fd_count,1,BCNF-Index,1000000,2,4,0.1,1,1,uniform,100000,1,1,0.0,1,2.3582731999995303,6.2569546999984595,9.16989889999968,165.77747344970703,827.58203125,True
B_fd_count,fd_count,1,FD-Hash,1000000,3,0,0.1,1,1,uniform,100000,1,1,0.0,1,4.9815725999978895,0.8082205999999132,6.363109099998837,257.33058166503906,653.6484375,True
B_fd_count,fd_count,1,FD-Hash,1000000,3,1,0.1,1,1,uniform,100000,1,1,0.0,1,4.749889300001087,0.8111487999995006,6.139524400001392,257.3299789428711,654.68359375,True
B_fd_count,fd_count,1,FD-Hash,1000000,3,2,0.1,1,1,uniform,100000,1,1,0.0,1,4.81865309999921,0.786157300000923,6.178828700001759,257.3300018310547,654.68359375,True
B_fd_count,fd_count,1,FD-Hash,1000000,3,3,0.1,1,1,uniform,100000,1,1,0.0,1,4.780783599999268,0.8041438000000198,6.141782700000476,257.3299789428711,653.41796875,True
B_fd_count,fd_count,1,FD-Hash,1000000,3,4,0.1,1,1,uniform,100000,1,1,0.0,1,4.9046211000022595,0.800970000000234,6.267770599999494,257.3300018310547,653.39453125,True
B_fd_count,fd_count,1,BCNF-Index,1000000,3,0,0.1,1,1,uniform,100000,1,1,0.0,1,2.2454071000029217,6.343292800000199,9.16942840000047,165.7777099609375,706.56640625,True
B_fd_count,fd_count,1,BCNF-Index,1000000,3,1,0.1,1,1,uniform,100000,1,1,0.0,1,2.2470146999985445,6.338695300000836,9.153291299997363,165.77783203125,708.5078125,True
B_fd_count,fd_count,1,BCNF-Index,1000000,3,2,0.1,1,1,uniform,100000,1,1,0.0,1,2.2764796999981627,6.254154000002018,9.102664899997762,165.77765655517578,711.5078125,True
B_fd_count,fd_count,1,BCNF-Index,1000000,3,3,0.1,1,1,uniform,100000,1,1,0.0,1,2.316488100001152,6.2317986999987625,9.10526849999951,165.77747344970703,712.5078125,True
B_fd_count,fd_count,1,BCNF-Index,1000000,3,4,0.1,1,1,uniform,100000,1,1,0.0,1,2.275829199999862,6.275397900000826,9.111521499999071,165.77765655517578,715.5078125,True
B_fd_count,fd_count,1,FD-Hash,1000000,4,0,0.1,1,1,uniform,100000,1,1,0.0,1,5.051168800000596,0.819391099998029,6.426091400000587,257.33058166503906,876.03515625,True
B_fd_count,fd_count,1,FD-Hash,1000000,4,1,0.1,1,1,uniform,100000,1,1,0.0,1,4.74538389999725,0.8008659000006446,6.1153228000002855,257.3299789428711,875.92578125,True
B_fd_count,fd_count,1,FD-Hash,1000000,4,2,0.1,1,1,uniform,100000,1,1,0.0,1,4.946845000002213,0.7872986000002129,6.2953584999995655,257.3300018310547,875.92578125,True
B_fd_count,fd_count,1,FD-Hash,1000000,4,3,0.1,1,1,uniform,100000,1,1,0.0,1,4.757878399999754,0.8234480999999505,6.136016600001312,257.3299789428711,873.92578125,True
B_fd_count,fd_count,1,FD-Hash,1000000,4,4,0.1,1,1,uniform,100000,1,1,0.0,1,4.97497629999998,0.7812244000015198,6.315396599999076,257.3300018310547,873.92578125,True
B_fd_count,fd_count,1,BCNF-Index,1000000,4,0,0.1,1,1,uniform,100000,1,1,0.0,1,2.2416064999997616,6.287475400000403,9.095186599999579,165.7777099609375,877.53125,True
B_fd_count,fd_count,1,BCNF-Index,1000000,4,1,0.1,1,1,uniform,100000,1,1,0.0,1,2.2364073999997345,6.256750199998351,9.063571499998943,165.77783203125,877.53125,True
B_fd_count,fd_count,1,BCNF-Index,1000000,4,2,0.1,1,1,uniform,100000,1,1,0.0,1,2.3555024999986927,6.223789100000431,9.160420800002612,165.77747344970703,877.52734375,True
B_fd_count,fd_count,1,BCNF-Index,1000000,4,3,0.1,1,1,uniform,100000,1,1,0.0,1,2.326881900000444,6.330681800001912,9.22349359999862,165.77765655517578,877.52734375,True
B_fd_count,fd_count,1,BCNF-Index,1000000,4,4,0.1,1,1,uniform,100000,1,1,0.0,1,2.279011900001933,6.413001100001566,9.249328400001104,165.77765655517578,877.52734375,True
B_fd_count,fd_count,1,FD-Hash,1000000,5,0,0.1,1,1,uniform,100000,1,1,0.0,1,4.9738973999992595,0.821794300001784,6.359560999997484,257.33058166503906,663.21875,True
B_fd_count,fd_count,1,FD-Hash,1000000,5,1,0.1,1,1,uniform,100000,1,1,0.0,1,4.782099600000947,0.7786006999995152,6.123698100000183,257.3299789428711,664.12109375,True
B_fd_count,fd_count,1,FD-Hash,1000000,5,2,0.1,1,1,uniform,100000,1,1,0.0,1,4.924637200001598,0.8120200999983354,6.320389599997725,257.3300018310547,664.12109375,True
B_fd_count,fd_count,1,FD-Hash,1000000,5,3,0.1,1,1,uniform,100000,1,1,0.0,1,4.741687199999433,0.7888184999974328,6.108270699998684,257.3299789428711,661.08984375,True
B_fd_count,fd_count,1,FD-Hash,1000000,5,4,0.1,1,1,uniform,100000,1,1,0.0,1,4.97415909999836,0.7905138000023726,6.331092800002807,257.3300018310547,661.90234375,True
B_fd_count,fd_count,1,BCNF-Index,1000000,5,0,0.1,1,1,uniform,100000,1,1,0.0,1,2.2595647999987705,6.3022495999975945,9.114127999997436,165.7777099609375,661.90234375,True
B_fd_count,fd_count,1,BCNF-Index,1000000,5,1,0.1,1,1,uniform,100000,1,1,0.0,1,2.328352599997743,6.24988250000024,9.154599700003018,165.77783203125,667.6796875,True
B_fd_count,fd_count,1,BCNF-Index,1000000,5,2,0.1,1,1,uniform,100000,1,1,0.0,1,2.346489000003203,6.260839400001714,9.164058299997123,165.77747344970703,670.2109375,True
B_fd_count,fd_count,1,BCNF-Index,1000000,5,3,0.1,1,1,uniform,100000,1,1,0.0,1,2.2590880999996443,6.3126556999995955,9.129746399998112,165.77765655517578,672.54296875,True
B_fd_count,fd_count,1,BCNF-Index,1000000,5,4,0.1,1,1,uniform,100000,1,1,0.0,1,2.294257199999265,6.264442699997744,9.114994700001262,165.77747344970703,674.01171875,True
B_fd_count,fd_count,2,FD-Hash,1000000,1,0,0.1,2,1,uniform,100000,2,1,0.5,2,9.437568099998316,0.768902399999206,10.775733700000274,381.25364685058594,786.28515625,True
B_fd_count,fd_count,2,FD-Hash,1000000,1,1,0.1,2,1,uniform,100000,2,1,0.5,2,9.261182599999302,0.7620987000009336,10.598001999998814,381.25343322753906,787.140625,True
B_fd_count,fd_count,2,FD-Hash,1000000,1,2,0.1,2,1,uniform,100000,2,1,0.5,2,9.217620999999781,0.7546460999983537,10.54221089999919,381.2533721923828,787.35546875,True
B_fd_count,fd_count,2,FD-Hash,1000000,1,3,0.1,2,1,uniform,100000,2,1,0.5,2,9.178920899998047,0.7692238000017824,10.537248100001307,381.2533721923828,789.1640625,True
B_fd_count,fd_count,2,FD-Hash,1000000,1,4,0.1,2,1,uniform,100000,2,1,0.5,2,9.09714090000125,0.8014247999999498,10.458620199999132,381.2533493041992,790.3046875,True
B_fd_count,fd_count,2,BCNF-Index,1000000,1,0,0.1,2,1,uniform,100000,2,1,0.5,1,2.3488322000011976,6.275671700001112,9.20030989999941,165.77745056152344,839.64453125,True
B_fd_count,fd_count,2,BCNF-Index,1000000,1,1,0.1,2,1,uniform,100000,2,1,0.5,1,2.3392153999993752,6.177057400000194,9.087908100002096,165.7775421142578,841.57421875,True
B_fd_count,fd_count,2,BCNF-Index,1000000,1,2,0.1,2,1,uniform,100000,2,1,0.5,1,2.3652151999995112,6.319089900000108,9.251095200001146,165.77767181396484,843.57421875,True
B_fd_count,fd_count,2,BCNF-Index,1000000,1,3,0.1,2,1,uniform,100000,2,1,0.5,1,2.280522799999744,6.319582000000082,9.186952700001711,165.77767181396484,845.57421875,True
B_fd_count,fd_count,2,BCNF-Index,1000000,1,4,0.1,2,1,uniform,100000,2,1,0.5,1,2.2904835999979696,6.24359380000169,9.124940300000162,165.77748107910156,846.57421875,True
B_fd_count,fd_count,2,FD-Hash,1000000,2,0,0.1,2,1,uniform,100000,2,1,0.5,2,9.367581300000893,0.7619914999995672,10.691131600000517,381.25364685058594,1039.24609375,True
B_fd_count,fd_count,2,FD-Hash,1000000,2,1,0.1,2,1,uniform,100000,2,1,0.5,2,9.296975599998405,0.7728992999982438,10.630841599999258,381.25343322753906,1037.22265625,True
B_fd_count,fd_count,2,FD-Hash,1000000,2,2,0.1,2,1,uniform,100000,2,1,0.5,2,9.164812200000597,0.7741940000014438,10.502093700000842,381.2533721923828,1037.22265625,True
B_fd_count,fd_count,2,FD-Hash,1000000,2,3,0.1,2,1,uniform,100000,2,1,0.5,2,9.134327100000519,0.7814082000004419,10.479020000002492,381.2533721923828,1037.2265625,True
B_fd_count,fd_count,2,FD-Hash,1000000,2,4,0.1,2,1,uniform,100000,2,1,0.5,2,9.113481299998966,0.830546699999104,10.503029399998923,381.2533493041992,1037.25,True
B_fd_count,fd_count,2,BCNF-Index,1000000,2,0,0.1,2,1,uniform,100000,2,1,0.5,1,2.39331250000032,6.237597799998184,9.176663199999894,165.77745056152344,1039.96875,True
B_fd_count,fd_count,2,BCNF-Index,1000000,2,1,0.1,2,1,uniform,100000,2,1,0.5,1,2.376801999998861,6.184646400000929,9.120464999999967,165.77784729003906,1039.96875,True
B_fd_count,fd_count,2,BCNF-Index,1000000,2,2,0.1,2,1,uniform,100000,2,1,0.5,1,2.4032847999988007,6.269873299999745,9.236809500001982,165.77748107910156,1039.96875,True
B_fd_count,fd_count,2,BCNF-Index,1000000,2,3,0.1,2,1,uniform,100000,2,1,0.5,1,2.2554524000006495,6.249156000001676,9.099147700002504,165.77767181396484,1039.96875,True
B_fd_count,fd_count,2,BCNF-Index,1000000,2,4,0.1,2,1,uniform,100000,2,1,0.5,1,2.2520944999996573,6.171693100000994,8.997960100001364,165.77767181396484,1039.96875,True
B_fd_count,fd_count,2,FD-Hash,1000000,3,0,0.1,2,1,uniform,100000,2,1,0.5,2,9.207160400001158,0.7599726000007649,10.52928299999985,381.25364685058594,801.5859375,True
B_fd_count,fd_count,2,FD-Hash,1000000,3,1,0.1,2,1,uniform,100000,2,1,0.5,2,9.216103800001292,0.8000481999988551,10.572977300002094,381.25343322753906,801.71875,True
B_fd_count,fd_count,2,FD-Hash,1000000,3,2,0.1,2,1,uniform,100000,2,1,0.5,2,9.120771399997466,0.7879806999990251,10.476687799997308,381.2533721923828,802.71875,True
B_fd_count,fd_count,2,FD-Hash,1000000,3,3,0.1,2,1,uniform,100000,2,1,0.5,2,9.178122999997868,0.7863610999993398,10.522550599998794,381.2533721923828,804.72265625,True
B_fd_count,fd_count,2,FD-Hash,1000000,3,4,0.1,2,1,uniform,100000,2,1,0.5,2,9.115217500002473,0.8044921000000613,10.485855099999753,381.2533493041992,805.8671875,True
B_fd_count,fd_count,2,BCNF-Index,1000000,3,0,0.1,2,1,uniform,100000,2,1,0.5,1,2.370714800003043,6.241279999998369,9.18593569999939,165.77772521972656,859.234375,True
B_fd_count,fd_count,2,BCNF-Index,1000000,3,1,0.1,2,1,uniform,100000,2,1,0.5,1,2.439175499999692,6.276388100002805,9.288470700001199,165.7775421142578,859.234375,True
B_fd_count,fd_count,2,BCNF-Index,1000000,3,2,0.1,2,1,uniform,100000,2,1,0.5,1,2.2805594999990717,6.317970299998706,9.160808699998597,165.77767181396484,861.1484375,True
B_fd_count,fd_count,2,BCNF-Index,1000000,3,3,0.1,2,1,uniform,100000,2,1,0.5,1,2.308739800002513,6.320231199999398,9.235389400000713,165.77767181396484,864.15234375,True
B_fd_count,fd_count,2,BCNF-Index,1000000,3,4,0.1,2,1,uniform,100000,2,1,0.5,1,2.3383431999973254,6.216951999998855,9.128173799999786,165.77748107910156,867.15234375,True
B_fd_count,fd_count,2,FD-Hash,1000000,4,0,0.1,2,1,uniform,100000,2,1,0.5,2,9.355889500002377,0.7844499000020733,10.703595000002679,381.25364685058594,1044.6484375,True
B_fd_count,fd_count,2,FD-Hash,1000000,4,1,0.1,2,1,uniform,100000,2,1,0.5,2,9.275926099999197,0.7774533999981941,10.62818469999911,381.25343322753906,1043.8203125,True
B_fd_count,fd_count,2,FD-Hash,1000000,4,2,0.1,2,1,uniform,100000,2,1,0.5,2,9.250769300000684,0.8006729000007908,10.617403899999772,381.2533721923828,1043.703125,True
B_fd_count,fd_count,2,FD-Hash,1000000,4,3,0.1,2,1,uniform,100000,2,1,0.5,2,9.159458899997844,0.8103798999982246,10.526772699999128,381.2533721923828,1043.703125,True
B_fd_count,fd_count,2,FD-Hash,1000000,4,4,0.1,2,1,uniform,100000,2,1,0.5,2,9.071445600002335,0.7718893999990541,10.422621400000935,381.2533493041992,1043.69140625,True
B_fd_count,fd_count,2,BCNF-Index,1000000,4,0,0.1,2,1,uniform,100000,2,1,0.5,1,2.469787099998939,6.229484199997387,9.259876300002361,165.77745056152344,853.625,True
B_fd_count,fd_count,2,BCNF-Index,1000000,4,1,0.1,2,1,uniform,100000,2,1,0.5,1,2.3548057000007248,6.302998600000137,9.226671899999928,165.77784729003906,854.31640625,True
B_fd_count,fd_count,2,BCNF-Index,1000000,4,2,0.1,2,1,uniform,100000,2,1,0.5,1,2.2666127999982564,6.411932999999408,9.243791699998837,165.77767181396484,854.46484375,True
B_fd_count,fd_count,2,BCNF-Index,1000000,4,3,0.1,2,1,uniform,100000,2,1,0.5,1,2.28681620000134,6.195346300002711,9.052553000001353,165.77748107910156,855.1328125,True
B_fd_count,fd_count,2,BCNF-Index,1000000,4,4,0.1,2,1,uniform,100000,2,1,0.5,1,2.3603846000005433,6.1404411000003165,9.079227199999877,165.77767181396484,855.16015625,True
B_fd_count,fd_count,2,FD-Hash,1000000,5,0,0.1,2,1,uniform,100000,2,1,0.5,2,9.256404299998394,0.799479599998449,10.606397699997615,381.25364685058594,815.42578125,True
B_fd_count,fd_count,2,FD-Hash,1000000,5,1,0.1,2,1,uniform,100000,2,1,0.5,2,9.172053099999175,0.9389145000022836,10.685764599998947,381.25343322753906,817.3828125,True
B_fd_count,fd_count,2,FD-Hash,1000000,5,2,0.1,2,1,uniform,100000,2,1,0.5,2,9.188062000001082,0.788583399997151,10.556068100002449,381.2533721923828,818.33984375,True
B_fd_count,fd_count,2,FD-Hash,1000000,5,3,0.1,2,1,uniform,100000,2,1,0.5,2,9.16410420000102,0.7895045000004757,10.52950310000233,381.2533721923828,820.3359375,True
B_fd_count,fd_count,2,FD-Hash,1000000,5,4,0.1,2,1,uniform,100000,2,1,0.5,2,9.07946830000219,0.7655236999999033,10.4092770999996,381.2533493041992,821.4453125,True
B_fd_count,fd_count,2,BCNF-Index,1000000,5,0,0.1,2,1,uniform,100000,2,1,0.5,1,2.429279100000713,6.249819299999217,9.24019810000027,165.77745056152344,871.84375,True
B_fd_count,fd_count,2,BCNF-Index,1000000,5,1,0.1,2,1,uniform,100000,2,1,0.5,1,2.2990931999993336,6.337513000002218,9.204168900003424,165.7775421142578,873.7734375,True
B_fd_count,fd_count,2,BCNF-Index,1000000,5,2,0.1,2,1,uniform,100000,2,1,0.5,1,2.308346999998321,6.264887799999997,9.1274525000008,165.77767181396484,875.7734375,True
B_fd_count,fd_count,2,BCNF-Index,1000000,5,3,0.1,2,1,uniform,100000,2,1,0.5,1,2.29954859999998,6.229114999998274,9.09161839999797,165.77767181396484,877.7734375,True
B_fd_count,fd_count,2,BCNF-Index,1000000,5,4,0.1,2,1,uniform,100000,2,1,0.5,1,2.372340099998837,6.237701099998958,9.177617299999838,165.77748107910156,879.87109375,True
B_fd_count,fd_count,4,FD-Hash,1000000,1,0,0.1,4,1,uniform,100000,4,1,0.75,4,18.652241899999353,0.7967222000006586,20.0083317000026,629.1005630493164,788.79296875,True
B_fd_count,fd_count,4,FD-Hash,1000000,1,1,0.1,4,1,uniform,100000,4,1,0.75,4,17.903801600001316,0.7995589999991353,19.268197800000053,629.1001739501953,788.79296875,True
B_fd_count,fd_count,4,FD-Hash,1000000,1,2,0.1,4,1,uniform,100000,4,1,0.75,4,18.03405879999991,0.7797811000018555,19.387401399999362,629.1002349853516,781.9921875,True
B_fd_count,fd_count,4,FD-Hash,1000000,1,3,0.1,4,1,uniform,100000,4,1,0.75,4,18.159875600002124,0.7942069999990053,19.5094124999996,629.1001739501953,793.21875,True
B_fd_count,fd_count,4,FD-Hash,1000000,1,4,0.1,4,1,uniform,100000,4,1,0.75,4,17.713574400000653,0.7747416000020166,19.05668069999956,629.1002960205078,799.5859375,True
B_fd_count,fd_count,4,BCNF-Index,1000000,1,0,0.1,4,1,uniform,100000,4,1,0.75,1,2.288057599998865,6.152534800003195,9.003823500002909,165.7777557373047,853.8984375,True
B_fd_count,fd_count,4,BCNF-Index,1000000,1,1,0.1,4,1,uniform,100000,4,1,0.75,1,2.283240900000237,6.291724599999725,9.14298250000138,165.7774887084961,854.90625,True
B_fd_count,fd_count,4,BCNF-Index,1000000,1,2,0.1,4,1,uniform,100000,4,1,0.75,1,2.2405703000003996,6.374479099999007,9.183842300000833,165.77770233154297,856.90234375,True
B_fd_count,fd_count,4,BCNF-Index,1000000,1,3,0.1,4,1,uniform,100000,4,1,0.75,1,2.2279568999983894,6.26071420000153,9.047871799997665,165.77770233154297,858.90625,True
B_fd_count,fd_count,4,BCNF-Index,1000000,1,4,0.1,4,1,uniform,100000,4,1,0.75,1,2.3308250999980373,6.166093900003034,9.035009200000786,165.77742767333984,858.90625,True
B_fd_count,fd_count,4,FD-Hash,1000000,2,0,0.1,4,1,uniform,100000,4,1,0.75,4,18.056418299998768,0.7757853000002797,19.403859799997008,629.1005096435547,1061.37109375,True
B_fd_count,fd_count,4,FD-Hash,1000000,2,1,0.1,4,1,uniform,100000,4,1,0.75,4,17.8724289999991,0.7879307000002882,19.231497000000672,629.1001739501953,1069.05078125,True
B_fd_count,fd_count,4,FD-Hash,1000000,2,2,0.1,4,1,uniform,100000,4,1,0.75,4,17.939536099998804,0.7548193999973591,19.255116899999848,629.1002960205078,1073.6796875,True
B_fd_count,fd_count,4,FD-Hash,1000000,2,3,0.1,4,1,uniform,100000,4,1,0.75,4,18.069157899997663,0.7862277999993239,19.412396600000648,629.1001739501953,1073.6796875,True
B_fd_count,fd_count,4,FD-Hash,1000000,2,4,0.1,4,1,uniform,100000,4,1,0.75,4,18.09431830000176,0.7788213000021642,19.462604000000283,629.1002960205078,1077.3828125,True
B_fd_count,fd_count,4,BCNF-Index,1000000,2,0,0.1,4,1,uniform,100000,4,1,0.75,1,2.306532500002504,6.17436330000055,9.035861899999873,165.7777557373047,1081.60546875,True
B_fd_count,fd_count,4,BCNF-Index,1000000,2,1,0.1,4,1,uniform,100000,4,1,0.75,1,2.3074271000004956,6.281252600001608,9.15539329999956,165.7778778076172,1081.65234375,True
B_fd_count,fd_count,4,BCNF-Index,1000000,2,2,0.1,4,1,uniform,100000,4,1,0.75,1,2.2222287000004144,6.359189599999809,9.162268299998686,165.77770233154297,1081.65234375,True
B_fd_count,fd_count,4,BCNF-Index,1000000,2,3,0.1,4,1,uniform,100000,4,1,0.75,1,2.2504243000003044,6.245346400002745,9.050475500000175,165.77742767333984,1080.7734375,True
B_fd_count,fd_count,4,BCNF-Index,1000000,2,4,0.1,4,1,uniform,100000,4,1,0.75,1,2.347780700001749,6.214127399998688,9.129117299999052,165.77770233154297,1080.7734375,True
B_fd_count,fd_count,4,FD-Hash,1000000,3,0,0.1,4,1,uniform,100000,4,1,0.75,4,18.106921200000215,0.7952560000012454,19.5287986000003,629.1005096435547,813.05859375,True
B_fd_count,fd_count,4,FD-Hash,1000000,3,1,0.1,4,1,uniform,100000,4,1,0.75,4,18.04425739999715,0.7890688000006776,19.40433699999994,629.1001739501953,812.2578125,True
B_fd_count,fd_count,4,FD-Hash,1000000,3,2,0.1,4,1,uniform,100000,4,1,0.75,4,17.980228600001283,0.7755752999983088,19.33933590000015,629.1002349853516,814.609375,True
B_fd_count,fd_count,4,FD-Hash,1000000,3,3,0.1,4,1,uniform,100000,4,1,0.75,4,17.935617300001468,0.7914249000023119,19.290822399998433,629.1001739501953,814.609375,True
B_fd_count,fd_count,4,FD-Hash,1000000,3,4,0.1,4,1,uniform,100000,4,1,0.75,4,18.034202099999675,0.7931511000024329,19.414506700002676,629.1002960205078,811.9609375,True
B_fd_count,fd_count,4,BCNF-Index,1000000,3,0,0.1,4,1,uniform,100000,4,1,0.75,1,2.3291496000019833,6.230346599997574,9.116834299999027,165.7777557373047,677.0234375,True
B_fd_count,fd_count,4,BCNF-Index,1000000,3,1,0.1,4,1,uniform,100000,4,1,0.75,1,2.321859499999846,6.320394300000771,9.210617500000808,165.7778778076172,677.60546875,True
B_fd_count,fd_count,4,BCNF-Index,1000000,3,2,0.1,4,1,uniform,100000,4,1,0.75,1,2.2603296999986924,6.359020100000635,9.201333499997418,165.77742767333984,678.171875,True
B_fd_count,fd_count,4,BCNF-Index,1000000,3,3,0.1,4,1,uniform,100000,4,1,0.75,1,2.234696100000292,6.286453200002143,9.090077500000916,165.77770233154297,679.453125,True
B_fd_count,fd_count,4,BCNF-Index,1000000,3,4,0.1,4,1,uniform,100000,4,1,0.75,1,2.385636999999406,6.257353499997407,9.20794290000049,165.77742767333984,681.52734375,True
B_fd_count,fd_count,4,FD-Hash,1000000,4,0,0.1,4,1,uniform,100000,4,1,0.75,4,18.21569129999989,0.7772179000021424,19.558788500002265,629.1005096435547,1073.0,True
B_fd_count,fd_count,4,FD-Hash,1000000,4,1,0.1,4,1,uniform,100000,4,1,0.75,4,17.81408569999985,0.8016891000006581,19.200872400000662,629.1001739501953,1073.0,True
B_fd_count,fd_count,4,FD-Hash,1000000,4,2,0.1,4,1,uniform,100000,4,1,0.75,4,18.04488859999765,0.7565180000019609,19.367769699998462,629.1002349853516,1078.1015625,True
B_fd_count,fd_count,4,FD-Hash,1000000,4,3,0.1,4,1,uniform,100000,4,1,0.75,4,17.833609799999977,0.7699108000015258,19.16844249999849,629.1001739501953,1078.1015625,True
B_fd_count,fd_count,4,FD-Hash,1000000,4,4,0.1,4,1,uniform,100000,4,1,0.75,4,17.99339659999896,0.8072241000008944,19.375872900000104,629.1002960205078,1076.70703125,True
B_fd_count,fd_count,4,BCNF-Index,1000000,4,0,0.1,4,1,uniform,100000,4,1,0.75,1,2.352828099999897,6.243312800001149,9.154279700000188,165.7777557373047,1071.97265625,True
B_fd_count,fd_count,4,BCNF-Index,1000000,4,1,0.1,4,1,uniform,100000,4,1,0.75,1,2.3308775999976206,6.302216200001567,9.178237100000842,165.7774887084961,1072.0,True
B_fd_count,fd_count,4,BCNF-Index,1000000,4,2,0.1,4,1,uniform,100000,4,1,0.75,1,2.2438753000024008,6.3048157000012,9.12527449999834,165.77770233154297,1072.0,True
B_fd_count,fd_count,4,BCNF-Index,1000000,4,3,0.1,4,1,uniform,100000,4,1,0.75,1,2.3030151999992086,6.311016200001177,9.182273200000054,165.77742767333984,890.62890625,True
B_fd_count,fd_count,4,BCNF-Index,1000000,4,4,0.1,4,1,uniform,100000,4,1,0.75,1,2.287558899999567,6.1979861999971035,9.057390800000576,165.77742767333984,891.6484375,True
B_fd_count,fd_count,4,FD-Hash,1000000,5,0,0.1,4,1,uniform,100000,4,1,0.75,4,18.374152799999138,0.8075055000008433,19.76363119999951,629.1005096435547,813.77734375,True
B_fd_count,fd_count,4,FD-Hash,1000000,5,1,0.1,4,1,uniform,100000,4,1,0.75,4,18.23287319999872,0.7959353999976884,19.58295409999846,629.1001739501953,813.77734375,True
B_fd_count,fd_count,4,FD-Hash,1000000,5,2,0.1,4,1,uniform,100000,4,1,0.75,4,18.439288400000805,0.7703485999991244,19.768850599997677,629.1002960205078,815.41796875,True
B_fd_count,fd_count,4,FD-Hash,1000000,5,3,0.1,4,1,uniform,100000,4,1,0.75,4,18.31210949999877,0.7658860000010463,19.63328410000031,629.1001739501953,826.9296875,True
B_fd_count,fd_count,4,FD-Hash,1000000,5,4,0.1,4,1,uniform,100000,4,1,0.75,4,18.170250999999553,0.7820530999997573,19.526313599999412,629.1002960205078,826.9296875,True
B_fd_count,fd_count,4,BCNF-Index,1000000,5,0,0.1,4,1,uniform,100000,4,1,0.75,1,2.3184772999993584,6.341698000000179,9.217846900002769,165.7777557373047,879.2578125,True
B_fd_count,fd_count,4,BCNF-Index,1000000,5,1,0.1,4,1,uniform,100000,4,1,0.75,1,2.341797699999006,6.297928700001648,9.197274600002856,165.7778778076172,881.203125,True
B_fd_count,fd_count,4,BCNF-Index,1000000,5,2,0.1,4,1,uniform,100000,4,1,0.75,1,2.410076399999525,6.340813800001342,9.33962959999917,165.77742767333984,881.203125,True
B_fd_count,fd_count,4,BCNF-Index,1000000,5,3,0.1,4,1,uniform,100000,4,1,0.75,1,2.230564299999969,6.286227400003554,9.092276300001686,165.77770233154297,881.21484375,True
B_fd_count,fd_count,4,BCNF-Index,1000000,5,4,0.1,4,1,uniform,100000,4,1,0.75,1,2.229043499999534,6.2298441999992065,9.035290700001497,165.77770233154297,881.21484375,True
B_fd_count,fd_count,8,FD-Hash,1000000,1,0,0.1,8,1,uniform,100000,8,1,0.875,8,36.2496988999992,0.7522242999984883,37.59434070000134,1155.3119888305664,781.54296875,True
B_fd_count,fd_count,8,FD-Hash,1000000,1,1,0.1,8,1,uniform,100000,8,1,0.875,8,35.865951399999176,0.7641803999977128,37.21458420000272,1155.3117218017578,830.69140625,True
B_fd_count,fd_count,8,FD-Hash,1000000,1,2,0.1,8,1,uniform,100000,8,1,0.875,8,35.469285899998795,0.7786517999993521,36.81412300000011,1155.3117218017578,854.234375,True
B_fd_count,fd_count,8,FD-Hash,1000000,1,3,0.1,8,1,uniform,100000,8,1,0.875,8,35.48664970000027,0.7531965000016498,36.80748239999957,1155.3117218017578,854.234375,True
B_fd_count,fd_count,8,FD-Hash,1000000,1,4,0.1,8,1,uniform,100000,8,1,0.875,8,35.66790419999961,0.741460699999152,36.957486499999504,1155.3115997314453,897.71484375,True
B_fd_count,fd_count,8,BCNF-Index,1000000,1,0,0.1,8,1,uniform,100000,8,1,0.875,1,2.216930099999445,6.334026900000026,9.134490399999777,165.77781677246094,951.03515625,True
B_fd_count,fd_count,8,BCNF-Index,1000000,1,1,0.1,8,1,uniform,100000,8,1,0.875,1,2.2014304000003904,6.187195899998187,8.964342299997952,165.77793884277344,953.10546875,True
B_fd_count,fd_count,8,BCNF-Index,1000000,1,2,0.1,8,1,uniform,100000,8,1,0.875,1,2.267979700001888,6.138838000002579,8.98804260000179,165.77742767333984,955.17578125,True
B_fd_count,fd_count,8,BCNF-Index,1000000,1,3,0.1,8,1,uniform,100000,8,1,0.875,1,2.2921099000013783,6.218678600002022,9.064100499999768,165.77776336669922,957.1953125,True
B_fd_count,fd_count,8,BCNF-Index,1000000,1,4,0.1,8,1,uniform,100000,8,1,0.875,1,2.257553100000223,6.339970699998958,9.146715999999287,165.77776336669922,958.203125,True
B_fd_count,fd_count,8,FD-Hash,1000000,2,0,0.1,8,1,uniform,100000,8,1,0.875,8,36.3021198000024,0.7824552000020049,37.64471770000091,1155.3119888305664,1217.68359375,True
B_fd_count,fd_count,8,FD-Hash,1000000,2,1,0.1,8,1,uniform,100000,8,1,0.875,8,35.41129689999798,0.7586739000034868,36.72841250000056,1155.3117218017578,1217.68359375,True
B_fd_count,fd_count,8,FD-Hash,1000000,2,2,0.1,8,1,uniform,100000,8,1,0.875,8,35.681310299998586,0.7354099000003771,37.00426659999721,1155.3117218017578,1241.02734375,True
B_fd_count,fd_count,8,FD-Hash,1000000,2,3,0.1,8,1,uniform,100000,8,1,0.875,8,35.50932440000179,0.7548843000004126,36.85558089999904,1155.3117218017578,1253.08203125,True
B_fd_count,fd_count,8,FD-Hash,1000000,2,4,0.1,8,1,uniform,100000,8,1,0.875,8,35.42650340000182,0.7375522000002093,36.7217399000001,1155.3117218017578,1256.2265625,True
B_fd_count,fd_count,8,BCNF-Index,1000000,2,0,0.1,8,1,uniform,100000,8,1,0.875,1,2.3037946000004013,6.238255699998263,9.098251799998252,165.77781677246094,1260.4765625,True
B_fd_count,fd_count,8,BCNF-Index,1000000,2,1,0.1,8,1,uniform,100000,8,1,0.875,1,2.269212299997889,6.293588299999101,9.12257789999785,165.77793884277344,1260.4765625,True
B_fd_count,fd_count,8,BCNF-Index,1000000,2,2,0.1,8,1,uniform,100000,8,1,0.875,1,2.2628648999998404,6.291297299998405,9.116626400002133,165.77776336669922,915.5703125,True
B_fd_count,fd_count,8,BCNF-Index,1000000,2,3,0.1,8,1,uniform,100000,8,1,0.875,1,2.333171800000855,6.16327960000126,9.055169499999465,165.77742767333984,915.5703125,True
B_fd_count,fd_count,8,BCNF-Index,1000000,2,4,0.1,8,1,uniform,100000,8,1,0.875,1,2.314731100002973,6.134063400000741,9.017827100000432,165.77742767333984,915.9375,True
B_fd_count,fd_count,8,FD-Hash,1000000,3,0,0.1,8,1,uniform,100000,8,1,0.875,8,36.39143929999773,0.7563597000007576,37.7149900000004,1155.3119888305664,957.87890625,True
B_fd_count,fd_count,8,FD-Hash,1000000,3,1,0.1,8,1,uniform,100000,8,1,0.875,8,35.79613800000152,0.7590557000003173,37.14491909999924,1155.3117218017578,967.2890625,True
B_fd_count,fd_count,8,FD-Hash,1000000,3,2,0.1,8,1,uniform,100000,8,1,0.875,8,35.34976520000055,0.7504442999997991,36.67852920000223,1155.3117218017578,975.828125,True
B_fd_count,fd_count,8,FD-Hash,1000000,3,3,0.1,8,1,uniform,100000,8,1,0.875,8,35.538076799999544,0.7565178999975615,36.87316959999953,1155.3117218017578,975.828125,True
B_fd_count,fd_count,8,FD-Hash,1000000,3,4,0.1,8,1,uniform,100000,8,1,0.875,8,35.38891330000115,0.7538558000014746,36.71009050000066,1155.3115997314453,1000.890625,True
B_fd_count,fd_count,8,BCNF-Index,1000000,3,0,0.1,8,1,uniform,100000,8,1,0.875,1,2.2901030000030005,6.197669799999858,9.057798699999694,165.77781677246094,1053.8515625,True
B_fd_count,fd_count,8,BCNF-Index,1000000,3,1,0.1,8,1,uniform,100000,8,1,0.875,1,2.2722097000005306,6.171711300001334,9.010308000000805,165.77793884277344,1055.84375,True
B_fd_count,fd_count,8,BCNF-Index,1000000,3,2,0.1,8,1,uniform,100000,8,1,0.875,1,2.3426962999983516,6.280802999997832,9.186744399998133,165.77742767333984,1058.85546875,True
B_fd_count,fd_count,8,BCNF-Index,1000000,3,3,0.1,8,1,uniform,100000,8,1,0.875,1,2.233144899997569,6.3056079000016325,9.097328600000765,165.77776336669922,1061.85546875,True
B_fd_count,fd_count,8,BCNF-Index,1000000,3,4,0.1,8,1,uniform,100000,8,1,0.875,1,2.231491800001095,6.224644499998249,9.028994799999055,165.77776336669922,1063.87109375,True
B_fd_count,fd_count,8,FD-Hash,1000000,4,0,0.1,8,1,uniform,100000,8,1,0.875,8,36.39774639999814,0.7668607000014163,37.73838550000073,1155.3119888305664,1305.921875,True
B_fd_count,fd_count,8,FD-Hash,1000000,4,1,0.1,8,1,uniform,100000,8,1,0.875,8,35.386896299998625,0.7370832000015071,36.695335300002625,1155.3117218017578,1305.0390625,True
B_fd_count,fd_count,8,FD-Hash,1000000,4,2,0.1,8,1,uniform,100000,8,1,0.875,8,35.6658251000008,0.7708390000007057,36.993829999999434,1155.3117218017578,1324.7578125,True
B_fd_count,fd_count,8,FD-Hash,1000000,4,3,0.1,8,1,uniform,100000,8,1,0.875,8,35.238713599999755,0.764426599998842,36.56570009999996,1155.3117218017578,1327.65625,True
B_fd_count,fd_count,8,FD-Hash,1000000,4,4,0.1,8,1,uniform,100000,8,1,0.875,8,35.44857090000005,0.7329884999999194,36.753577600000426,1155.3117218017578,1327.65625,True
B_fd_count,fd_count,8,BCNF-Index,1000000,4,0,0.1,8,1,uniform,100000,8,1,0.875,1,2.2390264999994542,6.274282900001708,9.078850599998987,165.77781677246094,926.23828125,True
B_fd_count,fd_count,8,BCNF-Index,1000000,4,1,0.1,8,1,uniform,100000,8,1,0.875,1,2.290799700000207,6.222327399998903,9.081591000001936,165.7774887084961,926.23828125,True
B_fd_count,fd_count,8,BCNF-Index,1000000,4,2,0.1,8,1,uniform,100000,8,1,0.875,1,2.283732299998519,6.182261999998445,9.02344820000144,165.77776336669922,925.5078125,True
B_fd_count,fd_count,8,BCNF-Index,1000000,4,3,0.1,8,1,uniform,100000,8,1,0.875,1,2.3217278000010992,6.249423500001285,9.127240099998744,165.77776336669922,926.078125,True
B_fd_count,fd_count,8,BCNF-Index,1000000,4,4,0.1,8,1,uniform,100000,8,1,0.875,1,2.2467259999975795,6.275022900001204,9.088197299999592,165.77742767333984,926.109375,True
B_fd_count,fd_count,8,FD-Hash,1000000,5,0,0.1,8,1,uniform,100000,8,1,0.875,8,36.559148399999685,0.784453799999028,37.904345700000704,1155.3119888305664,1042.96875,True
B_fd_count,fd_count,8,FD-Hash,1000000,5,1,0.1,8,1,uniform,100000,8,1,0.875,8,35.54702339999858,0.7730152000003727,36.886823099997855,1155.3117218017578,1046.84765625,True
B_fd_count,fd_count,8,FD-Hash,1000000,5,2,0.1,8,1,uniform,100000,8,1,0.875,8,35.128136399998766,0.7529414999989967,36.460474700001214,1155.3117218017578,1046.84765625,True
B_fd_count,fd_count,8,FD-Hash,1000000,5,3,0.1,8,1,uniform,100000,8,1,0.875,8,35.57688060000146,0.7357855000009295,36.87551910000184,1155.3117218017578,1064.72265625,True
B_fd_count,fd_count,8,FD-Hash,1000000,5,4,0.1,8,1,uniform,100000,8,1,0.875,8,35.581566400000156,0.7519930999987992,36.912253799997416,1155.3115997314453,1066.71484375,True
B_fd_count,fd_count,8,BCNF-Index,1000000,5,0,0.1,8,1,uniform,100000,8,1,0.875,1,2.3599643999987165,6.377301600001374,9.29238020000048,165.77781677246094,1120.77734375,True
B_fd_count,fd_count,8,BCNF-Index,1000000,5,1,0.1,8,1,uniform,100000,8,1,0.875,1,2.246165300002758,6.3169842999996035,9.12105899999733,165.77793884277344,1122.7578125,True
B_fd_count,fd_count,8,BCNF-Index,1000000,5,2,0.1,8,1,uniform,100000,8,1,0.875,1,2.226535599998897,6.288517700002558,9.097734499999206,165.77776336669922,1124.7578125,True
B_fd_count,fd_count,8,BCNF-Index,1000000,5,3,0.1,8,1,uniform,100000,8,1,0.875,1,2.3098819000006188,6.199501600000076,9.095912799999496,165.77742767333984,1124.76171875,True
B_fd_count,fd_count,8,BCNF-Index,1000000,5,4,0.1,8,1,uniform,100000,8,1,0.875,1,2.322633499999938,6.323151000000507,9.217552899997827,165.77776336669922,1125.76171875,True
B_fd_count,fd_count,16,FD-Hash,1000000,1,0,0.1,16,1,uniform,100000,15,1,0.9333333333333333,15,69.0104102999976,0.7575499999984459,70.33660210000016,2129.5877990722656,1038.44140625,True
B_fd_count,fd_count,16,FD-Hash,1000000,1,1,0.1,16,1,uniform,100000,15,1,0.9333333333333333,15,68.36187020000216,0.7513313999988895,69.71446680000008,2129.587532043457,1149.82421875,True
B_fd_count,fd_count,16,FD-Hash,1000000,1,2,0.1,16,1,uniform,100000,15,1,0.9333333333333333,15,68.15084510000088,0.7445212000020547,69.4944779000034,2129.587532043457,1149.82421875,True
B_fd_count,fd_count,16,FD-Hash,1000000,1,3,0.1,16,1,uniform,100000,15,1,0.9333333333333333,15,68.02268090000143,0.7344056000001729,69.34723349999695,2129.587471008301,1221.46875,True
B_fd_count,fd_count,16,FD-Hash,1000000,1,4,0.1,16,1,uniform,100000,15,1,0.9333333333333333,15,67.30754739999975,0.7518901000003098,68.65281279999908,2129.587471008301,1221.46875,True
B_fd_count,fd_count,16,BCNF-Index,1000000,1,0,0.1,16,1,uniform,100000,15,1,0.9333333333333333,1,2.2881252999977733,6.400087499998335,9.26605550000022,165.77792358398438,662.06640625,True
B_fd_count,fd_count,16,BCNF-Index,1000000,1,1,0.1,16,1,uniform,100000,15,1,0.9333333333333333,1,2.25169090000054,6.301132000000507,9.098472599998786,165.77804565429688,662.06640625,True
B_fd_count,fd_count,16,BCNF-Index,1000000,1,2,0.1,16,1,uniform,100000,15,1,0.9333333333333333,1,2.268895100001828,6.323304999998072,9.1795669000021,165.77742767333984,661.3515625,True
B_fd_count,fd_count,16,BCNF-Index,1000000,1,3,0.1,16,1,uniform,100000,15,1,0.9333333333333333,1,2.3383328999989317,6.249915799999144,9.144550100001652,165.77787017822266,658.2421875,True
B_fd_count,fd_count,16,BCNF-Index,1000000,1,4,0.1,16,1,uniform,100000,15,1,0.9333333333333333,1,2.3200618000009854,6.2790554000021075,9.215701599998283,165.77787017822266,659.5546875,True
B_fd_count,fd_count,16,FD-Hash,1000000,2,0,0.1,16,1,uniform,100000,15,1,0.9333333333333333,15,68.29225629999928,0.7491441999991366,69.60544719999962,2129.587745666504,943.79296875,True
B_fd_count,fd_count,16,FD-Hash,1000000,2,1,0.1,16,1,uniform,100000,15,1,0.9333333333333333,15,67.71095629999763,0.7649788000016997,69.0526675000001,2129.587532043457,1649.2890625,True
B_fd_count,fd_count,16,FD-Hash,1000000,2,2,0.1,16,1,uniform,100000,15,1,0.9333333333333333,15,67.64224399999875,0.7533270999992965,68.9855733000004,2129.587532043457,1649.2890625,True
B_fd_count,fd_count,16,FD-Hash,1000000,2,3,0.1,16,1,uniform,100000,15,1,0.9333333333333333,15,68.36048680000022,0.7455435000010766,69.68117320000238,2129.587471008301,1719.640625,True
B_fd_count,fd_count,16,FD-Hash,1000000,2,4,0.1,16,1,uniform,100000,15,1,0.9333333333333333,15,68.10837729999912,0.7701305000009597,69.43563489999724,2129.587471008301,1719.640625,True
B_fd_count,fd_count,16,BCNF-Index,1000000,2,0,0.1,16,1,uniform,100000,15,1,0.9333333333333333,1,2.2918975000029604,6.383982200000901,9.2359217000012,165.77792358398438,956.26953125,True
B_fd_count,fd_count,16,BCNF-Index,1000000,2,1,0.1,16,1,uniform,100000,15,1,0.9333333333333333,1,2.240151499998319,6.230530799999542,9.040399999998044,165.77804565429688,956.26953125,True
B_fd_count,fd_count,16,BCNF-Index,1000000,2,2,0.1,16,1,uniform,100000,15,1,0.9333333333333333,1,2.3094564999992144,6.196557600000233,9.096358299997519,165.77742767333984,954.5703125,True
B_fd_count,fd_count,16,BCNF-Index,1000000,2,3,0.1,16,1,uniform,100000,15,1,0.9333333333333333,1,2.2954123000017717,6.286417499999516,9.16173229999913,165.77787017822266,948.15234375,True
B_fd_count,fd_count,16,BCNF-Index,1000000,2,4,0.1,16,1,uniform,100000,15,1,0.9333333333333333,1,2.314927400002489,6.280486200001178,9.161179399998218,165.77742767333984,948.59375,True
B_fd_count,fd_count,16,FD-Hash,1000000,3,0,0.1,16,1,uniform,100000,15,1,0.9333333333333333,15,68.34738469999866,0.7782839999999851,69.69744999999966,2129.587745666504,613.8984375,True
B_fd_count,fd_count,16,FD-Hash,1000000,3,1,0.1,16,1,uniform,100000,15,1,0.9333333333333333,15,67.79140550000011,0.7492424000010942,69.1089596999991,2129.587532043457,1428.37890625,True
B_fd_count,fd_count,16,FD-Hash,1000000,3,2,0.1,16,1,uniform,100000,15,1,0.9333333333333333,15,67.95105340000009,0.7552546000006259,69.27824730000066,2129.587532043457,1428.37890625,True
B_fd_count,fd_count,16,FD-Hash,1000000,3,3,0.1,16,1,uniform,100000,15,1,0.9333333333333333,15,68.02935190000062,0.7617274000003817,69.37807629999952,2129.587471008301,1483.40234375,True
B_fd_count,fd_count,16,FD-Hash,1000000,3,4,0.1,16,1,uniform,100000,15,1,0.9333333333333333,15,67.76182530000005,0.7460968999985198,69.06544639999993,2129.587471008301,1483.40234375,True
B_fd_count,fd_count,16,BCNF-Index,1000000,3,0,0.1,16,1,uniform,100000,15,1,0.9333333333333333,1,2.263378699997702,6.312504000001354,9.142514099999971,165.77792358398438,674.921875,True
B_fd_count,fd_count,16,BCNF-Index,1000000,3,1,0.1,16,1,uniform,100000,15,1,0.9333333333333333,1,2.264963400000852,6.258930600000895,9.073118899999827,165.77804565429688,675.17578125,True
B_fd_count,fd_count,16,BCNF-Index,1000000,3,2,0.1,16,1,uniform,100000,15,1,0.9333333333333333,1,2.283718599999702,6.2319143999993685,9.074932499999704,165.77787017822266,678.48828125,True
B_fd_count,fd_count,16,BCNF-Index,1000000,3,3,0.1,16,1,uniform,100000,15,1,0.9333333333333333,1,2.2837469000005512,6.286060800000996,9.148207599999296,165.77742767333984,679.49609375,True
B_fd_count,fd_count,16,BCNF-Index,1000000,3,4,0.1,16,1,uniform,100000,15,1,0.9333333333333333,1,2.2428279999985534,6.29297779999979,9.106167500001902,165.77787017822266,681.50390625,True
B_fd_count,fd_count,16,FD-Hash,1000000,4,0,0.1,16,1,uniform,100000,15,1,0.9333333333333333,15,68.62796349999917,0.7451073000011093,69.9495926999989,2129.587745666504,1848.24609375,True
B_fd_count,fd_count,16,FD-Hash,1000000,4,1,0.1,16,1,uniform,100000,15,1,0.9333333333333333,15,67.9679935000022,0.7604868999987957,69.30788030000258,2129.587532043457,1848.24609375,True
B_fd_count,fd_count,16,FD-Hash,1000000,4,2,0.1,16,1,uniform,100000,15,1,0.9333333333333333,15,67.98486760000014,0.7699828000004345,69.31769540000096,2129.587532043457,1890.6875,True
B_fd_count,fd_count,16,FD-Hash,1000000,4,3,0.1,16,1,uniform,100000,15,1,0.9333333333333333,15,68.10525330000019,0.7763171000005968,69.45098819999839,2129.587471008301,1890.6875,True
B_fd_count,fd_count,16,FD-Hash,1000000,4,4,0.1,16,1,uniform,100000,15,1,0.9333333333333333,15,68.53175770000234,0.7464733000015258,69.86842429999888,2129.587471008301,1907.8828125,True
B_fd_count,fd_count,16,BCNF-Index,1000000,4,0,0.1,16,1,uniform,100000,15,1,0.9333333333333333,1,2.2334764000006544,6.188920000000508,8.990177100000437,165.77792358398438,1907.8828125,True
B_fd_count,fd_count,16,BCNF-Index,1000000,4,1,0.1,16,1,uniform,100000,15,1,0.9333333333333333,1,2.3019021000000066,6.151197499999398,9.025871100002405,165.77804565429688,965.15625,True
B_fd_count,fd_count,16,BCNF-Index,1000000,4,2,0.1,16,1,uniform,100000,15,1,0.9333333333333333,1,2.316309199999523,6.1976488000000245,9.089737499998591,165.77742767333984,965.15625,True
B_fd_count,fd_count,16,BCNF-Index,1000000,4,3,0.1,16,1,uniform,100000,15,1,0.9333333333333333,1,2.244526999998925,6.2527164000021,9.058395500000188,165.77787017822266,958.484375,True
B_fd_count,fd_count,16,BCNF-Index,1000000,4,4,0.1,16,1,uniform,100000,15,1,0.9333333333333333,1,2.3134348999992653,6.242924500002118,9.137048999997205,165.77742767333984,958.65625,True
B_fd_count,fd_count,16,FD-Hash,1000000,5,0,0.1,16,1,uniform,100000,15,1,0.9333333333333333,15,68.68239529999846,0.7387769999986631,70.01690880000024,2129.587745666504,1604.0546875,True
B_fd_count,fd_count,16,FD-Hash,1000000,5,1,0.1,16,1,uniform,100000,15,1,0.9333333333333333,15,68.27867089999927,0.7460979000024963,69.59962340000129,2129.587532043457,1604.0546875,True
B_fd_count,fd_count,16,FD-Hash,1000000,5,2,0.1,16,1,uniform,100000,15,1,0.9333333333333333,15,68.35336870000174,0.7804759999999078,69.73092299999917,2129.587532043457,1632.01953125,True
B_fd_count,fd_count,16,FD-Hash,1000000,5,3,0.1,16,1,uniform,100000,15,1,0.9333333333333333,15,68.3712291999982,0.7564165000003413,69.69789859999946,2129.587471008301,1632.01953125,True
B_fd_count,fd_count,16,FD-Hash,1000000,5,4,0.1,16,1,uniform,100000,15,1,0.9333333333333333,15,68.91915560000052,0.7700527999986662,70.25922480000008,2129.587471008301,1670.1484375,True
B_fd_count,fd_count,16,BCNF-Index,1000000,5,0,0.1,16,1,uniform,100000,15,1,0.9333333333333333,1,2.3035216000025684,6.4443973999987065,9.333913399997982,165.77792358398438,1723.10546875,True
B_fd_count,fd_count,16,BCNF-Index,1000000,5,1,0.1,16,1,uniform,100000,15,1,0.9333333333333333,1,2.4162143000030483,6.307334799999808,9.284188899997389,165.7774887084961,1723.10546875,True
B_fd_count,fd_count,16,BCNF-Index,1000000,5,2,0.1,16,1,uniform,100000,15,1,0.9333333333333333,1,2.318235700000514,6.238170500000706,9.109450399999332,165.77742767333984,1722.19140625,True
B_fd_count,fd_count,16,BCNF-Index,1000000,5,3,0.1,16,1,uniform,100000,15,1,0.9333333333333333,1,2.2669303999973636,6.292157199997746,9.121700200001214,165.77787017822266,1719.2578125,True
B_fd_count,fd_count,16,BCNF-Index,1000000,5,4,0.1,16,1,uniform,100000,15,1,0.9333333333333333,1,2.248636300002545,6.328658400001586,9.148335300000326,165.77742767333984,1719.28515625,True
C_key_width,key_width,1,FD-Hash,1000000,1,0,0.1,4,1,uniform,100000,4,1,0.75,4,18.39158160000079,0.773543500003143,19.72710509999888,629.1005630493164,1625.2421875,True
C_key_width,key_width,1,FD-Hash,1000000,1,1,0.1,4,1,uniform,100000,4,1,0.75,4,18.17431249999936,0.757665500001167,19.510321000001568,629.1001739501953,1107.234375,True
C_key_width,key_width,1,FD-Hash,1000000,1,2,0.1,4,1,uniform,100000,4,1,0.75,4,18.170637400002306,0.7793386000012106,19.538995499999146,629.1002349853516,1109.73046875,True
C_key_width,key_width,1,FD-Hash,1000000,1,3,0.1,4,1,uniform,100000,4,1,0.75,4,18.03635270000086,0.7792144999984885,19.38053089999812,629.1001739501953,1111.828125,True
C_key_width,key_width,1,FD-Hash,1000000,1,4,0.1,4,1,uniform,100000,4,1,0.75,4,18.300789700002497,0.7790991999972903,19.639645300001575,629.1002960205078,1113.85546875,True
C_key_width,key_width,1,BCNF-Index,1000000,1,0,0.1,4,1,uniform,100000,4,1,0.75,1,2.292436899999302,6.428903399999399,9.286015099998622,165.7777557373047,1168.72265625,True
C_key_width,key_width,1,BCNF-Index,1000000,1,1,0.1,4,1,uniform,100000,4,1,0.75,1,2.3100963000033516,6.356323600000906,9.230058799999824,165.7774887084961,1169.84375,True
C_key_width,key_width,1,BCNF-Index,1000000,1,2,0.1,4,1,uniform,100000,4,1,0.75,1,2.327115199997934,6.293220899999142,9.193378700001631,165.77770233154297,1171.91015625,True
C_key_width,key_width,1,BCNF-Index,1000000,1,3,0.1,4,1,uniform,100000,4,1,0.75,1,2.3105589999977383,6.220656700003019,9.09965100000045,165.77770233154297,1174.01171875,True
C_key_width,key_width,1,BCNF-Index,1000000,1,4,0.1,4,1,uniform,100000,4,1,0.75,1,2.287588900002447,6.344136599997,9.20504179999989,165.77742767333984,1174.0390625,True
C_key_width,key_width,1,FD-Hash,1000000,2,0,0.1,4,1,uniform,100000,4,1,0.75,4,18.399260199999844,0.7941281000021263,19.750226100000873,629.1005096435547,1490.04296875,True
C_key_width,key_width,1,FD-Hash,1000000,2,1,0.1,4,1,uniform,100000,4,1,0.75,4,18.071900700000697,0.7623611000017263,19.387453999999707,629.1001739501953,1488.6171875,True
C_key_width,key_width,1,FD-Hash,1000000,2,2,0.1,4,1,uniform,100000,4,1,0.75,4,18.180406699997548,0.7912242999991577,19.53543239999999,629.1002349853516,1486.8046875,True
C_key_width,key_width,1,FD-Hash,1000000,2,3,0.1,4,1,uniform,100000,4,1,0.75,4,17.92070690000037,0.7748436000001675,19.25594469999851,629.1001739501953,1488.23828125,True
C_key_width,key_width,1,FD-Hash,1000000,2,4,0.1,4,1,uniform,100000,4,1,0.75,4,17.984810000001744,0.7595933999982662,19.318778000000748,629.1002960205078,1488.36328125,True
C_key_width,key_width,1,BCNF-Index,1000000,2,0,0.1,4,1,uniform,100000,4,1,0.75,1,2.2332858000008855,6.320721500000218,9.136209799999051,165.7777557373047,1493.4375,True
C_key_width,key_width,1,BCNF-Index,1000000,2,1,0.1,4,1,uniform,100000,4,1,0.75,1,2.2524049999992712,6.2459894999992684,9.06275999999707,165.7778778076172,1493.64453125,True
C_key_width,key_width,1,BCNF-Index,1000000,2,2,0.1,4,1,uniform,100000,4,1,0.75,1,2.253385399999388,6.246760100002575,9.055619599999773,165.77770233154297,1493.76953125,True
C_key_width,key_width,1,BCNF-Index,1000000,2,3,0.1,4,1,uniform,100000,4,1,0.75,1,2.350699999999051,6.289865700000519,9.198353399999178,165.77742767333984,1493.83984375,True
C_key_width,key_width,1,BCNF-Index,1000000,2,4,0.1,4,1,uniform,100000,4,1,0.75,1,2.3175864000004367,6.3183180000014545,9.20213490000242,165.77770233154297,1493.83984375,True
C_key_width,key_width,1,FD-Hash,1000000,3,0,0.1,4,1,uniform,100000,4,1,0.75,4,18.533891200000653,0.8023032000019157,19.9158580000003,629.1005096435547,1128.9921875,True
C_key_width,key_width,1,FD-Hash,1000000,3,1,0.1,4,1,uniform,100000,4,1,0.75,4,18.21888890000264,0.7712533000012627,19.548457699998835,629.1001739501953,1131.05078125,True
C_key_width,key_width,1,FD-Hash,1000000,3,2,0.1,4,1,uniform,100000,4,1,0.75,4,18.19455520000338,0.7792279999994207,19.567768000000797,629.1002349853516,1131.05078125,True
C_key_width,key_width,1,FD-Hash,1000000,3,3,0.1,4,1,uniform,100000,4,1,0.75,4,18.46205889999692,0.7983062000021164,19.834024699997826,629.1001739501953,1131.35546875,True
C_key_width,key_width,1,FD-Hash,1000000,3,4,0.1,4,1,uniform,100000,4,1,0.75,4,17.952148299998953,0.7669673999989755,19.2930766999998,629.1002960205078,1133.75,True
C_key_width,key_width,1,BCNF-Index,1000000,3,0,0.1,4,1,uniform,100000,4,1,0.75,1,2.272546299998794,6.206784899997729,9.043961700001091,165.7777557373047,1187.6640625,True
C_key_width,key_width,1,BCNF-Index,1000000,3,1,0.1,4,1,uniform,100000,4,1,0.75,1,2.2335247000009986,6.324392800001078,9.122403699999268,165.7778778076172,1189.7890625,True
C_key_width,key_width,1,BCNF-Index,1000000,3,2,0.1,4,1,uniform,100000,4,1,0.75,1,2.2575901999989583,6.324074100000871,9.158335800002533,165.77742767333984,1189.91796875,True
C_key_width,key_width,1,BCNF-Index,1000000,3,3,0.1,4,1,uniform,100000,4,1,0.75,1,2.284579900002427,6.218595999998797,9.06316859999788,165.77770233154297,1192.1015625,True
C_key_width,key_width,1,BCNF-Index,1000000,3,4,0.1,4,1,uniform,100000,4,1,0.75,1,2.3474383000029775,6.21296699999948,9.120031400001608,165.77742767333984,1195.1953125,True
C_key_width,key_width,1,FD-Hash,1000000,4,0,0.1,4,1,uniform,100000,4,1,0.75,4,18.385661399999663,0.7809511000014027,19.726515800000925,629.1005096435547,1494.16015625,True
C_key_width,key_width,1,FD-Hash,1000000,4,1,0.1,4,1,uniform,100000,4,1,0.75,4,18.319607800000085,0.8166698999993969,19.710005799999635,629.1001739501953,1493.75,True
C_key_width,key_width,1,FD-Hash,1000000,4,2,0.1,4,1,uniform,100000,4,1,0.75,4,18.334903200000554,0.7750699000025634,19.67210840000189,629.1002349853516,1494.78125,True
C_key_width,key_width,1,FD-Hash,1000000,4,3,0.1,4,1,uniform,100000,4,1,0.75,4,18.528121100000135,0.8195587000009255,19.920046700000967,629.1001739501953,1494.78125,True
C_key_width,key_width,1,FD-Hash,1000000,4,4,0.1,4,1,uniform,100000,4,1,0.75,4,18.659606000001077,0.7886094999994384,20.025993299997936,629.1002960205078,1491.71484375,True
C_key_width,key_width,1,BCNF-Index,1000000,4,0,0.1,4,1,uniform,100000,4,1,0.75,1,2.3643398999993224,6.238655799999833,9.175694599998678,165.7777557373047,1496.82421875,True
C_key_width,key_width,1,BCNF-Index,1000000,4,1,0.1,4,1,uniform,100000,4,1,0.75,1,2.377449700001307,6.243454200000997,9.178781699996762,165.7774887084961,1497.0703125,True
C_key_width,key_width,1,BCNF-Index,1000000,4,2,0.1,4,1,uniform,100000,4,1,0.75,1,2.2833826999994926,6.369845799999894,9.224458099997719,165.77770233154297,1497.1875,True
C_key_width,key_width,1,BCNF-Index,1000000,4,3,0.1,4,1,uniform,100000,4,1,0.75,1,2.3154512000000977,6.43005980000089,9.333693099997618,165.77770233154297,1497.296875,True
C_key_width,key_width,1,BCNF-Index,1000000,4,4,0.1,4,1,uniform,100000,4,1,0.75,1,2.2916371999999683,6.339699700001802,9.192381799999566,165.77742767333984,1497.296875,True
C_key_width,key_width,1,FD-Hash,1000000,5,0,0.1,4,1,uniform,100000,4,1,0.75,4,18.256303999998636,0.7701825000003737,19.607426000002306,629.1005096435547,1142.90625,True
C_key_width,key_width,1,FD-Hash,1000000,5,1,0.1,4,1,uniform,100000,4,1,0.75,4,18.2775679999977,0.8027861999980814,19.644746400001168,629.1001739501953,1144.8828125,True
C_key_width,key_width,1,FD-Hash,1000000,5,2,0.1,4,1,uniform,100000,4,1,0.75,4,18.109721199998603,0.7744901000005484,19.453218800001196,629.1002960205078,1147.91796875,True
C_key_width,key_width,1,FD-Hash,1000000,5,3,0.1,4,1,uniform,100000,4,1,0.75,4,18.19160700000066,0.7660499999983585,19.532344700000976,629.1001739501953,1149.953125,True
C_key_width,key_width,1,FD-Hash,1000000,5,4,0.1,4,1,uniform,100000,4,1,0.75,4,18.256018399999448,0.784210300000268,19.59403360000215,629.1002960205078,1149.953125,True
C_key_width,key_width,1,BCNF-Index,1000000,5,0,0.1,4,1,uniform,100000,4,1,0.75,1,2.278473700000177,6.344118899996829,9.179299399998854,165.7777557373047,692.83203125,True
C_key_width,key_width,1,BCNF-Index,1000000,5,1,0.1,4,1,uniform,100000,4,1,0.75,1,2.34620829999767,6.233697200001188,9.151337899998907,165.7778778076172,694.265625,True
C_key_width,key_width,1,BCNF-Index,1000000,5,2,0.1,4,1,uniform,100000,4,1,0.75,1,2.301982199998747,6.280663600002299,9.129339499999332,165.77770233154297,694.5390625,True
C_key_width,key_width,1,BCNF-Index,1000000,5,3,0.1,4,1,uniform,100000,4,1,0.75,1,2.2794421999969927,6.314603999999235,9.15459330000158,165.77742767333984,695.81640625,True
C_key_width,key_width,1,BCNF-Index,1000000,5,4,0.1,4,1,uniform,100000,4,1,0.75,1,2.2663285000016913,6.332361100001435,9.159621000002517,165.77770233154297,695.8203125,True
C_key_width,key_width,2,FD-Hash,1000000,1,0,0.1,4,2,uniform,100000,4,1,0.75,4,18.49156629999925,0.7695845999987796,19.854704299999867,651.9886932373047,1116.41796875,True
C_key_width,key_width,2,FD-Hash,1000000,1,1,0.1,4,2,uniform,100000,4,1,0.75,4,18.380604199999652,0.7879304999987653,19.737148599997454,651.9884796142578,1120.06640625,True
C_key_width,key_width,2,FD-Hash,1000000,1,2,0.1,4,2,uniform,100000,4,1,0.75,4,18.42332769999848,0.7774721000023419,19.783546299997397,651.9884185791016,1121.1171875,True
C_key_width,key_width,2,FD-Hash,1000000,1,3,0.1,4,2,uniform,100000,4,1,0.75,4,18.18931800000064,0.7739151999994647,19.543128799999977,651.9883575439453,1122.12890625,True
C_key_width,key_width,2,FD-Hash,1000000,1,4,0.1,4,2,uniform,100000,4,1,0.75,4,18.523878500000137,0.7728121000000101,19.86539679999987,651.9884796142578,1122.15234375,True
C_key_width,key_width,2,BCNF-Index,1000000,1,0,0.1,4,2,uniform,100000,4,1,0.75,1,2.371351000001596,5.8793243000000075,8.83009630000015,173.4071502685547,1175.8828125,True
C_key_width,key_width,2,BCNF-Index,1000000,1,1,0.1,4,2,uniform,100000,4,1,0.75,1,2.41348950000247,5.744996699999319,8.725767100000667,173.4068832397461,1175.8828125,True
C_key_width,key_width,2,BCNF-Index,1000000,1,2,0.1,4,2,uniform,100000,4,1,0.75,1,2.4184437000003527,5.657162799998332,8.635433700001158,173.40709686279297,672.52734375,True
C_key_width,key_width,2,BCNF-Index,1000000,1,3,0.1,4,2,uniform,100000,4,1,0.75,1,2.417007599997305,5.720925399997213,8.71133539999937,173.40709686279297,675.96484375,True
C_key_width,key_width,2,BCNF-Index,1000000,1,4,0.1,4,2,uniform,100000,4,1,0.75,1,2.347441300000355,5.7996730000013486,8.747326499997143,173.40682220458984,677.38671875,True
C_key_width,key_width,2,FD-Hash,1000000,2,0,0.1,4,2,uniform,100000,4,1,0.75,4,18.48797050000212,0.758012599999347,19.83006000000023,651.9886932373047,1524.8359375,True
C_key_width,key_width,2,FD-Hash,1000000,2,1,0.1,4,2,uniform,100000,4,1,0.75,4,18.36132329999964,0.7638893999974243,19.704845399999613,651.9884796142578,1526.0078125,True
C_key_width,key_width,2,FD-Hash,1000000,2,2,0.1,4,2,uniform,100000,4,1,0.75,4,18.55148249999911,0.8014298000016424,19.9286503000003,651.9884185791016,1527.0390625,True
C_key_width,key_width,2,FD-Hash,1000000,2,3,0.1,4,2,uniform,100000,4,1,0.75,4,18.374044699998194,0.7628927000005206,19.718396700001904,651.9883575439453,1528.07421875,True
C_key_width,key_width,2,FD-Hash,1000000,2,4,0.1,4,2,uniform,100000,4,1,0.75,4,18.45039099999849,0.7664120000008552,19.790928799997346,651.9884796142578,1529.07421875,True
C_key_width,key_width,2,BCNF-Index,1000000,2,0,0.1,4,2,uniform,100000,4,1,0.75,1,2.368669300001784,5.82154459999947,8.748097200001212,173.4071502685547,1533.72265625,True
C_key_width,key_width,2,BCNF-Index,1000000,2,1,0.1,4,2,uniform,100000,4,1,0.75,1,2.3269059999984165,5.758782000000792,8.650198800001817,173.4072723388672,1533.80859375,True
C_key_width,key_width,2,BCNF-Index,1000000,2,2,0.1,4,2,uniform,100000,4,1,0.75,1,2.4470915000019886,5.626961800000572,8.635536199999478,173.40682220458984,1533.84375,True
C_key_width,key_width,2,BCNF-Index,1000000,2,3,0.1,4,2,uniform,100000,4,1,0.75,1,2.3875408000021707,5.692561299998488,8.672022400001879,173.40709686279297,1533.8828125,True
C_key_width,key_width,2,BCNF-Index,1000000,2,4,0.1,4,2,uniform,100000,4,1,0.75,1,2.3080509999999776,5.720280100002128,8.631175700000313,173.40709686279297,1533.8828125,True
C_key_width,key_width,2,FD-Hash,1000000,3,0,0.1,4,2,uniform,100000,4,1,0.75,4,18.267347599998175,0.7726244999976188,19.61870380000255,651.9886932373047,1133.04296875,True
C_key_width,key_width,2,FD-Hash,1000000,3,1,0.1,4,2,uniform,100000,4,1,0.75,4,18.391976399998384,0.7649547000000894,19.735404399998515,651.9884796142578,1132.95703125,True
C_key_width,key_width,2,FD-Hash,1000000,3,2,0.1,4,2,uniform,100000,4,1,0.75,4,18.23552600000039,0.805650099999184,19.66170250000141,651.9884185791016,1134.24609375,True
C_key_width,key_width,2,FD-Hash,1000000,3,3,0.1,4,2,uniform,100000,4,1,0.75,4,18.42757039999924,0.7876722000000882,19.783386500002962,651.9883575439453,1135.28515625,True
C_key_width,key_width,2,FD-Hash,1000000,3,4,0.1,4,2,uniform,100000,4,1,0.75,4,18.50005460000102,0.7651694000014686,19.837441400002717,651.9884796142578,1135.296875,True
C_key_width,key_width,2,BCNF-Index,1000000,3,0,0.1,4,2,uniform,100000,4,1,0.75,1,2.3408531000022776,5.812339100000827,8.75479500000074,173.4071502685547,1190.109375,True
C_key_width,key_width,2,BCNF-Index,1000000,3,1,0.1,4,2,uniform,100000,4,1,0.75,1,2.3681956000000355,5.7643314999986615,8.720326099999511,173.4072723388672,1193.65625,True
C_key_width,key_width,2,BCNF-Index,1000000,3,2,0.1,4,2,uniform,100000,4,1,0.75,1,2.4116720000019995,5.762107300000935,8.736121999998431,173.40709686279297,1197.7265625,True
C_key_width,key_width,2,BCNF-Index,1000000,3,3,0.1,4,2,uniform,100000,4,1,0.75,1,2.4189705999997386,5.766125699999975,8.742879000001267,173.40682220458984,1200.75390625,True
C_key_width,key_width,2,BCNF-Index,1000000,3,4,0.1,4,2,uniform,100000,4,1,0.75,1,2.3718447999999626,5.811950800001796,8.742578200002754,173.40709686279297,1204.78125,True
C_key_width,key_width,2,FD-Hash,1000000,4,0,0.1,4,2,uniform,100000,4,1,0.75,4,18.379625500001566,0.760487399998965,19.720886999999493,651.9886932373047,1534.1875,True
C_key_width,key_width,2,FD-Hash,1000000,4,1,0.1,4,2,uniform,100000,4,1,0.75,4,18.365020400000503,0.7584628000004159,19.68662679999761,651.9884796142578,1532.14453125,True
C_key_width,key_width,2,FD-Hash,1000000,4,2,0.1,4,2,uniform,100000,4,1,0.75,4,18.191217899999174,0.771894000001339,19.520468700000492,651.9884185791016,1530.6484375,True
C_key_width,key_width,2,FD-Hash,1000000,4,3,0.1,4,2,uniform,100000,4,1,0.75,4,18.0341520999973,0.7670763999994961,19.36985199999981,651.9883575439453,1531.91015625,True
C_key_width,key_width,2,FD-Hash,1000000,4,4,0.1,4,2,uniform,100000,4,1,0.75,4,18.266297099999065,0.7568782999987889,19.59929429999829,651.9884796142578,1532.953125,True
C_key_width,key_width,2,BCNF-Index,1000000,4,0,0.1,4,2,uniform,100000,4,1,0.75,1,2.3118580999980622,5.713979699998163,8.60036019999825,173.4071502685547,1538.484375,True
C_key_width,key_width,2,BCNF-Index,1000000,4,1,0.1,4,2,uniform,100000,4,1,0.75,1,2.3779252000022097,5.621755799998937,8.564661000000342,173.4068832397461,1538.59765625,True
C_key_width,key_width,2,BCNF-Index,1000000,4,2,0.1,4,2,uniform,100000,4,1,0.75,1,2.34905770000114,5.610191800002212,8.53162489999886,173.40709686279297,1538.7734375,True
C_key_width,key_width,2,BCNF-Index,1000000,4,3,0.1,4,2,uniform,100000,4,1,0.75,1,2.3959319999994477,5.777608699998382,8.74677950000114,173.40709686279297,1538.875,True
C_key_width,key_width,2,BCNF-Index,1000000,4,4,0.1,4,2,uniform,100000,4,1,0.75,1,2.338702799999737,5.800070599998435,8.736917900001572,173.40682220458984,1538.8984375,True
C_key_width,key_width,2,FD-Hash,1000000,5,0,0.1,4,2,uniform,100000,4,1,0.75,4,18.373753400002897,0.7738093999978446,19.746306500001083,651.9886932373047,1148.609375,True
C_key_width,key_width,2,FD-Hash,1000000,5,1,0.1,4,2,uniform,100000,4,1,0.75,4,18.642124999998487,0.815021100002923,20.029766800002108,651.9884796142578,1152.609375,True
C_key_width,key_width,2,FD-Hash,1000000,5,2,0.1,4,2,uniform,100000,4,1,0.75,4,18.273076099998434,0.8012662000001001,19.650918999999703,651.9884185791016,1152.609375,True
C_key_width,key_width,2,FD-Hash,1000000,5,3,0.1,4,2,uniform,100000,4,1,0.75,4,18.37159949999841,0.7764242999983253,19.73125589999836,651.9883575439453,1151.05859375,True
C_key_width,key_width,2,FD-Hash,1000000,5,4,0.1,4,2,uniform,100000,4,1,0.75,4,18.55808099999922,0.7826892000011867,19.927523599999404,651.9884796142578,1151.3359375,True
C_key_width,key_width,2,BCNF-Index,1000000,5,0,0.1,4,2,uniform,100000,4,1,0.75,1,2.358444400000735,5.818566900001315,8.740687500001513,173.4071502685547,1206.13671875,True
C_key_width,key_width,2,BCNF-Index,1000000,5,1,0.1,4,2,uniform,100000,4,1,0.75,1,2.321601700001338,5.687098599999445,8.58495849999963,173.4072723388672,1209.66796875,True
C_key_width,key_width,2,BCNF-Index,1000000,5,2,0.1,4,2,uniform,100000,4,1,0.75,1,2.412918500001979,5.630148600001121,8.62876430000324,173.40682220458984,1209.87109375,True
C_key_width,key_width,2,BCNF-Index,1000000,5,3,0.1,4,2,uniform,100000,4,1,0.75,1,2.348160100002133,5.773103499999706,8.72816800000146,173.40709686279297,1212.99609375,True
C_key_width,key_width,2,BCNF-Index,1000000,5,4,0.1,4,2,uniform,100000,4,1,0.75,1,2.32042200000069,5.76706440000271,8.65517429999818,173.40709686279297,1214.9921875,True
C_key_width,key_width,4,FD-Hash,1000000,1,0,0.1,4,4,uniform,100000,4,1,0.75,4,19.141820000000735,0.7829579999997804,20.51452750000317,697.7651138305664,1128.41796875,True
C_key_width,key_width,4,FD-Hash,1000000,1,1,0.1,4,4,uniform,100000,4,1,0.75,4,18.925437500001863,0.775920899999619,20.291509499998938,697.7648468017578,1129.4296875,True
C_key_width,key_width,4,FD-Hash,1000000,1,2,0.1,4,4,uniform,100000,4,1,0.75,4,18.875969000000623,0.793589000000793,20.256737700001395,697.7647857666016,1130.4296875,True
C_key_width,key_width,4,FD-Hash,1000000,1,3,0.1,4,4,uniform,100000,4,1,0.75,4,18.832807999999204,0.7803753000007418,20.19091330000083,697.7647247314453,1130.4296875,True
C_key_width,key_width,4,FD-Hash,1000000,1,4,0.1,4,4,uniform,100000,4,1,0.75,4,19.28273310000077,0.7744673000015609,20.664119500001107,697.7648468017578,1126.796875,True
C_key_width,key_width,4,BCNF-Index,1000000,1,0,0.1,4,4,uniform,100000,4,1,0.75,1,2.5920493000012357,4.716592400000081,7.890236399998685,188.66580200195312,1182.38671875,True
C_key_width,key_width,4,BCNF-Index,1000000,1,1,0.1,4,4,uniform,100000,4,1,0.75,1,2.6065457000004244,4.741203300000052,7.937507200000255,188.6656723022461,1183.1796875,True
C_key_width,key_width,4,BCNF-Index,1000000,1,2,0.1,4,4,uniform,100000,4,1,0.75,1,2.5872022999974433,4.58169899999848,7.754231200000504,188.6657485961914,1185.40625,True
C_key_width,key_width,4,BCNF-Index,1000000,1,3,0.1,4,4,uniform,100000,4,1,0.75,1,2.547681100000773,4.706836200002726,7.8423341999987315,188.6657485961914,1187.50390625,True
C_key_width,key_width,4,BCNF-Index,1000000,1,4,0.1,4,4,uniform,100000,4,1,0.75,1,2.493106000001717,4.669982999999775,7.76282540000102,188.66561126708984,1189.5625,True
C_key_width,key_width,4,FD-Hash,1000000,2,0,0.1,4,4,uniform,100000,4,1,0.75,4,19.423792100002174,0.7743481999968935,20.808312400000432,697.7651138305664,1568.2578125,True
C_key_width,key_width,4,FD-Hash,1000000,2,1,0.1,4,4,uniform,100000,4,1,0.75,4,18.68649430000005,0.776212900000246,20.060799599999882,697.7647247314453,1567.48046875,True
C_key_width,key_width,4,FD-Hash,1000000,2,2,0.1,4,4,uniform,100000,4,1,0.75,4,18.965623799998866,0.7808108999997785,20.337514499999088,697.7647857666016,1567.48046875,True
C_key_width,key_width,4,FD-Hash,1000000,2,3,0.1,4,4,uniform,100000,4,1,0.75,4,18.695668000000296,0.7588324999996985,20.060346000002028,697.7647247314453,1567.48046875,True
C_key_width,key_width,4,FD-Hash,1000000,2,4,0.1,4,4,uniform,100000,4,1,0.75,4,18.904969100000017,0.768851499997254,20.286768999998458,697.7648468017578,1567.48046875,True
C_key_width,key_width,4,BCNF-Index,1000000,2,0,0.1,4,4,uniform,100000,4,1,0.75,1,2.5281251999986125,4.712189500001841,7.824753299999429,188.66580200195312,1061.84765625,True
C_key_width,key_width,4,BCNF-Index,1000000,2,1,0.1,4,4,uniform,100000,4,1,0.75,1,2.512657400002354,4.606600899998739,7.706987900000968,188.66592407226562,1062.203125,True
C_key_width,key_width,4,BCNF-Index,1000000,2,2,0.1,4,4,uniform,100000,4,1,0.75,1,2.5425027000019327,4.638945999999123,7.776540300001216,188.6657485961914,1062.59375,True
C_key_width,key_width,4,BCNF-Index,1000000,2,3,0.1,4,4,uniform,100000,4,1,0.75,1,2.5059908000002906,4.6905356999996,7.780148400001053,188.66561126708984,1062.69140625,True
C_key_width,key_width,4,BCNF-Index,1000000,2,4,0.1,4,4,uniform,100000,4,1,0.75,1,2.524690099999134,4.590197400000761,7.741333500001929,188.6657485961914,1062.75,True
C_key_width,key_width,4,FD-Hash,1000000,3,0,0.1,4,4,uniform,100000,4,1,0.75,4,19.518472299998393,0.8192531999993662,20.920651800002815,697.7651138305664,1138.36328125,True
C_key_width,key_width,4,FD-Hash,1000000,3,1,0.1,4,4,uniform,100000,4,1,0.75,4,18.851541799998813,0.7872558999988541,20.217297600000165,697.7648468017578,1139.55078125,True
C_key_width,key_width,4,FD-Hash,1000000,3,2,0.1,4,4,uniform,100000,4,1,0.75,4,18.864954199998465,0.7751252999987628,20.21550919999936,697.7647857666016,1139.59375,True
C_key_width,key_width,4,FD-Hash,1000000,3,3,0.1,4,4,uniform,100000,4,1,0.75,4,19.01033429999734,0.7882745999995677,20.40280999999959,697.7647247314453,1140.59375,True
C_key_width,key_width,4,FD-Hash,1000000,3,4,0.1,4,4,uniform,100000,4,1,0.75,4,18.992351599998074,0.7727881000027992,20.382222000000183,697.7648468017578,1140.59375,True
C_key_width,key_width,4,BCNF-Index,1000000,3,0,0.1,4,4,uniform,100000,4,1,0.75,1,2.4806446000002325,4.642898000001878,7.720063200002187,188.66580200195312,1194.0234375,True
C_key_width,key_width,4,BCNF-Index,1000000,3,1,0.1,4,4,uniform,100000,4,1,0.75,1,2.583305299998756,4.555980199998885,7.736284999999043,188.6656723022461,1195.7109375,True
C_key_width,key_width,4,BCNF-Index,1000000,3,2,0.1,4,4,uniform,100000,4,1,0.75,1,2.5558036000002176,4.676071600002615,7.862987399999838,188.6657485961914,1195.7109375,True
C_key_width,key_width,4,BCNF-Index,1000000,3,3,0.1,4,4,uniform,100000,4,1,0.75,1,2.560534899999766,4.697017799997411,7.8711710999996285,188.6657485961914,690.5625,True
C_key_width,key_width,4,BCNF-Index,1000000,3,4,0.1,4,4,uniform,100000,4,1,0.75,1,2.5936337000021012,4.5816164999996545,7.759940299998561,188.66561126708984,693.0703125,True
C_key_width,key_width,4,FD-Hash,1000000,4,0,0.1,4,4,uniform,100000,4,1,0.75,4,19.372840299998643,0.8160084999981336,20.761365400001523,697.7651138305664,1567.02734375,True
C_key_width,key_width,4,FD-Hash,1000000,4,1,0.1,4,4,uniform,100000,4,1,0.75,4,18.76306040000054,0.7814872999988438,20.15192670000033,697.7647247314453,1567.02734375,True
C_key_width,key_width,4,FD-Hash,1000000,4,2,0.1,4,4,uniform,100000,4,1,0.75,4,19.125849399999424,0.7668297999989591,20.49286619999839,697.7647857666016,1564.88671875,True
C_key_width,key_width,4,FD-Hash,1000000,4,3,0.1,4,4,uniform,100000,4,1,0.75,4,18.990836999997555,0.7760310000012396,20.367928700001357,697.7647247314453,1565.21875,True
C_key_width,key_width,4,FD-Hash,1000000,4,4,0.1,4,4,uniform,100000,4,1,0.75,4,19.110491399998864,0.7979646999992838,20.49421860000075,697.7648468017578,1565.28515625,True
C_key_width,key_width,4,BCNF-Index,1000000,4,0,0.1,4,4,uniform,100000,4,1,0.75,1,2.465501000002405,4.589174199998524,7.636296500000753,188.66580200195312,1569.5390625,True
C_key_width,key_width,4,BCNF-Index,1000000,4,1,0.1,4,4,uniform,100000,4,1,0.75,1,2.5724279999994906,4.572164599998359,7.739896700000827,188.66592407226562,1569.73046875,True
C_key_width,key_width,4,BCNF-Index,1000000,4,2,0.1,4,4,uniform,100000,4,1,0.75,1,2.5875833999998576,4.667071699997905,7.828744900001766,188.66561126708984,1569.8203125,True
C_key_width,key_width,4,BCNF-Index,1000000,4,3,0.1,4,4,uniform,100000,4,1,0.75,1,2.4732345000011264,4.595911000000342,7.679390799999965,188.6657485961914,1569.94921875,True
C_key_width,key_width,4,BCNF-Index,1000000,4,4,0.1,4,4,uniform,100000,4,1,0.75,1,2.538836400002765,4.588288799997827,7.715852999997878,188.6657485961914,1570.00390625,True
C_key_width,key_width,4,FD-Hash,1000000,5,0,0.1,4,4,uniform,100000,4,1,0.75,4,19.085858400001598,0.782747000001109,20.47805139999764,697.7651138305664,1146.53515625,True
C_key_width,key_width,4,FD-Hash,1000000,5,1,0.1,4,4,uniform,100000,4,1,0.75,4,18.92162129999997,0.7560362999975041,20.26607259999946,697.7648468017578,1142.33984375,True
C_key_width,key_width,4,FD-Hash,1000000,5,2,0.1,4,4,uniform,100000,4,1,0.75,4,18.974874100000306,0.7578765999969619,20.326228199999605,697.7647857666016,1142.80078125,True
C_key_width,key_width,4,FD-Hash,1000000,5,3,0.1,4,4,uniform,100000,4,1,0.75,4,18.676192599999922,0.7939459000008355,20.077564499999426,697.7647247314453,1143.85546875,True
C_key_width,key_width,4,FD-Hash,1000000,5,4,0.1,4,4,uniform,100000,4,1,0.75,4,18.920240399998875,0.807811099999526,20.32259039999917,697.7648468017578,1143.85546875,True
C_key_width,key_width,4,BCNF-Index,1000000,5,0,0.1,4,4,uniform,100000,4,1,0.75,1,2.609652899998764,4.615882600002806,7.816260299998248,188.66580200195312,1198.2578125,True
C_key_width,key_width,4,BCNF-Index,1000000,5,1,0.1,4,4,uniform,100000,4,1,0.75,1,2.60998500000278,4.684018800002377,7.88411780000024,188.6656723022461,1200.08203125,True
C_key_width,key_width,4,BCNF-Index,1000000,5,2,0.1,4,4,uniform,100000,4,1,0.75,1,2.5060511999981827,4.6604240000015125,7.769114499998977,188.6657485961914,1203.2421875,True
C_key_width,key_width,4,BCNF-Index,1000000,5,3,0.1,4,4,uniform,100000,4,1,0.75,1,2.5601960999993025,4.596359600000142,7.749329800000851,188.6657485961914,1206.3046875,True
C_key_width,key_width,4,BCNF-Index,1000000,5,4,0.1,4,4,uniform,100000,4,1,0.75,1,2.5699479000031715,4.6787215000003926,7.850248800001282,188.66561126708984,1209.3203125,True
